<COLLADA xmlns="http://www.collada.org/2005/11/COLLADASchema" version="1.4.1">
  <asset>
    <contributor/>
    <created>2025-12-20T13:03:04.209365</created>
    <modified>2025-12-20T13:03:04.209365</modified>
    <unit name="meter" meter="1.0"/>
    <up_axis>Z_UP</up_axis>
  </asset>
  <library_effects>
    <effect id="effect_Body003" name="effect_Body003">
      <profile_COMMON>
        <technique sid="common">
          <phong>
            <emission>
              <color>0.0 0.0 0.0 1.0</color>
            </emission>
            <ambient>
              <color>0.0 0.0 0.0 1.0</color>
            </ambient>
            <diffuse>
              <color>0.4470588266849518 0.4745098054409027 0.501960813999176 1.0</color>
            </diffuse>
            <specular>
              <color>1 1 1 1.0</color>
            </specular>
            <shininess>
              <float>0.0</float>
            </shininess>
            <reflective>
              <color>0.0 0.0 0.0 1.0</color>
            </reflective>
            <reflectivity>
              <float>0.0</float>
            </reflectivity>
            <transparent>
              <color>0.0 0.0 0.0 1.0</color>
            </transparent>
            <transparency>
              <float>1.0</float>
            </transparency>
          </phong>
        </technique>
        <extra>
          <technique profile="GOOGLEEARTH">
            <double_sided>0</double_sided>
          </technique>
        </extra>
      </profile_COMMON>
    </effect>
  </library_effects>
  <library_geometries>
    <geometry id="geometry0" name="Body003">
      <mesh>
        <source id="cubeverts-array0">
          <float_array count="4980" id="cubeverts-array0-array">-0.0006647783 0.009196299 0.0418 -0.0005195361 0.009209634 0.04113334 -0.000550947 0.009205755 0.0418 -0.0004289683 0.009223507 0.0418 -0.0003266242 0.009243565 0.04113334 -0.0002617763 0.009258476 0.0418 -8.717241e-05 0.009306379 0.0418 -0.0006647783 0.009196299 0.0398 -0.0005195361 0.009209634 0.04046667 -0.000550947 0.009205755 0.0398 -0.0004289683 0.009223507 0.0398 -0.0003266242 0.009243565 0.04046667 -8.717241e-05 0.009306379 0.0398 -0.0002617763 0.009258476 0.0398 -0.0008003848 0.008512405 0.0398 -0.0008643916 0.008581263 0.0398 -0.0008003848 0.008512405 0.0418 -0.0008643916 0.008581263 0.0418 -0.000910511 0.008663183 0.0398 -0.000910511 0.008663183 0.0418 -0.0009361826 0.008753621 0.0398 -0.0009361826 0.008753621 0.0418 -0.0009399813 0.008847556 0.0398 -0.0009399813 0.008847556 0.0418 -0.0009216962 0.008939772 0.0418 -0.0009216962 0.008939772 0.0398 -0.0008823424 0.009025149 0.0398 -0.0008823424 0.009025149 0.0418 -0.0008241046 0.009098949 0.0398 -0.0008241046 0.009098949 0.0418 -0.0007502159 0.009157075 0.0398 -0.0007502159 0.009157075 0.0418 0.0003534582 0.009473988 0.04113334 0.0001006721 0.009370114 0.0418 0.0002844583 0.009443611 0.0418 0.0004741585 0.009530737 0.0418 0.0006598219 0.009626953 0.0418 0.0008709952 0.009749516 0.04113334 0.000854413 0.009739385 0.0418 0.001059833 0.009871008 0.0418 0.001252515 0.01000668 0.0418 0.001451017 0.01015903 0.0418 0.0003534582 0.009473988 0.04046667 0.0001006721 0.009370114 0.0398 0.0002844583 0.009443611 0.0398 0.0004741585 0.009530737 0.0398 0.0006598219 0.009626953 0.0398 0.0008709952 0.009749516 0.04046667 0.001451017 0.01015903 0.0398 0.000854413 0.009739385 0.0398 0.001059833 0.009871008 0.0398 0.001252515 0.01000668 0.0398 -0.01478256 0.003716805 0.0398 -0.01474992 0.003964891 0.0398 -0.01471601 0.003649904 0.0398 -0.01464879 0.003583672 0.0398 -0.01431 0.003554181 0.0398 -0.01458092 0.003518113 0.0398 -0.01470961 0.004197074 0.0398 -0.01405806 0.003599434 0.0398 -0.01465743 0.004435399 0.0398 -0.01382471 0.003652481 0.0398 -0.01174699 0.001622347 0.0398 -0.01181177 0.001864038 0.0398 -0.0116599 0.001586007 0.0398 -0.01157246 0.001550538 0.0398 -0.01459933 0.004652497 0.0398 -0.01671291 0.006639305 0.0398 -0.01641119 0.006482408 0.0398 -0.01667529 0.006552763 0.0398 -0.0136096 0.003711927 0.0398 -0.01453609 0.004851817 0.0398 -0.01341233 0.003776379 0.0398 -0.01666046 0.007030206 0.0398 -0.01678555 0.006813495 0.0398 -0.01674967 0.006726219 0.0398 -0.01186339 0.002093974 0.0398 -0.01124817 0.001652943 0.0398 -0.01148466 0.001515945 0.0398 -0.01446356 0.005047562 0.0398 -0.01321891 0.003850002 0.0398 -0.01653436 0.00722929 0.0398 -0.01616111 0.006427802 0.0398 -0.01190638 0.002334127 0.0398 -0.01103272 0.001791167 0.0398 -0.01438557 0.005229488 0.0398 -0.01304613 0.003925744 0.0398 -0.01639495 0.007429504 0.0398 -0.01592523 0.006387514 0.0398 -0.01193578 0.002556932 0.0398 -0.01083744 0.001929472 0.0398 -0.01429781 0.005407382 0.0398 -0.01289262 0.00400219 0.0398 -0.0162582 0.007607844 0.0398 -0.01570374 0.006360114 0.0398 -0.0127353 0.004091768 0.0398 -0.01420822 0.005564718 0.0398 -0.01195363 0.002765283 0.0398 -0.01066144 0.002066715 0.0398 -0.01259238 0.004185242 0.0398 -0.01411472 0.005707668 0.0398 -0.01612349 0.007767787 0.0398 -0.01549683 0.00634417 0.0398 -0.01050386 0.00220175 0.0398 -0.01196152 0.002973884 0.0398 -0.01249366 0.004258869 0.0398 -0.01404102 0.005806472 0.0398 -0.0124067 0.004332506 0.0398 -0.01396722 0.00589365 0.0398 -0.01598157 0.007920875 0.0398 -0.01528995 0.00633817 0.0398 -0.01035334 0.002343789 0.0398 -0.0119591 0.003171807 0.0398 -0.01231859 0.00436529 0.0398 -0.01393454 0.005981799 0.0398 -0.01222525 0.004376549 0.0398 -0.0139234 0.006075147 0.0398 -0.0158399 0.00805911 0.0398 -0.01510133 0.006342024 0.0398 -0.01213187 0.004365657 0.0398 -0.0139344 0.006168512 0.0398 -0.01022269 0.002479887 0.0398 -0.01194609 0.003369743 0.0398 -0.01204364 0.00433322 0.0398 -0.01396694 0.00625671 0.0398 -0.01196544 0.004281037 0.0398 -0.01011012 0.002609258 0.0398 -0.01569074 0.008189878 0.0398 -0.01493026 0.006353906 0.0398 -0.01475064 0.006376463 0.0398 -0.009999062 0.00275222 0.0398 -0.01192353 0.003549387 0.0398 -0.01554776 0.008300952 0.0398 -0.01458282 0.006408126 0.0398 -0.01744893 0.0101579 0.0398 -0.01745057 0.01025225 0.0398 -0.01723186 0.009991829 0.0398 -0.008293318 0.001047485 0.0398 -0.008046609 0.0008487361 0.0398 -0.008140973 0.0008489833 0.0398 -0.007952246 0.0008494312 0.0398 -0.009902785 0.002893275 0.0398 -0.01189186 0.003717235 0.0398 -0.01540668 0.008397242 0.0398 -0.01446344 0.006438374 0.0398 -0.009839763 0.002999073 0.0398 -0.01186158 0.003836722 0.0398 -0.01530078 0.008460321 0.0398 -0.01435492 0.006473123 0.0398 -0.009787594 0.003100385 0.0398 -0.01182676 0.003945507 0.0398 -0.01519923 0.00851262 0.0398 -0.01426097 0.006469694 0.0398 -0.01725252 0.01059332 0.0398 -0.01745102 0.01044097 0.0398 -0.01745126 0.01034661 0.0398 -0.008428992 0.001240167 0.0398 -0.007691829 0.001068141 0.0398 -0.007857895 0.0008510685 0.0398 -0.009718738 0.003164392 0.0398 -0.0118303 0.004039452 0.0398 -0.01513531 0.008581553 0.0398 -0.01417043 0.006444378 0.0398 -0.009636817 0.003210511 0.0398 -0.01185572 0.00412996 0.0398 -0.01508928 0.00866353 0.0398 -0.01408833 0.006398582 0.0398 -0.01705983 0.01072899 0.0398 -0.01702171 0.009845676 0.0398 -0.009546378 0.003236183 0.0398 -0.01190162 0.004212006 0.0398 -0.01506372 0.008753999 0.0398 -0.01401922 0.006334846 0.0398 -0.008560616 0.001445587 0.0398 -0.007545677 0.001278292 0.0398 -0.009452444 0.003239981 0.0398 -0.01506004 0.008847938 0.0398 -0.009360229 0.003221696 0.0398 -0.01685441 0.01086061 0.0398 -0.0168192 0.009718188 0.0398 -0.008673047 0.001640178 0.0398 -0.007418188 0.001480801 0.0398 -0.01665982 0.01097305 0.0398 -0.01662506 0.009608112 0.0398 -0.007308113 0.001674945 0.0398 -0.008769263 0.001825842 0.0398 -0.01647416 0.01106926 0.0398 -0.01643999 0.0095142 0.0398 -0.008856389 0.002015542 0.0398 -0.0072142 0.001860006 0.0398 -0.01628446 0.01115639 0.0398 -0.01625116 0.009429489 0.0398 -0.007129489 0.002048836 0.0398 -0.008929886 0.002199328 0.0398 -0.01610067 0.01122989 0.0398 -0.01607543 0.00936087 0.0398 -0.008993621 0.002387172 0.0398 -0.007060871 0.002224571 0.0398 -0.007006379 0.002387172 0.0398 -0.01591283 0.01129362 0.0398 -0.01591283 0.009306379 0.0398 -0.01573825 0.009258481 0.0398 -0.009041524 0.002561776 0.0398 -0.006958481 0.002561753 0.0398 -0.01573822 0.01134152 0.0398 -0.01557109 0.009223514 0.0398 -0.009076493 0.002728968 0.0398 -0.006923513 0.002728914 0.0398 -0.01557103 0.01137649 0.0398 -0.01544922 0.009205775 0.0398 -0.009094245 0.002850947 0.0398 -0.006905775 0.002850776 0.0398 -0.01544905 0.01139424 0.0398 -0.01533566 0.009196348 0.0398 -0.009103702 0.002964778 0.0398 -0.006896348 0.00296434 0.0398 -0.01533522 0.0114037 0.0398 -0.01525018 0.009157228 0.0398 -0.006857228 0.003049825 0.0398 -0.009142925 0.003050216 0.0398 -0.01524978 0.01144293 0.0398 -0.01517622 0.009099192 0.0398 -0.006799191 0.003123784 0.0398 -0.009201051 0.003124105 0.0398 -0.0151759 0.01150105 0.0398 -0.01511789 0.009025461 0.0398 -0.006725461 0.00318211 0.0398 -0.009274851 0.003182343 0.0398 -0.01511766 0.01157485 0.0398 -0.01507843 0.008940131 0.0398 -0.006640131 0.003221567 0.0398 -0.0150783 0.01166023 0.0398 -0.006547938 0.003239963 0.0398 -0.01678406 0.01378466 0.0398 -0.01674946 0.01387246 0.0398 -0.01664706 0.01354817 0.0398 -0.004730206 0.001639543 0.0398 -0.004426219 0.001550334 0.0398 -0.004513495 0.001514451 0.0398 -0.004339305 0.001587088 0.0398 -0.01643596 0.01411177 0.0398 -0.01667765 0.01404699 0.0398 -0.01671399 0.0139599 0.0398 -0.004182408 0.001888806 0.0398 -0.004929289 0.001765638 0.0398 -0.004252763 0.001624707 0.0398 -0.01620603 0.01416339 0.0398 -0.01650883 0.01333272 0.0398 -0.004127802 0.002138891 0.0398 -0.005129504 0.001905051 0.0398 -0.01596587 0.01420638 0.0398 -0.01637053 0.01313744 0.0398 -0.004087514 0.002374772 0.0398 -0.005307844 0.002041804 0.0398 -0.01574307 0.01423578 0.0398 -0.01623329 0.01296144 0.0398 -0.004060114 0.002596262 0.0398 -0.005467787 0.002176514 0.0398 -0.01553472 0.01425363 0.0398 -0.01609825 0.01280386 0.0398 -0.00404417 0.002803174 0.0398 -0.005620875 0.002318433 0.0398 -0.01532612 0.01426153 0.0398 -0.01595621 0.01265334 0.0398 -0.004038169 0.003010049 0.0398 -0.005759109 0.002460103 0.0398 -0.01512819 0.0142591 0.0398 -0.01582011 0.01252269 0.0398 -0.004042025 0.003198665 0.0398 -0.005889878 0.002609258 0.0398 -0.01493026 0.01424609 0.0398 -0.01569074 0.01241012 0.0398 -0.01554778 0.01229906 0.0398 -0.004053906 0.003369743 0.0398 -0.006000952 0.00275224 0.0398 -0.004076463 0.003549364 0.0398 -0.01475061 0.01422353 0.0398 -0.01540673 0.01220279 0.0398 -0.004108127 0.003717182 0.0398 -0.006097241 0.002893323 0.0398 -0.01458277 0.01419186 0.0398 -0.01530093 0.01213976 0.0398 -0.004138373 0.003836556 0.0398 -0.006160321 0.002999223 0.0398 -0.01446328 0.01416158 0.0398 -0.01519962 0.01208759 0.0398 -0.004173123 0.003945083 0.0398 -0.00621262 0.00310077 0.0398 -0.01435449 0.01412676 0.0398 -0.01513561 0.01201874 0.0398 -0.004169694 0.004039032 0.0398 -0.006281553 0.003164694 0.0398 -0.01426055 0.0141303 0.0398 -0.01508949 0.01193682 0.0398 -0.004144378 0.00412957 0.0398 -0.00636353 0.003210715 0.0398 -0.01417004 0.01415572 0.0398 -0.01506382 0.01184638 0.0398 -0.006453999 0.003236278 0.0398 -0.004098582 0.004211672 0.0398 -0.01408799 0.01420162 0.0398 -0.01506002 0.01175244 0.0398 -0.004034846 0.00428078 0.0398 -0.01401896 0.01426544 0.0398 -0.00395671 0.004333056 0.0398 -0.01478189 0.01688092 0.0398 -0.01471633 0.01694879 0.0398 -0.01474582 0.01661 0.0398 -0.001664891 0.003550077 0.0398 -0.001349905 0.00358399 0.0398 -0.001416805 0.003517439 0.0398 -0.001283672 0.003651206 0.0398 -0.01433511 0.01704992 0.0398 -0.01458319 0.01708256 0.0398 -0.0146501 0.01701601 0.0398 -0.001897074 0.003590388 0.0398 -0.001254181 0.00399 0.0398 -0.001218113 0.003719079 0.0398 -0.01410293 0.01700961 0.0398 -0.01470057 0.01635806 0.0398 -0.002135399 0.00364257 0.0398 -0.001299434 0.004241944 0.0398 -0.0138646 0.01695743 0.0398 -0.01464752 0.01612471 0.0398 -0.002352497 0.003700665 0.0398 -0.001352481 0.004475287 0.0398 -0.0136475 0.01689934 0.0398 -0.01458807 0.0159096 0.0398 -0.002551816 0.003763914 0.0398 -0.001411927 0.004690404 0.0398 -0.01344818 0.01683609 0.0398 -0.01452362 0.01571233 0.0398 -0.002747562 0.003836445 0.0398 -0.001476379 0.004887667 0.0398 -0.01325244 0.01676356 0.0398 -0.01445 0.01551891 0.0398 -0.002929488 0.003914431 0.0398 -0.001550002 0.00508109 0.0398 -0.01307051 0.01668557 0.0398 -0.01437426 0.01534613 0.0398 -0.003107382 0.00400219 0.0398 -0.001625744 0.005253874 0.0398 -0.01289262 0.01659781 0.0398 -0.01429781 0.01519262 0.0398 -0.01420823 0.0150353 0.0398 -0.00170219 0.005407382 0.0398 -0.003264718 0.004091781 0.0398 -0.001791768 0.005564698 0.0398 -0.01273528 0.01650822 0.0398 -0.01411476 0.01489238 0.0398 -0.003407668 0.004185277 0.0398 -0.001885242 0.005707624 0.0398 -0.01259233 0.01641472 0.0398 -0.01404113 0.01479366 0.0398 -0.003506472 0.004258976 0.0398 -0.001958869 0.005806337 0.0398 -0.01249353 0.01634102 0.0398 -0.01396749 0.0147067 0.0398 -0.00359365 0.00433278 0.0398 -0.002032506 0.005893305 0.0398 -0.01240635 0.01626722 0.0398 -0.01393471 0.01461859 0.0398 -0.00206529 0.005981414 0.0398 -0.003681799 0.004365458 0.0398 -0.0123182 0.01623454 0.0398 -0.01392345 0.01452525 0.0398 -0.002076549 0.006074749 0.0398 -0.003775147 0.004376605 0.0398 -0.01222485 0.0162234 0.0398 -0.01393434 0.01443187 0.0398 -0.002065657 0.006168127 0.0398 -0.003868512 0.004365601 0.0398 -0.01213149 0.0162344 0.0398 -0.01396678 0.01434364 0.0398 -0.00203322 0.006256364 0.0398 -0.01204329 0.01626694 0.0398 -0.001981037 0.006334563 0.0398 -0.01174724 0.01897529 0.0398 -0.0116607 0.01901291 0.0398 -0.01181759 0.01871119 0.0398 0.0004359616 0.006488225 0.0398 0.0007139929 0.006640097 0.0398 0.0006776527 0.00655301 0.0398 0.0007494617 0.006727542 0.0398 -0.01126979 0.01896046 0.0398 -0.01148651 0.01908555 0.0398 -0.01157378 0.01904967 0.0398 0.0006470572 0.007051833 0.0398 0.0002060257 0.006436615 0.0398 0.0007840554 0.006815338 0.0398 -0.01182688 0.01665492 0.0398 -0.00978738 0.01749923 0.0398 -0.01183031 0.01656097 0.0398 -0.001645507 0.006473245 0.0398 -0.001536722 0.006438421 0.0398 -0.009718447 0.01743531 0.0398 -0.01185562 0.01647043 0.0398 -0.001739452 0.006469702 0.0398 -0.001829959 0.006444277 0.0398 -0.00963647 0.01738929 0.0398 -0.01190142 0.01638833 0.0398 -0.01186163 0.01676344 0.0398 -0.009839679 0.01760078 0.0398 -0.0006990727 0.008460238 0.0398 -0.001417235 0.006408142 0.0398 -0.01107071 0.01883436 0.0398 -0.0118722 0.01846111 0.0398 0.0005088332 0.007267282 0.0398 -3.412716e-05 0.006393622 0.0398 -0.01189187 0.01688282 0.0398 -0.009902759 0.01770668 0.0398 -0.0005932745 0.008397215 0.0398 -0.001249387 0.006376468 0.0398 -0.001912006 0.006398382 0.0398 -0.009546001 0.01736372 0.0398 -0.01196515 0.01631922 0.0398 -0.0108705 0.01869495 0.0398 -0.01191249 0.01822523 0.0398 0.0003705278 0.007462563 0.0398 -0.0002569318 0.006364215 0.0398 -0.01192354 0.01705064 0.0398 -0.009999047 0.01784776 0.0398 -0.0004522199 0.008300939 0.0398 -0.001069743 0.006353906 0.0398 -0.01069216 0.0185582 0.0398 -0.01193989 0.01800374 0.0398 0.0002332854 0.007638555 0.0398 -0.0004652828 0.006346373 0.0398 -0.0003092583 0.008189878 0.0398 -0.01195798 0.01740133 0.0398 -0.01011012 0.01799074 0.0398 -0.01194609 0.01723026 0.0398 -0.01053221 0.01842349 0.0398 -0.01195583 0.01779683 0.0398 9.825028e-05 0.007796138 0.0398 -0.0006738844 0.006338475 0.0398 -0.0001798866 0.00807731 0.0398 -0.0008718067 0.006340905 0.0398 -0.01196183 0.01758995 0.0398 -0.01024089 0.0181399 0.0398 -0.01037912 0.01828157 0.0398 -4.378877e-05 0.007946663 0.0398 -0.009452063 0.01736004 0.0398 -0.009200809 0.01747622 0.0398 -0.006798949 0.01747589 0.0398 -0.009274538 0.01741789 0.0398 -0.0008237836 0.01150081 0.0398 -0.0008821102 0.01157454 0.0398 -0.006725149 0.01741766 0.0398 -0.009359869 0.01737843 0.0398 -0.006857075 0.01754978 0.0398 -0.009142773 0.01755017 0.0398 -0.0007498249 0.01144277 0.0398 -0.0009215669 0.01165987 0.0398 -0.006639771 0.0173783 0.0398 -0.006896298 0.01763522 0.0398 -0.009103652 0.01763566 0.0398 -0.0006643401 0.01140365 0.0398 -0.0009399631 0.01175206 0.0398 -0.006905756 0.01774905 0.0398 -0.009094225 0.01774922 0.0398 -0.0005507761 0.01139423 0.0398 -0.006923507 0.01787103 0.0398 -0.009076487 0.01787109 0.0398 -0.0004289135 0.01137649 0.0398 -0.006958477 0.01803822 0.0398 -0.009041519 0.01803825 0.0398 -0.0002617529 0.01134152 0.0398 -0.007006379 0.01821283 0.0398 -0.00893913 0.01837543 0.0398 -0.008993621 0.01821283 0.0398 -8.717241e-05 0.01129362 0.0398 7.54296e-05 0.01123913 0.0398 -0.008870511 0.01855116 0.0398 -0.007070114 0.01840067 0.0398 0.0002511637 0.01117051 0.0398 -0.008785799 0.01873999 0.0398 -0.007143611 0.01858446 0.0398 0.0004399942 0.0110858 0.0398 -0.008691888 0.01892505 0.0398 -0.007230737 0.01877416 0.0398 0.0006250547 0.01099189 0.0398 -0.007326953 0.01895982 0.0398 -0.008581812 0.0191192 0.0398 0.0008191995 0.01088181 0.0398 -0.008142104 0.01974893 0.0398 -0.008047753 0.01975057 0.0398 -0.00830817 0.01953186 0.0398 0.001451264 0.01025339 0.0398 -0.007439385 0.01915441 0.0398 -0.008454323 0.01932171 0.0398 0.001021708 0.01075432 0.0398 -0.007571008 0.01935983 0.0398 0.001450569 0.01034775 0.0398 0.001231859 0.01060817 0.0398 -0.007706682 0.01955252 0.0398 -0.007953391 0.01975126 0.0398 0.001448931 0.0104421 0.0398 -0.007859026 0.01975102 0.0398 -0.00198078 0.01426515 0.0398 -0.0009362776 0.011846 0.0398 -0.004034563 0.01631896 0.0398 -0.006547556 0.01736002 0.0398 -0.006453621 0.01736382 0.0398 -0.004098382 0.01638799 0.0398 -0.001911672 0.01420142 0.0398 -0.0009107149 0.01193647 0.0398 -0.002033056 0.01434329 0.0398 -0.003956364 0.01626678 0.0398 -0.006363183 0.01738949 0.0398 -0.004144278 0.01647004 0.0398 -0.00182957 0.01415562 0.0398 -0.0008646942 0.01201845 0.0398 -0.0020656 0.01443149 0.0398 -0.003868127 0.01623434 0.0398 -0.006281262 0.01743561 0.0398 -0.004169702 0.01656055 0.0398 -0.001739032 0.01413031 0.0398 -0.0008007704 0.01208738 0.0398 -0.002076605 0.01452485 0.0398 -0.003774749 0.01622345 0.0398 -0.006212406 0.01749961 0.0398 -0.004173244 0.01665449 0.0398 -0.001645083 0.01412688 0.0398 -0.0006992231 0.01213968 0.0398 -0.002065458 0.0146182 0.0398 -0.003681414 0.01623471 0.0398 -0.006160237 0.01760093 0.0398 -0.004138421 0.01676328 0.0398 -0.001536556 0.01416163 0.0398 -0.0005933227 0.01220276 0.0398 -0.00203278 0.01470635 0.0398 -0.003593305 0.01626749 0.0398 -0.006097215 0.01770673 0.0398 -0.004108142 0.01688276 0.0398 -0.001417182 0.01419187 0.0398 -0.0004522397 0.01229905 0.0398 -0.001958976 0.01479353 0.0398 -0.003506337 0.01634113 0.0398 -0.006000939 0.01784778 0.0398 -0.004076468 0.01705061 0.0398 -0.001249364 0.01422354 0.0398 -0.0003092583 0.01241012 0.0398 -0.001885277 0.01489233 0.0398 -0.003407624 0.01641476 0.0398 -0.005777309 0.01812011 0.0398 -0.004053906 0.01723026 0.0398 -0.005889878 0.01799074 0.0398 -0.001069743 0.01424609 0.0398 -0.001791781 0.01503528 0.0398 -0.003264698 0.01650823 0.0398 -0.0008986651 0.01425798 0.0398 -0.0001601029 0.01254089 0.0398 -0.005646663 0.01825621 0.0398 -0.004040905 0.01742819 0.0398 -0.00170219 0.01519262 0.0398 -0.003107382 0.01659781 0.0398 -0.0007100487 0.01426183 0.0398 -1.843268e-05 0.01267912 0.0398 -0.004038475 0.01762612 0.0398 -0.005496138 0.01839825 0.0398 -0.002953874 0.01667426 0.0398 -0.0005031745 0.01425583 0.0398 0.0001234859 0.01283221 0.0398 -0.001614431 0.01537051 0.0398 -0.005338555 0.01853329 0.0398 -0.004046373 0.01783472 0.0398 -0.0002962624 0.01423989 0.0398 0.0002581962 0.01299216 0.0398 -0.00278109 0.01675 0.0398 -0.004064215 0.01804307 0.0398 -0.005162563 0.01867053 0.0398 -0.001536445 0.01555244 0.0398 -7.477196e-05 0.01421249 0.0398 0.0003949491 0.0131705 0.0398 -0.004967282 0.01880883 0.0398 -0.004093622 0.01826587 0.0398 -0.002587667 0.01682362 0.0398 -0.001463914 0.01574818 0.0398 0.0001611092 0.0141722 0.0398 0.0005343621 0.01337071 0.0398 -0.004751833 0.01894706 0.0398 -0.004136615 0.01850603 0.0398 -0.002390404 0.01688807 0.0398 0.0004111935 0.01411759 0.0398 0.0006604573 0.01356979 0.0398 -0.001400665 0.0159475 0.0398 -0.004188226 0.01873596 0.0398 -0.004515338 0.01908405 0.0398 -0.004427543 0.01904946 0.0398 0.0007496656 0.01387378 0.0398 0.000785549 0.0137865 0.0398 0.0007129126 0.01396069 0.0398 -0.004340097 0.01901399 0.0398 0.0006752934 0.01404724 0.0398 -0.00425301 0.01897765 0.0398 -0.002175287 0.01694752 0.0398 -0.00134257 0.0161646 0.0398 -0.001941944 0.01700057 0.0398 -0.001290388 0.01640293 0.0398 -0.00169 0.01704582 0.0398 -0.001250077 0.01663511 0.0398 -0.001351206 0.01701633 0.0398 -0.00141908 0.01708189 0.0398 -0.00128399 0.0169501 0.0398 -0.001217439 0.01688319 0.0398 -0.01474992 0.003964891 0.0418 -0.01478256 0.003716805 0.0418 -0.01471601 0.003649904 0.0418 -0.01464879 0.003583672 0.0418 -0.01431 0.003554181 0.0418 -0.01458092 0.003518113 0.0418 -0.01470961 0.004197074 0.0418 -0.01405806 0.003599434 0.0418 -0.01465743 0.004435399 0.0418 -0.01382471 0.003652481 0.0418 -0.01181177 0.001864038 0.0418 -0.01174699 0.001622347 0.0418 -0.0116599 0.001586007 0.0418 -0.01157246 0.001550538 0.0418 -0.01459933 0.004652497 0.0418 -0.01641119 0.006482408 0.0418 -0.01671291 0.006639305 0.0418 -0.01667529 0.006552763 0.0418 -0.0136096 0.003711927 0.0418 -0.01453609 0.004851817 0.0418 -0.01341233 0.003776379 0.0418 -0.01666046 0.007030206 0.0418 -0.01678555 0.006813495 0.0418 -0.01674967 0.006726219 0.0418 -0.01124817 0.001652943 0.0418 -0.01186339 0.002093974 0.0418 -0.01148466 0.001515945 0.0418 -0.01446356 0.005047562 0.0418 -0.01321891 0.003850002 0.0418 -0.01653436 0.00722929 0.0418 -0.01616111 0.006427802 0.0418 -0.01103272 0.001791167 0.0418 -0.01190638 0.002334127 0.0418 -0.01438557 0.005229488 0.0418 -0.01304613 0.003925744 0.0418 -0.01639495 0.007429504 0.0418 -0.01592523 0.006387514 0.0418 -0.01083744 0.001929472 0.0418 -0.01193578 0.002556932 0.0418 -0.01429781 0.005407382 0.0418 -0.01289262 0.00400219 0.0418 -0.0162582 0.007607844 0.0418 -0.01570374 0.006360114 0.0418 -0.0127353 0.004091768 0.0418 -0.01420822 0.005564718 0.0418 -0.01066144 0.002066715 0.0418 -0.01195363 0.002765283 0.0418 -0.01259238 0.004185242 0.0418 -0.01411472 0.005707668 0.0418 -0.01612349 0.007767787 0.0418 -0.01549683 0.00634417 0.0418 -0.01050386 0.00220175 0.0418 -0.01196152 0.002973884 0.0418 -0.01249366 0.004258869 0.0418 -0.01404102 0.005806472 0.0418 -0.0124067 0.004332506 0.0418 -0.01396722 0.00589365 0.0418 -0.01598157 0.007920875 0.0418 -0.01528995 0.00633817 0.0418 -0.01035334 0.002343789 0.0418 -0.0119591 0.003171807 0.0418 -0.01231859 0.00436529 0.0418 -0.01393454 0.005981799 0.0418 -0.01222525 0.004376549 0.0418 -0.0139234 0.006075147 0.0418 -0.0158399 0.00805911 0.0418 -0.01510133 0.006342024 0.0418 -0.01213187 0.004365657 0.0418 -0.0139344 0.006168512 0.0418 -0.01022269 0.002479887 0.0418 -0.01194609 0.003369743 0.0418 -0.01011012 0.002609258 0.0418 -0.01569074 0.008189878 0.0418 -0.01493026 0.006353906 0.0418 -0.01475064 0.006376463 0.0418 -0.009999062 0.00275222 0.0418 -0.01192353 0.003549387 0.0418 -0.01554776 0.008300952 0.0418 -0.01458282 0.006408126 0.0418 -0.01745057 0.01025225 0.0418 -0.01744893 0.0101579 0.0418 -0.01723186 0.009991829 0.0418 -0.008046609 0.0008487361 0.0418 -0.008293318 0.001047485 0.0418 -0.008140973 0.0008489833 0.0418 -0.007952246 0.0008494312 0.0418 -0.009902785 0.002893275 0.0418 -0.01189186 0.003717235 0.0418 -0.01540668 0.008397242 0.0418 -0.01446344 0.006438374 0.0418 -0.009839763 0.002999073 0.0418 -0.01186158 0.003836722 0.0418 -0.01530078 0.008460321 0.0418 -0.01435492 0.006473123 0.0418 -0.009787594 0.003100385 0.0418 -0.01182676 0.003945507 0.0418 -0.01519923 0.00851262 0.0418 -0.01426097 0.006469694 0.0418 -0.01725252 0.01059332 0.0418 -0.01745102 0.01044097 0.0418 -0.01745126 0.01034661 0.0418 -0.007691829 0.001068141 0.0418 -0.008428992 0.001240167 0.0418 -0.007857895 0.0008510685 0.0418 -0.009718738 0.003164392 0.0418 -0.0118303 0.004039452 0.0418 -0.01513531 0.008581553 0.0418 -0.01417043 0.006444378 0.0418 -0.009636817 0.003210511 0.0418 -0.01185572 0.00412996 0.0418 -0.01508928 0.00866353 0.0418 -0.01408833 0.006398582 0.0418 -0.01705983 0.01072899 0.0418 -0.01702171 0.009845676 0.0418 -0.009546378 0.003236183 0.0418 -0.01190162 0.004212006 0.0418 -0.01506372 0.008753999 0.0418 -0.007545677 0.001278292 0.0418 -0.008560616 0.001445587 0.0418 -0.01685441 0.01086061 0.0418 -0.0168192 0.009718188 0.0418 -0.007418188 0.001480801 0.0418 -0.008673047 0.001640178 0.0418 -0.01665982 0.01097305 0.0418 -0.01662506 0.009608112 0.0418 -0.007308113 0.001674945 0.0418 -0.008769263 0.001825842 0.0418 -0.01647416 0.01106926 0.0418 -0.01643999 0.0095142 0.0418 -0.0072142 0.001860006 0.0418 -0.008856389 0.002015542 0.0418 -0.01628446 0.01115639 0.0418 -0.01625116 0.009429489 0.0418 -0.007129489 0.002048836 0.0418 -0.008929886 0.002199328 0.0418 -0.01610067 0.01122989 0.0418 -0.01607543 0.00936087 0.0418 -0.007060871 0.002224571 0.0418 -0.008993621 0.002387172 0.0418 -0.007006379 0.002387172 0.0418 -0.01591283 0.01129362 0.0418 -0.01591283 0.009306379 0.0418 -0.01573825 0.009258481 0.0418 -0.006958481 0.002561753 0.0418 -0.009041524 0.002561776 0.0418 -0.01573822 0.01134152 0.0418 -0.01557109 0.009223514 0.0418 -0.006923513 0.002728914 0.0418 -0.009076493 0.002728968 0.0418 -0.01557103 0.01137649 0.0418 -0.01544922 0.009205775 0.0418 -0.006905775 0.002850776 0.0418 -0.009094245 0.002850947 0.0418 -0.01544905 0.01139424 0.0418 -0.01533566 0.009196348 0.0418 -0.006896348 0.00296434 0.0418 -0.009103702 0.002964778 0.0418 -0.01533522 0.0114037 0.0418 -0.01525018 0.009157228 0.0418 -0.006857228 0.003049825 0.0418 -0.009142925 0.003050216 0.0418 -0.01524978 0.01144293 0.0418 -0.01517622 0.009099192 0.0418 -0.006799191 0.003123784 0.0418 -0.009201051 0.003124105 0.0418 -0.0151759 0.01150105 0.0418 -0.01511789 0.009025461 0.0418 -0.006725461 0.00318211 0.0418 -0.009274851 0.003182343 0.0418 -0.01511766 0.01157485 0.0418 -0.01674946 0.01387246 0.0418 -0.01678406 0.01378466 0.0418 -0.01664706 0.01354817 0.0418 -0.004426219 0.001550334 0.0418 -0.004730206 0.001639543 0.0418 -0.004513495 0.001514451 0.0418 -0.004339305 0.001587088 0.0418 -0.01643596 0.01411177 0.0418 -0.01667765 0.01404699 0.0418 -0.01671399 0.0139599 0.0418 -0.004182408 0.001888806 0.0418 -0.004929289 0.001765638 0.0418 -0.004252763 0.001624707 0.0418 -0.01620603 0.01416339 0.0418 -0.01650883 0.01333272 0.0418 -0.004127802 0.002138891 0.0418 -0.005129504 0.001905051 0.0418 -0.01009471 0.008152399 0.0418 -0.01019916 0.008259481 0.0418 -0.009985058 0.008050656 0.0418 -0.01204364 0.00433322 0.0418 -0.01029813 0.008371637 0.0418 -0.01396694 0.00625671 0.0418 -0.009870469 0.007954505 0.0418 -0.0103914 0.008488586 0.0418 -0.009751231 0.007864186 0.0418 -0.01047872 0.00861004 0.0418 -0.01401922 0.006334846 0.0418 -0.009627639 0.007779922 0.0418 -0.01196544 0.004281037 0.0418 -0.01055987 0.008735694 0.0418 -0.0095 0.007701924 0.0418 -0.01063466 0.008865238 0.0418 -0.01596587 0.01420638 0.0418 -0.01637053 0.01313744 0.0418 -0.009368632 0.007630384 0.0418 -0.004087514 0.002374772 0.0418 -0.005307844 0.002041804 0.0418 -0.01070291 0.008998349 0.0418 -0.009233861 0.007565483 0.0418 -0.01076443 0.009134696 0.0418 -0.009096023 0.007507379 0.0418 -0.01081908 0.009273939 0.0418 -0.01574307 0.01423578 0.0418 -0.01623329 0.01296144 0.0418 -0.00895546 0.007456218 0.0418 -0.009452444 0.003239981 0.0418 -0.004060114 0.002596262 0.0418 -0.005467787 0.002176514 0.0418 -0.01086672 0.009415734 0.0418 -0.01506004 0.008847938 0.0418 -0.008812521 0.007412127 0.0418 -0.01090723 0.009559728 0.0418 -0.008667562 0.007375216 0.0418 -0.01553472 0.01425363 0.0418 -0.01609825 0.01280386 0.0418 -0.00404417 0.002803174 0.0418 -0.005620875 0.002318433 0.0418 -0.01094052 0.009705562 0.0418 -0.01507843 0.008940131 0.0418 -0.008520945 0.007345577 0.0418 -0.009360229 0.003221696 0.0418 -0.01096649 0.009852873 0.0418 -0.01532612 0.01426153 0.0418 -0.01595621 0.01265334 0.0418 -0.008373031 0.007323282 0.0418 -0.004038169 0.003010049 0.0418 -0.005759109 0.002460103 0.0418 -0.01098509 0.0100013 0.0418 -0.008224191 0.007308389 0.0418 -0.01512819 0.0142591 0.0418 -0.01582011 0.01252269 0.0418 -0.01099627 0.01015046 0.0418 -0.004042025 0.003198665 0.0418 -0.005889878 0.002609258 0.0418 -0.008074792 0.007300932 0.0418 -0.011 0.0103 0.0418 -0.01493026 0.01424609 0.0418 -0.01569074 0.01241012 0.0418 -0.01554778 0.01229906 0.0418 -0.004053906 0.003369743 0.0418 -0.007925208 0.007300932 0.0418 -0.01099627 0.01044954 0.0418 -0.004076463 0.003549364 0.0418 -0.006000952 0.00275224 0.0418 -0.01475061 0.01422353 0.0418 -0.01540673 0.01220279 0.0418 -0.00777581 0.007308389 0.0418 -0.006640131 0.003221567 0.0418 -0.004108127 0.003717182 0.0418 -0.006097241 0.002893323 0.0418 -0.01458277 0.01419186 0.0418 -0.01530093 0.01213976 0.0418 -0.01098509 0.0105987 0.0418 -0.0150783 0.01166023 0.0418 -0.007626969 0.007323282 0.0418 -0.004138373 0.003836556 0.0418 -0.006160321 0.002999223 0.0418 -0.01446328 0.01416158 0.0418 -0.01519962 0.01208759 0.0418 -0.004173123 0.003945083 0.0418 -0.00621262 0.00310077 0.0418 -0.01435449 0.01412676 0.0418 -0.01513561 0.01201874 0.0418 -0.01096649 0.01074713 0.0418 -0.007479055 0.007345577 0.0418 -0.006547938 0.003239963 0.0418 -0.004169694 0.004039032 0.0418 -0.006281553 0.003164694 0.0418 -0.01426055 0.0141303 0.0418 -0.01508949 0.01193682 0.0418 -0.01094052 0.01089444 0.0418 -0.01506002 0.01175244 0.0418 -0.004144378 0.00412957 0.0418 -0.00636353 0.003210715 0.0418 -0.01417004 0.01415572 0.0418 -0.01506382 0.01184638 0.0418 -0.007332437 0.007375216 0.0418 -0.004098582 0.004211672 0.0418 -0.006453999 0.003236278 0.0418 -0.01408799 0.01420162 0.0418 -0.01090723 0.01104027 0.0418 -0.007187479 0.007412127 0.0418 -0.01086672 0.01118427 0.0418 -0.00704454 0.007456218 0.0418 -0.01081908 0.01132606 0.0418 -0.006903977 0.007507379 0.0418 -0.01076443 0.0114653 0.0418 -0.006766139 0.007565483 0.0418 -0.01070291 0.01160165 0.0418 -0.01401896 0.01426544 0.0418 -0.006631368 0.007630384 0.0418 -0.004034846 0.00428078 0.0418 -0.01063466 0.01173476 0.0418 -0.0065 0.007701924 0.0418 -0.01055987 0.01186431 0.0418 -0.006372361 0.007779922 0.0418 -0.00395671 0.004333056 0.0418 -0.01047872 0.01198996 0.0418 -0.01396678 0.01434364 0.0418 -0.006248769 0.007864186 0.0418 -0.0103914 0.01211141 0.0418 -0.00612953 0.007954505 0.0418 -0.01029813 0.01222836 0.0418 -0.01393434 0.01443187 0.0418 -0.006014943 0.008050656 0.0418 -0.003868512 0.004365601 0.0418 -0.01019916 0.01234052 0.0418 -0.01471633 0.01694879 0.0418 -0.01478189 0.01688092 0.0418 -0.01474582 0.01661 0.0418 -0.001349905 0.00358399 0.0418 -0.001664891 0.003550077 0.0418 -0.001416805 0.003517439 0.0418 -0.00590529 0.008152399 0.0418 -0.01009471 0.0124476 0.0418 -0.001283672 0.003651206 0.0418 -0.01433511 0.01704992 0.0418 -0.01458319 0.01708256 0.0418 -0.0146501 0.01701601 0.0418 -0.001254181 0.00399 0.0418 -0.001897074 0.003590388 0.0418 -0.001218113 0.003719079 0.0418 -0.01410293 0.01700961 0.0418 -0.01470057 0.01635806 0.0418 -0.001299434 0.004241944 0.0418 -0.002135399 0.00364257 0.0418 -0.0138646 0.01695743 0.0418 -0.01464752 0.01612471 0.0418 -0.001352481 0.004475287 0.0418 -0.002352497 0.003700665 0.0418 -0.0136475 0.01689934 0.0418 -0.01458807 0.0159096 0.0418 -0.001411927 0.004690404 0.0418 -0.002551816 0.003763914 0.0418 -0.01344818 0.01683609 0.0418 -0.01452362 0.01571233 0.0418 -0.001476379 0.004887667 0.0418 -0.002747562 0.003836445 0.0418 -0.01325244 0.01676356 0.0418 -0.01445 0.01551891 0.0418 -0.001550002 0.00508109 0.0418 -0.002929488 0.003914431 0.0418 -0.01307051 0.01668557 0.0418 -0.01437426 0.01534613 0.0418 -0.001625744 0.005253874 0.0418 -0.003107382 0.00400219 0.0418 -0.00170219 0.005407382 0.0418 -0.01289262 0.01659781 0.0418 -0.01429781 0.01519262 0.0418 -0.01420823 0.0150353 0.0418 -0.001791768 0.005564698 0.0418 -0.003264718 0.004091781 0.0418 -0.01273528 0.01650822 0.0418 -0.01411476 0.01489238 0.0418 -0.001885242 0.005707624 0.0418 -0.003407668 0.004185277 0.0418 -0.01259233 0.01641472 0.0418 -0.01404113 0.01479366 0.0418 -0.001958869 0.005806337 0.0418 -0.003506472 0.004258976 0.0418 -0.01249353 0.01634102 0.0418 -0.01396749 0.0147067 0.0418 -0.002032506 0.005893305 0.0418 -0.00359365 0.00433278 0.0418 -0.01240635 0.01626722 0.0418 -0.01393471 0.01461859 0.0418 -0.00206529 0.005981414 0.0418 -0.003681799 0.004365458 0.0418 -0.0123182 0.01623454 0.0418 -0.01392345 0.01452525 0.0418 -0.002076549 0.006074749 0.0418 -0.003775147 0.004376605 0.0418 -0.01222485 0.0162234 0.0418 -0.002065657 0.006168127 0.0418 -0.005800844 0.008259481 0.0418 -0.005701867 0.008371637 0.0418 -0.01213149 0.0162344 0.0418 -0.009985058 0.01254934 0.0418 -0.00203322 0.006256364 0.0418 -0.005608603 0.008488586 0.0418 -0.005521284 0.00861004 0.0418 -0.01204329 0.01626694 0.0418 -0.009751231 0.01273581 0.0418 -0.009627639 0.01282008 0.0418 -0.009870469 0.01264549 0.0418 -0.001981037 0.006334563 0.0418 -0.005440127 0.008735694 0.0418 -0.005365335 0.008865238 0.0418 -0.005297093 0.008998349 0.0418 -0.01196515 0.01631922 0.0418 -0.0095 0.01289808 0.0418 -0.009368632 0.01296961 0.0418 -0.001912006 0.006398382 0.0418 -0.005235571 0.009134696 0.0418 -0.01190142 0.01638833 0.0418 -0.009233861 0.01303452 0.0418 -0.009096023 0.01309262 0.0418 -0.0116607 0.01901291 0.0418 -0.01174724 0.01897529 0.0418 -0.01181759 0.01871119 0.0418 0.0007139929 0.006640097 0.0418 0.0004359616 0.006488225 0.0418 0.0006776527 0.00655301 0.0418 0.0007494617 0.006727542 0.0418 -0.01126979 0.01896046 0.0418 -0.01148651 0.01908555 0.0418 -0.01157378 0.01904967 0.0418 0.0006470572 0.007051833 0.0418 0.0002060257 0.006436615 0.0418 0.0007840554 0.006815338 0.0418 -0.00978738 0.01749923 0.0418 -0.01182688 0.01665492 0.0418 -0.01183031 0.01656097 0.0418 -0.001645507 0.006473245 0.0418 -0.001536722 0.006438421 0.0418 -0.009718447 0.01743531 0.0418 -0.01185562 0.01647043 0.0418 -0.001739452 0.006469702 0.0418 -0.001829959 0.006444277 0.0418 -0.00963647 0.01738929 0.0418 -0.009839679 0.01760078 0.0418 -0.01186163 0.01676344 0.0418 -0.0006990727 0.008460238 0.0418 -0.001417235 0.006408142 0.0418 -0.01107071 0.01883436 0.0418 -0.0118722 0.01846111 0.0418 0.0005088332 0.007267282 0.0418 -3.412716e-05 0.006393622 0.0418 -0.009902759 0.01770668 0.0418 -0.01189187 0.01688282 0.0418 -0.0005932745 0.008397215 0.0418 -0.001249387 0.006376468 0.0418 -0.005180922 0.009273939 0.0418 -0.005133282 0.009415734 0.0418 -0.009546001 0.01736372 0.0418 -0.00895546 0.01314378 0.0418 -0.0108705 0.01869495 0.0418 -0.01191249 0.01822523 0.0418 0.0003705278 0.007462563 0.0418 -0.0002569318 0.006364215 0.0418 -0.009999047 0.01784776 0.0418 -0.01192354 0.01705064 0.0418 -0.0004522199 0.008300939 0.0418 -0.001069743 0.006353906 0.0418 -0.01069216 0.0185582 0.0418 -0.01193989 0.01800374 0.0418 0.0002332854 0.007638555 0.0418 -0.0004652828 0.006346373 0.0418 -0.0003092583 0.008189878 0.0418 -0.01011012 0.01799074 0.0418 -0.01195798 0.01740133 0.0418 -0.01194609 0.01723026 0.0418 -0.01053221 0.01842349 0.0418 -0.01195583 0.01779683 0.0418 9.825028e-05 0.007796138 0.0418 -0.0006738844 0.006338475 0.0418 -0.0001798866 0.00807731 0.0418 -0.0008718067 0.006340905 0.0418 -0.01024089 0.0181399 0.0418 -0.01196183 0.01758995 0.0418 -0.01037912 0.01828157 0.0418 -4.378877e-05 0.007946663 0.0418 -0.005092768 0.009559728 0.0418 -0.005059483 0.009705562 0.0418 -0.009452063 0.01736004 0.0418 -0.008667562 0.01322478 0.0418 -0.008520945 0.01325442 0.0418 -0.008812521 0.01318787 0.0418 -0.005033507 0.009852873 0.0418 -0.005014908 0.0100013 0.0418 -0.009359869 0.01737843 0.0418 -0.008373031 0.01327672 0.0418 -0.008224191 0.01329161 0.0418 -0.005003729 0.01015046 0.0418 -0.005 0.0103 0.0418 -0.009274538 0.01741789 0.0418 -0.008074792 0.01329907 0.0418 -0.006798949 0.01747589 0.0418 -0.009200809 0.01747622 0.0418 -0.0008237836 0.01150081 0.0418 -0.0008821102 0.01157454 0.0418 -0.005003729 0.01044954 0.0418 -0.005014908 0.0105987 0.0418 -0.006725149 0.01741766 0.0418 -0.007925208 0.01329907 0.0418 -0.00777581 0.01329161 0.0418 -0.006857075 0.01754978 0.0418 -0.009142773 0.01755017 0.0418 -0.0007498249 0.01144277 0.0418 -0.0009215669 0.01165987 0.0418 -0.005033507 0.01074713 0.0418 -0.005059483 0.01089444 0.0418 -0.006639771 0.0173783 0.0418 -0.007626969 0.01327672 0.0418 -0.007479055 0.01325442 0.0418 -0.006896298 0.01763522 0.0418 -0.009103652 0.01763566 0.0418 -0.0006643401 0.01140365 0.0418 -0.0009399631 0.01175206 0.0418 -0.005092768 0.01104027 0.0418 -0.005133282 0.01118427 0.0418 -0.006547556 0.01736002 0.0418 -0.007187479 0.01318787 0.0418 -0.00704454 0.01314378 0.0418 -0.007332437 0.01322478 0.0418 -0.006905756 0.01774905 0.0418 -0.009094225 0.01774922 0.0418 -0.0005507761 0.01139423 0.0418 -0.0009362776 0.011846 0.0418 -0.005180922 0.01132606 0.0418 -0.005235571 0.0114653 0.0418 -0.006453621 0.01736382 0.0418 -0.006903977 0.01309262 0.0418 -0.006923507 0.01787103 0.0418 -0.009076487 0.01787109 0.0418 -0.0004289135 0.01137649 0.0418 -0.006958477 0.01803822 0.0418 -0.009041519 0.01803825 0.0418 -0.0002617529 0.01134152 0.0418 -0.007006379 0.01821283 0.0418 -0.00893913 0.01837543 0.0418 -0.008993621 0.01821283 0.0418 -8.717241e-05 0.01129362 0.0418 7.54296e-05 0.01123913 0.0418 -0.007070114 0.01840067 0.0418 -0.008870511 0.01855116 0.0418 0.0002511637 0.01117051 0.0418 -0.007143611 0.01858446 0.0418 -0.008785799 0.01873999 0.0418 0.0004399942 0.0110858 0.0418 -0.007230737 0.01877416 0.0418 -0.008691888 0.01892505 0.0418 0.0006250547 0.01099189 0.0418 -0.007326953 0.01895982 0.0418 -0.008581812 0.0191192 0.0418 0.0008191995 0.01088181 0.0418 -0.008047753 0.01975057 0.0418 -0.008142104 0.01974893 0.0418 -0.00830817 0.01953186 0.0418 0.001451264 0.01025339 0.0418 -0.007439385 0.01915441 0.0418 -0.008454323 0.01932171 0.0418 0.001021708 0.01075432 0.0418 -0.007571008 0.01935983 0.0418 0.001450569 0.01034775 0.0418 0.001231859 0.01060817 0.0418 -0.007706682 0.01955252 0.0418 -0.007953391 0.01975126 0.0418 0.001448931 0.0104421 0.0418 -0.007859026 0.01975102 0.0418 -0.00198078 0.01426515 0.0418 -0.005365335 0.01173476 0.0418 -0.005297093 0.01160165 0.0418 -0.005440127 0.01186431 0.0418 -0.005521284 0.01198996 0.0418 -0.004034563 0.01631896 0.0418 -0.0065 0.01289808 0.0418 -0.006372361 0.01282008 0.0418 -0.006631368 0.01296961 0.0418 -0.004098382 0.01638799 0.0418 -0.006766139 0.01303452 0.0418 -0.001911672 0.01420142 0.0418 -0.0009107149 0.01193647 0.0418 -0.002033056 0.01434329 0.0418 -0.005608603 0.01211141 0.0418 -0.005701867 0.01222836 0.0418 -0.003956364 0.01626678 0.0418 -0.00612953 0.01264549 0.0418 -0.006014943 0.01254934 0.0418 -0.006248769 0.01273581 0.0418 -0.004144278 0.01647004 0.0418 -0.006363183 0.01738949 0.0418 -0.00182957 0.01415562 0.0418 -0.0008646942 0.01201845 0.0418 -0.0020656 0.01443149 0.0418 -0.005800844 0.01234052 0.0418 -0.00590529 0.0124476 0.0418 -0.003868127 0.01623434 0.0418 -0.004169702 0.01656055 0.0418 -0.006281262 0.01743561 0.0418 -0.001739032 0.01413031 0.0418 -0.0008007704 0.01208738 0.0418 -0.002076605 0.01452485 0.0418 -0.003774749 0.01622345 0.0418 -0.004173244 0.01665449 0.0418 -0.006212406 0.01749961 0.0418 -0.001645083 0.01412688 0.0418 -0.0006992231 0.01213968 0.0418 -0.002065458 0.0146182 0.0418 -0.003681414 0.01623471 0.0418 -0.004138421 0.01676328 0.0418 -0.006160237 0.01760093 0.0418 -0.001536556 0.01416163 0.0418 -0.0005933227 0.01220276 0.0418 -0.00203278 0.01470635 0.0418 -0.003593305 0.01626749 0.0418 -0.004108142 0.01688276 0.0418 -0.006097215 0.01770673 0.0418 -0.001417182 0.01419187 0.0418 -0.0004522397 0.01229905 0.0418 -0.001958976 0.01479353 0.0418 -0.003506337 0.01634113 0.0418 -0.004076468 0.01705061 0.0418 -0.006000939 0.01784778 0.0418 -0.001249364 0.01422354 0.0418 -0.0003092583 0.01241012 0.0418 -0.001885277 0.01489233 0.0418 -0.003407624 0.01641476 0.0418 -0.004053906 0.01723026 0.0418 -0.005777309 0.01812011 0.0418 -0.005889878 0.01799074 0.0418 -0.001069743 0.01424609 0.0418 -0.001791781 0.01503528 0.0418 -0.003264698 0.01650823 0.0418 -0.0008986651 0.01425798 0.0418 -0.0001601029 0.01254089 0.0418 -0.004040905 0.01742819 0.0418 -0.005646663 0.01825621 0.0418 -0.00170219 0.01519262 0.0418 -0.003107382 0.01659781 0.0418 -0.0007100487 0.01426183 0.0418 -1.843268e-05 0.01267912 0.0418 -0.004038475 0.01762612 0.0418 -0.005496138 0.01839825 0.0418 -0.002953874 0.01667426 0.0418 -0.0005031745 0.01425583 0.0418 0.0001234859 0.01283221 0.0418 -0.001614431 0.01537051 0.0418 -0.004046373 0.01783472 0.0418 -0.005338555 0.01853329 0.0418 -0.0002962624 0.01423989 0.0418 0.0002581962 0.01299216 0.0418 -0.00278109 0.01675 0.0418 -0.004064215 0.01804307 0.0418 -0.005162563 0.01867053 0.0418 -0.001536445 0.01555244 0.0418 -7.477196e-05 0.01421249 0.0418 0.0003949491 0.0131705 0.0418 -0.004093622 0.01826587 0.0418 -0.004967282 0.01880883 0.0418 -0.002587667 0.01682362 0.0418 -0.001463914 0.01574818 0.0418 0.0001611092 0.0141722 0.0418 0.0005343621 0.01337071 0.0418 -0.004136615 0.01850603 0.0418 -0.004751833 0.01894706 0.0418 -0.002390404 0.01688807 0.0418 0.0004111935 0.01411759 0.0418 0.0006604573 0.01356979 0.0418 -0.001400665 0.0159475 0.0418 -0.004188226 0.01873596 0.0418 -0.004427543 0.01904946 0.0418 -0.004515338 0.01908405 0.0418 0.0007496656 0.01387378 0.0418 0.000785549 0.0137865 0.0418 0.0007129126 0.01396069 0.0418 -0.004340097 0.01901399 0.0418 0.0006752934 0.01404724 0.0418 -0.00425301 0.01897765 0.0418 -0.002175287 0.01694752 0.0418 -0.00134257 0.0161646 0.0418 -0.001941944 0.01700057 0.0418 -0.001290388 0.01640293 0.0418 -0.00169 0.01704582 0.0418 -0.001250077 0.01663511 0.0418 -0.001351206 0.01701633 0.0418 -0.00141908 0.01708189 0.0418 -0.00128399 0.0169501 0.0418 -0.001217439 0.01688319 0.0418 -0.0005064306 0.008339538 0.04113334 -0.0006715733 0.008444654 0.04113334 -0.0005064306 0.008339538 0.04046667 -0.0006715733 0.008444654 0.04046667 0.0008703774 0.01085082 0.04113334 0.0003533809 0.01112605 0.04113334 0.0008703774 0.01085082 0.04046667 0.0003533809 0.01112605 0.04046667 -0.000326608 0.01135643 0.04113334 -0.0005194063 0.01139035 0.04113334 -0.000326608 0.01135643 0.04046667 -0.0005194063 0.01139035 0.04046667 -0.0006716875 0.01215528 0.04113334 -0.0005064449 0.01226046 0.04113334 -0.0006716875 0.01215528 0.04046667 -0.0005064449 0.01226046 0.04046667 3.369039e-05 0.01273359 0.04113334 0.0004063922 0.0131862 0.04113334 3.369039e-05 0.01273359 0.04046667 0.0004063922 0.0131862 0.04046667 -1.562949e-05 0.01420344 0.04113334 -0.0005985997 0.01425988 0.04113334 -1.562949e-05 0.01420344 0.04046667 -0.0005985997 0.01425988 0.04046667 -0.00131499 0.0142125 0.04113334 -0.001506092 0.01417005 0.04113334 -0.00131499 0.0142125 0.04046667 -0.001506092 0.01417005 0.04046667 -0.001939508 0.01481848 0.04113334 -0.001827091 0.01497888 0.04113334 -0.001939508 0.01481848 0.04046667 -0.001827091 0.01497888 0.04046667 -0.001509134 0.01562271 0.04113334 -0.001338008 0.01618349 0.04113334 -0.001509134 0.01562271 0.04046667 -0.001338008 0.01618349 0.04046667 -0.002117184 0.01696179 0.04113334 -0.002677377 0.01679084 0.04113334 -0.002117184 0.01696179 0.04046667 -0.002677377 0.01679084 0.04046667 -0.003321104 0.01647292 0.04113334 -0.003481416 0.01636057 0.04113334 -0.003321104 0.01647292 0.04046667 -0.003481416 0.01636057 0.04046667 -0.004129983 0.01679378 0.04113334 -0.004087507 0.01698499 0.04113334 -0.004129983 0.01679378 0.04046667 -0.004087507 0.01698499 0.04046667 -0.004040134 0.01770149 0.04113334 -0.004096636 0.01828507 0.04113334 -0.004040134 0.01770149 0.04046667 -0.004096636 0.01828507 0.04046667 -0.005114345 0.01870595 0.04113334 -0.005566474 0.01833364 0.04113334 -0.005114345 0.01870595 0.04046667 -0.005566474 0.01833364 0.04046667 -0.006039537 0.01779357 0.04113334 -0.006144654 0.01762843 0.04113334 -0.006039537 0.01779357 0.04046667 -0.006144654 0.01762843 0.04046667 -0.006909634 0.01778046 0.04113334 -0.006943565 0.01797338 0.04113334 -0.006909634 0.01778046 0.04046667 -0.006943565 0.01797338 0.04046667 -0.007173987 0.01865346 0.04113334 -0.007449515 0.019171 0.04113334 -0.007173987 0.01865346 0.04046667 -0.007449515 0.019171 0.04046667 -0.008550819 0.01917038 0.04113334 -0.008826055 0.01865338 0.04113334 -0.008550819 0.01917038 0.04046667 -0.008826055 0.01865338 0.04046667 -0.009056434 0.01797339 0.04113334 -0.009090351 0.01778059 0.04113334 -0.009056434 0.01797339 0.04046667 -0.009090351 0.01778059 0.04046667 -0.009855283 0.01762831 0.04113334 -0.009960455 0.01779355 0.04113334 -0.009855283 0.01762831 0.04046667 -0.009960455 0.01779355 0.04046667 -0.01043359 0.01833369 0.04113334 -0.0108862 0.01870639 0.04113334 -0.01043359 0.01833369 0.04046667 -0.0108862 0.01870639 0.04046667 -0.01190344 0.01828437 0.04113334 -0.01195988 0.0177014 0.04113334 -0.01190344 0.01828437 0.04046667 -0.01195988 0.0177014 0.04046667 -0.0119125 0.01698501 0.04113334 -0.01187005 0.01679391 0.04113334 -0.0119125 0.01698501 0.04046667 -0.01187005 0.01679391 0.04046667 -0.01251848 0.01636049 0.04113334 -0.01267888 0.01647291 0.04113334 -0.01251848 0.01636049 0.04046667 -0.01267888 0.01647291 0.04046667 -0.01332271 0.01679087 0.04113334 -0.01388349 0.01696199 0.04113334 -0.01332271 0.01679087 0.04046667 -0.01388349 0.01696199 0.04046667 -0.01466179 0.01618282 0.04113334 -0.01449084 0.01562262 0.04113334 -0.01466179 0.01618282 0.04046667 -0.01449084 0.01562262 0.04046667 -0.01417292 0.0149789 0.04113334 -0.01406057 0.01481858 0.04113334 -0.01417292 0.0149789 0.04046667 -0.01406057 0.01481858 0.04046667 -0.01449378 0.01417002 0.04113334 -0.01468499 0.01421249 0.04113334 -0.01449378 0.01417002 0.04046667 -0.01468499 0.01421249 0.04046667 -0.01540149 0.01425987 0.04113334 -0.01598507 0.01420336 0.04113334 -0.01540149 0.01425987 0.04046667 -0.01598507 0.01420336 0.04046667 -0.01640595 0.01318566 0.04113334 -0.01603363 0.01273353 0.04113334 -0.01640595 0.01318566 0.04046667 -0.01603363 0.01273353 0.04046667 -0.01549357 0.01226046 0.04113334 -0.01532843 0.01215535 0.04113334 -0.01549357 0.01226046 0.04046667 -0.01532843 0.01215535 0.04046667 -0.01548046 0.01139037 0.04113334 -0.01567338 0.01135643 0.04113334 -0.01548046 0.01139037 0.04046667 -0.01567338 0.01135643 0.04046667 -0.01635346 0.01112601 0.04113334 -0.01687099 0.01085048 0.04113334 -0.01635346 0.01112601 0.04046667 -0.01687099 0.01085048 0.04046667 -0.01687038 0.009749181 0.04113334 -0.01635338 0.009473946 0.04113334 -0.01687038 0.009749181 0.04046667 -0.01635338 0.009473946 0.04046667 -0.01567339 0.009243567 0.04113334 -0.01548059 0.009209649 0.04113334 -0.01567339 0.009243567 0.04046667 -0.01548059 0.009209649 0.04046667 -0.01532831 0.008444717 0.04113334 -0.01549356 0.008339545 0.04113334 -0.01532831 0.008444717 0.04046667 -0.01549356 0.008339545 0.04046667 -0.01603369 0.007866406 0.04113334 -0.01640639 0.007413798 0.04113334 -0.01603369 0.007866406 0.04046667 -0.01640639 0.007413798 0.04046667 -0.01598437 0.006396563 0.04113334 -0.0154014 0.006340125 0.04113334 -0.01598437 0.006396563 0.04046667 -0.0154014 0.006340125 0.04046667 -0.01468501 0.006387503 0.04113334 -0.01449391 0.006429947 0.04113334 -0.01468501 0.006387503 0.04046667 -0.01449391 0.006429947 0.04046667 -0.01406049 0.005781518 0.04113334 -0.01417291 0.005621117 0.04113334 -0.01406049 0.005781518 0.04046667 -0.01417291 0.005621117 0.04046667 -0.01449087 0.004977292 0.04113334 -0.01466199 0.004416511 0.04113334 -0.01449087 0.004977292 0.04046667 -0.01466199 0.004416511 0.04046667 -0.01388282 0.003638208 0.04113334 -0.01332262 0.003809159 0.04113334 -0.01388282 0.003638208 0.04046667 -0.01332262 0.003809159 0.04046667 -0.0126789 0.004127081 0.04113334 -0.01251858 0.004239427 0.04113334 -0.0126789 0.004127081 0.04046667 -0.01251858 0.004239427 0.04046667 -0.01187002 0.003806218 0.04113334 -0.01191249 0.003615005 0.04113334 -0.01187002 0.003806218 0.04046667 -0.01191249 0.003615005 0.04046667 -0.01195987 0.002898512 0.04113334 -0.01190336 0.00231493 0.04113334 -0.01195987 0.002898512 0.04046667 -0.01190336 0.00231493 0.04046667 -0.01088566 0.00189405 0.04113334 -0.01043353 0.002266365 0.04113334 -0.01088566 0.00189405 0.04046667 -0.01043353 0.002266365 0.04046667 -0.009960463 0.002806431 0.04113334 -0.009855346 0.002971573 0.04113334 -0.009960463 0.002806431 0.04046667 -0.009855346 0.002971573 0.04046667 -0.009090366 0.002819536 0.04113334 -0.009056436 0.002626624 0.04113334 -0.009090366 0.002819536 0.04046667 -0.009056436 0.002626624 0.04046667 -0.008826013 0.001946542 0.04113334 -0.008550485 0.001429005 0.04113334 -0.008826013 0.001946542 0.04046667 -0.008550485 0.001429005 0.04046667 -0.00744918 0.001429623 0.04113334 -0.007173945 0.001946619 0.04113334 -0.00744918 0.001429623 0.04046667 -0.007173945 0.001946619 0.04046667 -0.006943567 0.002626608 0.04113334 -0.006909649 0.002819406 0.04113334 -0.006943567 0.002626608 0.04046667 -0.006909649 0.002819406 0.04046667 -0.006144717 0.002971688 0.04113334 -0.006039545 0.002806445 0.04113334 -0.006144717 0.002971688 0.04046667 -0.006039545 0.002806445 0.04046667 -0.005566406 0.002266309 0.04113334 -0.005113799 0.001893608 0.04113334 -0.005566406 0.002266309 0.04046667 -0.005113799 0.001893608 0.04046667 -0.004096562 0.002315629 0.04113334 -0.004040124 0.0028986 0.04113334 -0.004096562 0.002315629 0.04046667 -0.004040124 0.0028986 0.04046667 -0.004087503 0.00361499 0.04113334 -0.004129948 0.003806092 0.04113334 -0.004087503 0.00361499 0.04046667 -0.004129948 0.003806092 0.04046667 -0.003481519 0.004239508 0.04113334 -0.003321116 0.004127091 0.04113334 -0.003481519 0.004239508 0.04046667 -0.003321116 0.004127091 0.04046667 -0.002677292 0.003809134 0.04113334 -0.00211651 0.003638008 0.04113334 -0.002677292 0.003809134 0.04046667 -0.00211651 0.003638008 0.04046667 -0.001338208 0.004417184 0.04113334 -0.001509159 0.004977376 0.04113334 -0.001338208 0.004417184 0.04046667 -0.001509159 0.004977376 0.04046667 -0.001827081 0.005621104 0.04113334 -0.001939427 0.005781416 0.04113334 -0.001827081 0.005621104 0.04046667 -0.001939427 0.005781416 0.04046667 -0.001506218 0.006429984 0.04113334 -0.001315005 0.006387507 0.04113334 -0.001506218 0.006429984 0.04046667 -0.001315005 0.006387507 0.04046667 -0.0005985123 0.006340134 0.04113334 -1.493043e-05 0.006396636 0.04113334 -0.0005985123 0.006340134 0.04046667 -1.493043e-05 0.006396636 0.04046667 0.0004059496 0.007414345 0.04113334 3.363508e-05 0.007866474 0.04113334 0.0004059496 0.007414345 0.04046667 3.363508e-05 0.007866474 0.04046667 -0.005 0.0103 0.0438 -0.005003729 0.01044954 0.0438 -0.005014908 0.0105987 0.0438 -0.005033507 0.01074713 0.0438 -0.005059483 0.01089444 0.0438 -0.005092768 0.01104027 0.0438 -0.005133282 0.01118427 0.0438 -0.005180922 0.01132606 0.0438 -0.005235571 0.0114653 0.0438 -0.005297093 0.01160165 0.0438 -0.005365335 0.01173476 0.0438 -0.005440127 0.01186431 0.0438 -0.005521284 0.01198996 0.0438 -0.005608603 0.01211141 0.0438 -0.005701867 0.01222836 0.0438 -0.005800844 0.01234052 0.0438 -0.00590529 0.0124476 0.0438 -0.006014943 0.01254934 0.0438 -0.00612953 0.01264549 0.0438 -0.006248769 0.01273581 0.0438 -0.006372361 0.01282008 0.0438 -0.0065 0.01289808 0.0438 -0.006631368 0.01296961 0.0438 -0.006766139 0.01303452 0.0438 -0.006903977 0.01309262 0.0438 -0.00704454 0.01314378 0.0438 -0.007187479 0.01318787 0.0438 -0.007332437 0.01322478 0.0438 -0.007479055 0.01325442 0.0438 -0.007626969 0.01327672 0.0438 -0.00777581 0.01329161 0.0438 -0.007925208 0.01329907 0.0438 -0.008074792 0.01329907 0.0438 -0.008224191 0.01329161 0.0438 -0.008373031 0.01327672 0.0438 -0.008520945 0.01325442 0.0438 -0.008667562 0.01322478 0.0438 -0.008812521 0.01318787 0.0438 -0.00895546 0.01314378 0.0438 -0.009096023 0.01309262 0.0438 -0.009233861 0.01303452 0.0438 -0.009368632 0.01296961 0.0438 -0.0095 0.01289808 0.0438 -0.009627639 0.01282008 0.0438 -0.009751231 0.01273581 0.0438 -0.009870469 0.01264549 0.0438 -0.009985058 0.01254934 0.0438 -0.01009471 0.0124476 0.0438 -0.01019916 0.01234052 0.0438 -0.01029813 0.01222836 0.0438 -0.0103914 0.01211141 0.0438 -0.01047872 0.01198996 0.0438 -0.01055987 0.01186431 0.0438 -0.01063466 0.01173476 0.0438 -0.01070291 0.01160165 0.0438 -0.01076443 0.0114653 0.0438 -0.01081908 0.01132606 0.0438 -0.01086672 0.01118427 0.0438 -0.01090723 0.01104027 0.0438 -0.01094052 0.01089444 0.0438 -0.01096649 0.01074713 0.0438 -0.01098509 0.0105987 0.0438 -0.01099627 0.01044954 0.0438 -0.011 0.0103 0.0438 -0.01099627 0.01015046 0.0438 -0.01098509 0.0100013 0.0438 -0.01096649 0.009852873 0.0438 -0.01094052 0.009705562 0.0438 -0.01090723 0.009559728 0.0438 -0.01086672 0.009415734 0.0438 -0.01081908 0.009273939 0.0438 -0.01076443 0.009134696 0.0438 -0.01070291 0.008998349 0.0438 -0.01063466 0.008865238 0.0438 -0.01055987 0.008735694 0.0438 -0.01047872 0.00861004 0.0438 -0.0103914 0.008488586 0.0438 -0.01029813 0.008371637 0.0438 -0.01019916 0.008259481 0.0438 -0.01009471 0.008152399 0.0438 -0.009985058 0.008050656 0.0438 -0.009870469 0.007954505 0.0438 -0.009751231 0.007864186 0.0438 -0.009627639 0.007779922 0.0438 -0.0095 0.007701924 0.0438 -0.009368632 0.007630384 0.0438 -0.009233861 0.007565483 0.0438 -0.009096023 0.007507379 0.0438 -0.00895546 0.007456218 0.0438 -0.008812521 0.007412127 0.0438 -0.008667562 0.007375216 0.0438 -0.008520945 0.007345577 0.0438 -0.008373031 0.007323282 0.0438 -0.008224191 0.007308389 0.0438 -0.008074792 0.007300932 0.0438 -0.007925208 0.007300932 0.0438 -0.00777581 0.007308389 0.0438 -0.007626969 0.007323282 0.0438 -0.007479055 0.007345577 0.0438 -0.007332437 0.007375216 0.0438 -0.007187479 0.007412127 0.0438 -0.00704454 0.007456218 0.0438 -0.006903977 0.007507379 0.0438 -0.006766139 0.007565483 0.0438 -0.006631368 0.007630384 0.0438 -0.0065 0.007701924 0.0438 -0.006372361 0.007779922 0.0438 -0.006248769 0.007864186 0.0438 -0.00612953 0.007954505 0.0438 -0.006014943 0.008050656 0.0438 -0.00590529 0.008152399 0.0438 -0.005800844 0.008259481 0.0438 -0.005701867 0.008371637 0.0438 -0.005608603 0.008488586 0.0438 -0.005521284 0.00861004 0.0438 -0.005440127 0.008735694 0.0438 -0.005365335 0.008865238 0.0438 -0.005297093 0.008998349 0.0438 -0.005235571 0.009134696 0.0438 -0.005180922 0.009273939 0.0438 -0.005133282 0.009415734 0.0438 -0.005092768 0.009559728 0.0438 -0.005059483 0.009705562 0.0438 -0.005033507 0.009852873 0.0438 -0.005014908 0.0100013 0.0438 -0.005003729 0.01015046 0.0438</float_array>
          <technique_common>
            <accessor count="1660" source="#cubeverts-array0-array" stride="3">
              <param type="float" name="X"/>
              <param type="float" name="Y"/>
              <param type="float" name="Z"/>
            </accessor>
          </technique_common>
        </source>
        <source id="cubenormals-array0">
          <float_array count="9948" id="cubenormals-array0-array">0.08279053 -0.9965652 -0.001897129 0.1440139 -0.9895751 0.001028169 0.2047262 -0.9788173 0.001979576 0.2645739 -0.9643564 -0.004165392 0.1732275 -0.9848772 -0.003038326 0.0914292 -0.9958116 0 0.08279053 -0.9965652 0.001897119 0.1440139 -0.9895751 -0.001028163 0.09142919 -0.9958116 0 0.2537417 -0.967272 0 0.2047262 -0.9788173 -0.001979565 0.2645739 -0.9643565 0.004165372 0.2537417 -0.967272 0 0.1732283 -0.9848817 0 0.1732275 -0.9848771 0.003038309 0.1732283 -0.9848817 0 0.7324328 0.6808393 -0 0.7324328 0.6808393 0 0.871398 0.4905767 0 0.871398 0.4905767 -0 0.9619938 0.2730712 0 0.9619938 0.2730712 -0 0.9991833 0.04040688 0 0.9809026 -0.1944997 0 0.9991833 0.04040688 -0 0.9809026 -0.1944997 0 0.9081666 -0.4186088 0 0.9081666 -0.4186088 0 0.7850143 -0.6194776 0 0.7850143 -0.6194776 0 0.6182826 -0.7859558 0 0.4172238 -0.9088038 0 0.6182826 -0.7859558 0 0.4172238 -0.9088038 0 0.3211994 -0.9466625 -0.02570735 0.3713109 -0.9285005 -0.003876193 0.417366 -0.9087368 0.001791041 0.4601009 -0.8878329 -0.007725595 0.5002811 -0.8658628 -0.0007143434 0.5395035 -0.8419831 0.0006241316 0.575672 -0.8175597 -0.01407174 0.608288 -0.7925846 -0.04237153 0.4698928 -0.8826215 -0.01342114 0.3555303 -0.9346647 0 0.3211994 -0.9466626 0.02570722 0.3713109 -0.9285005 0.003876175 0.417366 -0.9087368 -0.001791034 0.4601009 -0.8878329 0.007725545 0.3555303 -0.9346648 0 0.5767628 -0.8169118 0 0.5002811 -0.8658628 0.0007143394 0.5395035 -0.8419831 -0.0006241237 0.575672 -0.8175597 0.01407166 0.608288 -0.7925847 0.04237124 0.4699351 -0.882701 0 0.5767627 -0.8169117 0 0.4699351 -0.882701 0 0.4698928 -0.8826214 0.01342108 0 0 -1 0 0 -1 0 0 -1 0 0 -1 0 0 -1 0 0 -1 0 0 -1 0 0 -1 0 0 -1 0 0 -1 0 0 -1 0 0 -1 0 0 -1 0 0 -1 0 0 -1 0 0 -1 0 0 -1 0 0 -1 0 0 -1 0 0 -1 0 0 -1 0 0 -1 0 0 -1 0 0 -1 0 0 -1 0 0 -1 0 0 -1 0 0 -1 0 0 -1 0 0 -1 0 0 -1 0 0 -1 0 0 -1 0 0 -1 0 0 -1 0 0 -1 0 0 -1 0 0 -1 0 0 -1 0 0 -1 0 0 -1 0 0 -1 0 0 -1 0 0 -1 0 0 -1 0 0 -1 0 0 -1 0 0 -1 0 0 -1 0 0 -1 0 0 -1 0 0 -1 0 0 -1 0 0 -1 0 -0 -1 0 0 -1 0 0 -1 0 0 -1 0 0 -1 0 0 -1 0 0 -1 0 0 -1 0 0 -1 0 0 -1 0 -0 -1 0 0 -1 0 0 -1 0 0 -1 0 0 -1 0 0 -1 0 0 -1 0 0 -1 0 0 -1 0 -0 -1 0 0 -1 0 0 -1 0 0 -1 0 0 -1 0 0 -1 0 0 -1 0 -0 -1 0 0 -1 0 0 -1 0 0 -1 0 -0 -1 0 0 -1 0 0 -1 0 0 -1 0 -0 -1 0 0 -1 0 0 -1 0 0 -1 0 -0 -1 0 0 -1 0 0 -1 0 0 -1 0 0 -1 0 0 -1 0 0 -1 0 0 -1 0 0 -1 0 0 -1 0 0 -1 0 0 -1 0 0 -1 0 0 -1 0 0 -1 0 0 -1 0 0 -1 0 0 -1 0 0 -1 0 0 -1 0 0 -1 0 0 -1 0 0 -1 0 0 -1 0 0 -1 0 0 -1 0 0 -1 0 0 -1 0 0 -1 0 0 -1 0 0 -1 0 0 -1 0 0 -1 0 0 -1 0 0 -1 0 0 -1 0 0 -1 0 0 -1 0 0 -1 0 0 -1 0 0 -1 0 0 -1 0 0 -1 0 0 -1 0 0 -1 0 0 -1 0 0 -1 0 0 -1 0 0 -1 0 0 -1 0 0 -1 0 0 -1 0 0 -1 0 0 -1 0 0 -1 0 0 -1 0 0 -1 0 0 -1 0 0 -1 0 0 -1 0 0 -1 0 0 -1 0 0 -1 0 0 -1 0 0 -1 0 0 -1 0 0 -1 0 0 -1 0 0 -1 0 0 -1 0 0 -1 0 0 -1 0 0 -1 0 0 -1 0 0 -1 0 0 -1 0 0 -1 0 0 -1 0 0 -1 0 0 -1 0 0 -1 0 0 -1 0 0 -1 0 0 -1 0 0 -1 0 0 -1 0 0 -1 0 0 -1 0 0 -1 0 -0 -1 0 -0 -1 0 0 -1 0 0 -1 0 0 -1 0 -0 -1 0 0 -1 0 0 -1 0 0 -1 0 0 -1 0 -0 -1 0 0 -1 0 0 -1 0 0 -1 0 -0 -1 0 0 -1 0 0 -1 0 -0 -1 0 0 -1 0 0 -1 0 0 -1 0 -0 -1 0 0 -1 0 0 -1 0 0 -1 0 0 -1 0 -0 -1 0 0 -1 0 0 -1 0 -0 -1 0 0 -1 0 0 -1 0 0 -1 0 0 -1 0 0 -1 0 -0 -1 0 0 -1 0 0 -1 0 0 -1 0 -0 -1 0 0 -1 0 0 -1 0 0 -1 0 -0 -1 0 0 -1 0 0 -1 0 0 -1 0 -0 -1 0 0 -1 0 0 -1 0 0 -1 0 0 -1 0 -0 -1 0 0 -1 0 0 -1 0 -0 -1 0 0 -1 0 0 -1 0 0 -1 0 -0 -1 0 0 -1 0 0 -1 0 0 -1 0 -0 -1 0 -0 -1 0 0 -1 0 0 -1 0 0 -1 0 0 -1 0 0 -1 0 -0 -1 0 -0 -1 0 -0 -1 0 0 -1 0 0 -1 0 0 -1 0 0 -1 0 -0 -1 0 0 -1 0 0 -1 0 -0 -1 0 0 -1 0 0 -1 0 0 -1 0 0 -1 0 -0 -1 0 0 -1 0 0 -1 0 0 -1 0 -0 -1 0 0 -1 0 0 -1 0 0 -1 0 -0 -1 0 0 -1 0 0 -1 0 0 -1 0 -0 -1 0 0 -1 0 0 -1 0 0 -1 0 0 -1 0 -0 -1 0 0 -1 0 0 -1 0 0 -1 0 -0 -1 0 0 -1 0 0 -1 0 0 -1 0 0 -1 0 -0 -1 0 0 -1 0 0 -1 0 0 -1 0 -0 -1 0 0 -1 0 0 -1 0 0 -1 0 -0 -1 0 0 -1 0 0 -1 0 0 -1 0 -0 -1 0 0 -1 0 0 -1 0 -0 -1 0 -0 -1 0 0 -1 0 0 -1 0 -0 -1 0 -0 -1 0 0 -1 0 0 -1 0 -0 -1 0 -0 -1 0 0 -1 0 0 -1 0 -0 -1 0 0 -1 0 0 -1 0 -0 -1 0 -0 -1 0 -0 -1 0 0 -1 0 0 -1 0 0 -1 0 -0 -1 0 0 -1 0 -0 -1 0 -0 -1 0 0 -1 0 0 -1 0 0 -1 0 0 -1 0 -0 -1 0 -0 -1 0 0 -1 0 0 -1 0 0 -1 0 -0 -1 0 -0 -1 0 -0 -1 0 0 -1 0 0 -1 0 0 -1 0 0 -1 0 -0 -1 0 0 -1 0 0 -1 0 0 -1 0 -0 -1 0 -0 -1 0 -0 -1 0 -0 -1 0 0 -1 0 0 -1 0 0 -1 0 0 -1 0 -0 -1 0 0 -1 0 -0 -1 0 -0 -1 0 0 -1 0 0 -1 0 -0 -1 0 0 -1 0 0 -1 0 0 -1 0 -0 -1 0 -0 -1 0 0 -1 0 0 -1 0 -0 -1 0 0 -1 0 0 -1 0 0 -1 0 0 -1 0 -0 -1 0 -0 -1 0 0 -1 0 0 -1 0 -0 -1 0 0 -1 0 0 -1 0 -0 -1 0 -0 -1 0 -0 -1 0 0 -1 0 0 -1 0 0 -1 0 0 -1 0 -0 -1 0 0 -1 0 0 -1 0 0 -1 0 -0 -1 0 -0 -1 0 0 -1 0 -0 -1 0 0 -1 0 0 -1 0 0 -1 0 0 -1 0 -0 -1 0 -0 -1 0 -0 -1 0 0 -1 0 -0 -1 0 0 -1 0 0 -1 0 0 -1 0 0 -1 0 -0 -1 0 0 -1 0 0 -1 0 0 -1 0 -0 -1 0 0 -1 0 0 -1 0 0 -1 0 -0 -1 0 0 -1 0 0 -1 0 0 -1 0 -0 -1 0 -0 -1 0 0 -1 0 0 -1 0 0 -1 0 -0 -1 0 0 -1 0 0 -1 0 0 -1 0 -0 -1 0 0 -1 0 0 -1 0 0 -1 0 -0 -1 0 0 -1 0 0 -1 0 0 -1 0 0 -1 0 -0 -1 0 0 -1 0 0 -1 0 -0 -1 0 0 -1 0 0 -1 0 -0 -1 0 0 -1 0 0 -1 0 0 -1 0 -0 -1 0 0 -1 0 0 -1 0 0 -1 0 0 -1 0 0 -1 0 -0 -1 0 -0 -1 0 0 -1 0 0 -1 0 0 -1 0 -0 -1 0 0 -1 0 0 -1 -0 -0 -1 0 -0 -1 0 0 -1 0 0 -1 0 0 -1 0 0 -1 0 0 -1 0 0 -1 0 0 -1 0 -0 -1 0 0 -1 0 0 -1 0 0 -1 0 0 -1 0 0 -1 0 -0 -1 0 0 -1 0 0 -1 0 0 -1 0 0 -1 0 0 -1 0 -0 -1 0 0 -1 0 0 -1 0 0 -1 0 0 -1 0 0 -1 0 -0 -1 0 0 -1 0 0 -1 0 0 -1 0 0 -1 0 0 -1 0 -0 -1 0 0 -1 0 0 -1 0 0 -1 0 0 -1 0 0 -1 0 -0 -1 0 0 -1 0 0 -1 0 0 -1 0 0 -1 0 0 -1 0 -0 -1 0 -0 -1 0 0 -1 0 0 -1 0 0 -1 0 0 -1 0 0 -1 0 0 -1 0 -0 -1 0 0 -1 0 0 -1 0 -0 -1 0 0 -1 0 0 -1 0 0 -1 0 -0 -1 0 0 -1 0 0 -1 0 0 -1 0 0 -1 0 -0 -1 0 0 -1 0 0 -1 0 0 -1 0 0 -1 0 0 -1 0 -0 -1 0 0 -1 0 0 -1 0 0 -1 0 -0 -1 0 0 -1 0 0 -1 0 0 -1 0 0 -1 0 0 -1 0 -0 -1 0 0 -1 0 0 -1 0 0 -1 0 0 -1 0 0 -1 0 0 -1 0 -0 -1 0 0 -1 0 0 -1 0 0 -1 0 0 -1 0 0 -1 0 0 -1 0 0 -1 0 0 -1 0 0 -1 0 0 -1 0 0 -1 0 0 -1 0 0 -1 0 0 -1 0 -0 -1 0 0 -1 0 0 -1 0 0 1 0 0 1 0 0 1 0 0 1 0 0 1 0 0 1 0 0 1 0 0 1 0 0 1 0 0 1 0 0 1 0 0 1 0 0 1 0 0 1 0 0 1 0 0 1 0 0 1 0 0 1 0 0 1 0 0 1 0 0 1 0 0 1 0 0 1 0 0 1 0 0 1 0 0 1 0 0 1 0 0 1 0 0 1 0 0 1 0 0 1 0 0 1 0 0 1 0 0 1 0 0 1 0 0 1 0 0 1 0 0 1 0 0 1 0 0 1 0 0 1 0 0 1 0 0 1 0 0 1 0 0 1 0 0 1 0 0 1 0 0 1 0 0 1 0 0 1 0 0 1 0 0 1 0 0 1 0 0 1 0 0 1 0 0 1 0 0 1 0 0 1 0 0 1 0 0 1 0 0 1 0 0 1 0 0 1 0 0 1 0 0 1 0 0 1 0 0 1 0 0 1 0 0 1 0 0 1 0 0 1 0 0 1 0 0 1 0 0 1 0 0 1 0 0 1 0 0 1 0 0 1 0 0 1 0 0 1 0 0 1 0 0 1 0 0 1 0 0 1 0 0 1 0 0 1 0 0 1 0 0 1 0 0 1 0 0 1 0 0 1 0 0 1 0 0 1 0 0 1 0 0 1 0 0 1 0 0 1 0 0 1 0 0 1 0 0 1 0 0 1 0 0 1 0 0 1 0 0 1 0 0 1 0 0 1 0 0 1 0 0 1 0 0 1 0 0 1 0 0 1 0 0 1 0 0 1 0 0 1 0 0 1 0 0 1 0 0 1 0 0 1 0 0 1 0 0 1 0 0 1 0 0 1 0 0 1 0 0 1 0 0 1 0 0 1 0 0 1 0 0 1 0 0 1 0 0 1 0 0 1 0 0 1 0 0 1 0 0 1 0 0 1 0 0 1 0 0 1 0 0 1 0 0 1 0 0 1 0 0 1 0 0 1 0 0 1 0 0 1 0 0 1 0 0 1 0 0 1 0 0 1 0 0 1 0 0 1 0 0 1 0 0 1 0 0 1 0 0 1 0 0 1 0 0 1 0 0 1 0 0 1 0 0 1 0 0 1 0 0 1 0 0 1 0 0 1 0 0 1 0 0 1 0 0 1 0 0 1 0 0 1 0 0 1 0 0 1 0 0 1 0 0 1 0 0 1 0 0 1 0 0 1 0 0 1 0 0 1 0 0 1 0 0 1 0 0 1 0 0 1 0 0 1 0 0 1 0 0 1 0 0 1 0 0 1 0 0 1 0 0 1 0 0 1 0 0 1 0 0 1 0 0 1 0 0 1 0 0 1 0 0 1 0 0 1 0 0 1 0 0 1 0 0 1 0 0 1 0 0 1 0 0 1 0 0 1 0 0 1 0 0 1 0 0 1 0 0 1 0 0 1 0 0 1 0 0 1 0 0 1 0 0 1 0 0 1 0 0 1 0 0 1 0 0 1 0 0 1 0 0 1 0 0 1 0 0 1 0 0 1 0 0 1 0 0 1 0 0 1 0 0 1 0 0 1 0 0 1 0 0 1 0 0 1 0 0 1 0 0 1 0 0 1 0 0 1 0 0 1 0 0 1 0 0 1 0 0 1 0 0 1 0 0 1 0 0 1 0 0 1 0 0 1 0 0 1 0 0 1 0 0 1 0 0 1 0 0 1 0 0 1 0 0 1 0 0 1 0 0 1 0 0 1 0 0 1 0 0 1 0 0 1 0 0 1 0 0 1 0 0 1 0 0 1 0 0 1 0 0 1 0 0 1 0 0 1 0 0 1 0 0 1 0 0 1 0 0 1 0 0 1 0 0 1 0 0 1 0 0 1 0 0 1 0 0 1 0 0 1 0 0 1 0 0 1 0 0 1 0 0 1 0 0 1 0 0 1 0 0 1 0 0 1 0 0 1 0 0 1 0 0 1 0 0 1 0 0 1 0 0 1 0 0 1 0 0 1 0 0 1 0 0 1 0 0 1 0 0 1 0 0 1 0 0 1 0 0 1 0 0 1 0 0 1 0 0 1 0 0 1 0 0 1 0 0 1 0 0 1 0 0 1 0 0 1 0 0 1 0 0 1 0 0 1 0 0 1 0 0 1 0 0 1 0 0 1 0 0 1 0 0 1 0 0 1 0 0 1 0 0 1 0 0 1 0 0 1 0 0 1 0 0 1 0 0 1 0 0 1 0 0 1 0 0 1 0 0 1 0 0 1 0 0 1 0 0 1 0 0 1 0 0 1 0 0 1 0 0 1 0 0 1 0 0 1 0 0 1 0 0 1 0 0 1 0 0 1 0 0 1 0 0 1 0 0 1 0 0 1 0 0 1 0 0 1 0 0 1 0 0 1 0 0 1 0 0 1 0 0 1 0 0 1 0 0 1 0 0 1 0 0 1 0 0 1 0 0 1 0 0 1 0 0 1 0 0 1 0 0 1 0 0 1 0 0 1 0 0 1 0 0 1 0 0 1 0 0 1 0 0 1 0 0 1 0 0 1 0 0 1 0 0 1 0 0 1 0 0 1 0 0 1 0 0 1 0 0 1 0 0 1 0 0 1 0 0 1 0 0 1 0 0 1 0 0 1 0 0 1 0 0 1 0 0 1 0 0 1 0 0 1 0 0 1 0 0 1 0 0 1 0 0 1 0 0 1 0 0 1 0 0 1 0 0 1 0 0 1 0 0 1 0 0 1 0 0 1 0 0 1 0 0 1 0 0 1 0 0 1 0 0 1 0 0 1 0 0 1 0 0 1 0 0 1 0 0 1 0 0 1 0 0 1 0 0 1 0 0 1 0 0 1 0 0 1 0 0 1 0 0 1 0 0 1 0 0 1 0 0 1 0 0 1 0 0 1 0 0 1 0 0 1 0 0 1 0 0 1 0 0 1 0 0 1 0 0 1 0 0 1 0 0 1 0 0 1 0 0 1 0 0 1 0 0 1 0 0 1 0 0 1 0 0 1 0 0 1 0 0 1 0 0 1 0 0 1 0 0 1 0 0 1 0 0 1 0 0 1 0 0 1 0 0 1 0 0 1 0 0 1 0 0 1 0 0 1 0 0 1 0 0 1 0 0 1 0 0 1 0 0 1 0 0 1 0 0 1 0 0 1 0 0 1 0 0 1 0 0 1 0 0 1 0 0 1 0 0 1 0 0 1 0 0 1 0 0 1 0 0 1 0 0 1 0 0 1 0 0 1 0 0 1 0 0 1 0 0 1 0 0 1 0 0 1 0 0 1 0 0 1 0 0 1 0 0 1 0 0 1 0 0 1 0 0 1 0 0 1 0 0 1 0 0 1 0 0 1 0 0 1 0 0 1 0 0 1 0 0 1 0 0 1 0 0 1 0 0 1 0 0 1 0 0 1 0 0 1 0 0 1 0 0 1 0 0 1 0 0 1 0 0 1 0 0 1 0 0 1 0 0 1 0 0 1 0 0 1 0 0 1 0 0 1 0 0 1 0 0 1 0 0 1 0 0 1 0 0 1 0 0 1 0 0 1 0 0 1 0 0 1 0 0 1 0 0 1 0 0 1 0 0 1 0 0 1 0 0 1 0 0 1 0 0 1 0 0 1 0 0 1 0 0 1 0 0 1 0 0 1 0 0 1 0 0 1 0 0 1 0 0 1 0 0 1 0 0 1 0 0 1 0 0 1 0 0 1 0 0 1 0 0 1 0 0 1 0 0 1 0 0 1 0 0 1 0 0 1 0 0 1 0 0 1 0 0 1 0 0 1 0 0 1 0 0 1 0 0 1 0 0 1 0 0 1 0 0 1 0 0 1 0 0 1 0 0 1 0 0 1 0 0 1 0 0 1 0 0 1 0 0 1 0 0 1 0 0 1 0 0 1 0 0 1 0 0 1 0 0 1 0 0 1 0 0 1 0 0 1 0 0 1 0 0 1 0 0 1 0 0 1 0 0 1 0 0 1 0 0 1 0 0 1 0 0 1 0 0 1 0 0 1 0 0 1 0 0 1 0 0 1 0 0 1 0 0 1 0 0 1 0 0 1 0 0 1 0 0 1 0 0 1 0 0 1 0 0 1 0 0 1 0 0 1 0 0 1 0 0 1 0 0 1 0 0 1 0 0 1 0 0 1 0 0 1 0 0 1 0 0 1 0 0 1 0 0 1 0 0 1 0 0 1 0 0 1 0 0 1 0 0 1 0 0 1 0 0 1 0 0 1 0 0 1 0 0 1 0 0 1 0 0 1 0 0 1 0 0 1 0 0 1 0 0 1 0 0 1 0 0 1 0 0 1 0 0 1 0 0 1 0 0 1 0 0 1 0 0 1 0 0 1 0 0 1 0 0 1 0 0 1 0 0 1 0 0 1 0 0 1 0 0 1 0 0 1 0 0 1 0 0 1 0 0 1 0 0 1 0 0 1 0 0 1 0 0 1 0 0 1 0 0 1 0 0 1 0 0 1 0 0 1 0 0 1 0 0 1 0 0 1 0 0 1 0 0 1 0 0 1 0 0 1 0 0 1 0 0 1 0 0 1 0 0 1 0 0 1 0 0 1 0 0 1 0 0 1 0 0 1 0 0 1 0 0 1 0 0 1 0 0 1 0 0 1 0 0 1 0 0 1 0 0 1 0 0 1 0 0 1 0 0 1 0 0 1 0 0 1 0 0 1 0 0 1 0 0 1 0 0 1 0 0 1 0 0 1 0 0 1 0 0 1 0 0 1 0 0 1 0 0 1 0 0 1 0 0 1 0 0 1 0 0 1 0.61348 0.7896993 -0.004163395 0.563746 0.8259458 0.001979427 0.5117686 0.8591227 0.001027141 0.4577949 0.8890558 -0.00189895 0.5369644 0.8435995 -0.003036668 0.6045919 0.7965354 -0 0.61348 0.7896993 0.004163363 0.563746 0.8259458 -0.001979419 0.6045918 0.7965354 0 0.4655116 0.8850417 0 0.5117686 0.8591227 -0.001027133 0.4577949 0.8890558 0.001898939 0.5369668 0.8436034 0 0.4655116 0.8850417 0 0.5369643 0.8435995 0.00303665 0.5369668 0.8436034 -0 0.9999965 -0.002620054 0 0.9999965 -0.002620054 0 0.9999728 0.007366192 0 0.9999728 0.007366192 -0 0.9998494 0.01735113 0 0.9998494 0.01735113 -0 0.6071156 0.7935886 -0.04034626 0.5709274 0.8209298 -0.01077268 0.5327644 0.8462622 0.001556939 0.493213 0.8699048 -0.002578428 0.4525273 0.8917369 -0.004946261 0.4093083 0.9123942 0.001916121 0.3637174 0.9314877 -0.006347403 0.3176287 0.9477919 -0.02832846 0.4698834 0.8826198 -0.01385391 0.5769886 0.8167523 -0 0.6071156 0.7935886 0.04034603 0.5709274 0.8209298 0.01077261 0.5327644 0.8462622 -0.001556928 0.493213 0.8699048 0.002578419 0.5769886 0.8167522 0 0.355507 0.9346737 0 0.4525273 0.8917369 0.004946236 0.4093083 0.9123941 -0.001916103 0.3637174 0.9314877 0.006347356 0.3176287 0.9477919 0.02832829 0.4699285 0.8827044 0 0.355507 0.9346737 0 0.4699285 0.8827044 -0 0.4698834 0.8826198 0.01385384 0.2645775 0.9643555 -0.004164477 0.2047577 0.9788107 0.001978365 0.1440422 0.989571 0.001027717 0.08271807 0.9965712 -0.001898554 0.1732651 0.9848706 -0.003036741 0.253747 0.9672707 -0 0.2645775 0.9643554 0.004164455 0.2047577 0.9788108 -0.001978354 0.253747 0.9672706 0 0.09138171 0.995816 0 0.1440422 0.989571 -0.001027711 0.08271807 0.9965712 0.001898544 0.1732658 0.9848751 0 0.0913817 0.9958159 0 0.1732651 0.9848706 0.003036725 0.1732658 0.9848751 -0 0.4161284 0.9093058 -0 0.4161284 0.9093058 0 0.6173374 0.7866985 0 0.6173374 0.7866985 -0 0.784266 0.6204247 0 0.784266 0.6204247 -0 0.9076613 0.4197033 0 0.9076613 0.4197033 -0 0.9806675 0.1956812 0 0.9806675 0.1956812 -0 0.9992313 -0.03920318 0 0.9623227 -0.2719099 0 0.9992313 -0.03920318 0 0.9623227 -0.2719099 0 0.8719903 -0.4895232 0 0.8719903 -0.4895232 0 0.7332486 -0.6799607 0 0.7332486 -0.6799607 0 0.457861 -0.8890218 -0.001897292 0.5117464 -0.8591359 0.001027877 0.5637181 -0.8259649 0.001979135 0.6134764 -0.7897021 -0.00416582 0.5369375 -0.8436165 -0.003038493 0.4655543 -0.8850194 0 0.4578609 -0.8890218 0.00189728 0.5117464 -0.8591359 -0.00102787 0.4655543 -0.8850193 0 0.6045836 -0.7965417 0 0.5637181 -0.8259648 -0.001979128 0.6134764 -0.7897021 0.004165789 0.6045837 -0.7965417 0 0.53694 -0.8436204 0 0.5369375 -0.8436165 0.003038472 0.53694 -0.8436204 0 0.6590227 -0.7516836 -0.02570659 0.6983684 -0.7157279 -0.003875954 0.7333536 -0.6798451 0.001791139 0.7648371 -0.6441773 -0.007725846 0.7935511 -0.6085032 -0.0007139088 0.8206486 -0.5714329 0.0006244957 0.8447182 -0.5350264 -0.01407186 0.8652933 -0.499472 -0.04237074 0.7718888 -0.6356159 -0.01342101 0.6861481 -0.7274619 0 0.6590227 -0.7516836 0.02570645 0.6983685 -0.715728 0.003875918 0.7333536 -0.6798452 -0.001791122 0.7648371 -0.6441773 0.007725782 0.6861481 -0.7274618 0 0.8454776 -0.5340108 0 0.7935511 -0.6085032 0.0007139124 0.8206485 -0.5714329 -0.0006244906 0.8447181 -0.5350264 0.01407178 0.8652933 -0.499472 0.04237048 0.7719583 -0.6356732 0 0.8454776 -0.5340108 0 0.7719583 -0.6356732 0 0.7718888 -0.635616 0.01342092 0.9248792 0.380261 -0 0.9248792 0.380261 0 0.9210352 0.3894793 0 0.9210352 0.3894793 -0 0.917102 0.3986525 0 0.917102 0.3986525 -0 0.2572066 0.9655139 -0.0403445 0.2133135 0.9769244 -0.01077322 0.1683595 0.9857244 0.001556864 0.1227712 0.9924316 -0.002578493 0.07682592 0.9970323 -0.00494649 0.02899339 0.9995778 0.001915626 -0.02043232 0.9997711 -0.006347645 -0.06925812 0.9971964 -0.02833147 0.09635051 0.9952511 -0.01385445 0.2205101 0.9753847 -0 0.2572066 0.9655139 0.04034427 0.2133135 0.9769244 0.01077316 0.1683595 0.9857244 -0.001556855 0.1227712 0.9924317 0.00257848 0.2205101 0.9753847 0 -0.02923879 0.9995725 0 0.07682592 0.9970323 0.004946463 0.02899339 0.9995778 -0.001915615 -0.02043231 0.9997711 0.006347608 -0.06925811 0.9971964 0.02833131 0.09635975 0.9953466 0 -0.02923879 0.9995725 0 0.09635975 0.9953466 -0 0.09635051 0.9952511 0.01385437 -0.1246027 0.992198 -0.004164667 -0.1854027 0.9826607 0.001978371 -0.2456153 0.9693668 0.001027668 -0.3049452 0.9523679 -0.001898349 -0.2168178 0.9762074 -0.00303684 -0.1357249 0.9907466 0 -0.1246027 0.992198 0.004164643 -0.1854027 0.9826607 -0.001978359 -0.1357249 0.9907466 0 -0.2966529 0.9549853 0 -0.2456153 0.9693668 -0.001027662 -0.3049452 0.952368 0.001898336 -0.2168188 0.9762119 0 -0.2966529 0.9549853 0 -0.2168178 0.9762074 0.00303682 -0.2168188 0.9762119 0 0.03647882 0.9993345 -0 0.03647882 0.9993345 0 0.2692801 0.9630619 0 0.487139 0.8733245 0 0.2692801 0.9630619 -0 0.487139 0.8733245 0 0.67796 0.7350988 0 0.67796 0.7350988 -0 0.831134 0.5560722 0 0.831134 0.5560722 -0 0.9381717 0.3461704 0 0.9381717 0.3461704 -0 0.9931257 0.1170524 0 0.9931257 0.1170524 -0 0.9929462 -0.1185656 0 0.9929462 -0.1185656 0 0.9376436 -0.347598 0 0.9376436 -0.347598 0 0.7632237 -0.6461316 -0.00189627 0.8015659 -0.5979056 0.001028494 0.8368922 -0.5473642 0.001979218 0.8689845 -0.4948219 -0.004165546 0.8189042 -0.5739222 -0.003038725 0.7687967 -0.6394933 0 0.7632237 -0.6461316 0.001896262 0.8015659 -0.5979056 -0.001028488 0.7687967 -0.6394933 0 0.8633864 -0.5045434 0 0.8368922 -0.5473642 -0.001979202 0.8689844 -0.4948219 0.004165522 0.8633863 -0.5045433 0 0.818908 -0.5739249 0 0.8189041 -0.5739222 0.0030387 0.818908 -0.5739249 0 0.8965142 -0.4422686 -0.02570642 0.9191049 -0.3939939 -0.003876236 0.9376959 -0.3474523 0.001791077 0.9531338 -0.3024506 -0.007726068 0.9660098 -0.2585047 -0.0007138792 0.9768583 -0.2138864 0.0006245183 0.9851636 -0.1710401 -0.01407186 0.9905664 -0.1303189 -0.0423703 0.956372 -0.2918432 -0.01342086 0.9123054 -0.4095104 0 0.8965142 -0.4422686 0.02570627 0.9191049 -0.3939939 0.00387621 0.9376959 -0.3474524 -0.001791067 0.9531337 -0.3024506 0.007726023 0.9123055 -0.4095104 0 0.9854766 -0.1698114 0 0.9660097 -0.2585046 0.000713875 0.9768583 -0.2138864 -0.0006245133 0.9851636 -0.1710401 0.01407178 0.9905664 -0.130319 0.04237007 0.9564582 -0.2918695 0 0.9854766 -0.1698114 0 0.9564582 -0.2918695 0 0.956372 -0.2918432 0.01342077 0.7089645 0.7052441 -0 0.7089645 0.7052441 0 0.7018784 0.7122967 0 0.7018784 0.7122967 -0 0.6947268 0.7192737 0 0.6947268 0.7192737 -0 -0.1318527 0.9904477 -0.04035031 -0.1767784 0.9841917 -0.01077433 -0.2216789 0.9751185 0.001556005 -0.2663608 0.96387 -0.002579059 -0.3105666 0.9505386 -0.004949121 -0.3557356 0.9345847 0.001913541 -0.401478 0.9158466 -0.006350612 -0.4455899 0.8947889 -0.02832845 -0.2918501 0.9563637 -0.0138554 -0.1695386 0.9855235 0 -0.1318527 0.9904478 0.04035008 -0.1767784 0.9841917 0.01077427 -0.2216789 0.9751185 -0.001555996 -0.2663608 0.9638699 0.002579054 -0.1695387 0.9855235 0 -0.4095298 0.9122967 0 -0.3105666 0.9505387 0.004949086 -0.3557356 0.9345847 -0.001913526 -0.401478 0.9158466 0.00635058 -0.4455898 0.8947889 0.02832831 -0.2918781 0.9564555 0 -0.4095298 0.9122968 0 -0.2918781 0.9564555 0 -0.2918501 0.9563637 0.01385533 -0.4948173 0.8689871 -0.004163718 -0.5473444 0.8369051 0.001979886 -0.5978722 0.8015907 0.00102701 -0.6461924 0.7631721 -0.001899652 -0.5738978 0.8189214 -0.003035243 -0.5045352 0.8633912 0 -0.4948173 0.868987 0.004163687 -0.5473444 0.8369051 -0.001979875 -0.5045352 0.8633912 0 -0.6395283 0.7687675 0 -0.5978723 0.8015907 -0.001027006 -0.6461924 0.7631721 0.001899635 -0.5739003 0.8189251 0 -0.6395283 0.7687675 0 -0.5738978 0.8189214 0.003035226 -0.5739003 0.8189251 0 -0.3487205 0.9372268 0 -0.3487205 0.9372268 0 -0.1197633 0.9928025 0 -0.1197633 0.9928025 0 0.1158477 0.993267 0 0.1158477 0.993267 -0 0.3450462 0.9385856 0 0.5550595 0.8318107 0 0.3450462 0.9385856 -0 0.5550595 0.8318107 0 0.7342918 0.678834 0 0.8727348 0.4881946 0 0.7342918 0.678834 -0 0.9627362 0.2704424 0 0.8727348 0.4881946 0 0.9992898 0.03768082 0 0.9627362 0.2704424 0 0.9992898 0.03768082 0 0.9523906 -0.3048744 -0.00189674 0.9693596 -0.2456436 0.001028211 0.9826546 -0.1854349 0.001979581 0.992197 -0.1246106 -0.004165258 0.976199 -0.2168549 -0.003038367 0.9549997 -0.2966066 0 0.9523907 -0.3048744 0.001896729 0.9693596 -0.2456436 -0.001028206 0.9549997 -0.2966067 0 0.9907454 -0.1357336 0 0.9826546 -0.1854349 -0.001979569 0.992197 -0.1246106 0.004165233 0.9907454 -0.1357336 0 0.9762036 -0.216856 0 0.976199 -0.2168549 0.003038349 0.9762036 -0.216856 0 0.9975199 -0.06552184 -0.02570724 0.9999172 -0.01227396 -0.003875866 0.9992824 0.03783617 0.001791139 0.9963238 0.0853186 -0.007725591 0.9914021 0.1308485 -0.000714323 0.9843502 0.1762224 0.0006241619 0.9756264 0.2189865 -0.01407243 0.965035 0.258674 -0.04236982 0.9952561 0.09635978 -0.01342134 0.9995732 -0.0292131 0 0.9975199 -0.06552184 0.0257071 0.9999172 -0.01227396 0.003875844 0.9992824 0.03783617 -0.001791128 0.9963238 0.0853186 0.007725546 0.9995732 -0.0292131 0 0.9754457 0.2202404 0 0.9914021 0.1308485 0.0007143178 0.9843502 0.1762224 -0.0006241541 0.9756264 0.2189865 0.01407235 0.965035 0.2586741 0.04236957 0.9953457 0.09636845 0 0.9754456 0.2202404 0 0.9953457 0.09636845 -0 0.9952561 0.09635977 0.01342127 0.3850911 0.9228786 -0 0.3850911 0.9228786 0 0.3758697 0.9266725 0 0.3758697 0.9266725 -0 0.366594 0.930381 0 0.366594 0.930381 -0 -0.5008447 0.8645962 -0.04034865 -0.5399543 0.8416255 -0.01077434 -0.5779654 0.8160598 0.001556215 -0.6149437 0.7885668 -0.002579104 -0.6506824 0.7593339 -0.004946932 -0.6863098 0.7273068 0.001916121 -0.721391 0.692499 -0.006346076 -0.7540954 0.6561535 -0.02832986 -0.635618 0.7718794 -0.0138542 -0.5337762 0.8456258 0 -0.5008447 0.8645962 0.0403484 -0.5399542 0.8416254 0.01077426 -0.5779654 0.8160597 -0.001556206 -0.6149437 0.7885668 0.002579086 -0.5337762 0.8456258 0 -0.7274791 0.6861299 0 -0.6506824 0.759334 0.00494689 -0.6863098 0.7273068 -0.001916109 -0.721391 0.692499 0.006346039 -0.7540954 0.6561535 0.02832971 -0.635679 0.7719535 0 -0.7274791 0.6861299 0 -0.635679 0.7719535 0 -0.635618 0.7718794 0.01385412 -0.7896977 0.6134821 -0.004164718 -0.8259463 0.5637454 0.001978367 -0.859124 0.5117665 0.001028231 -0.8890551 0.4577963 -0.001897708 -0.8435965 0.5369692 -0.003036703 -0.796536 0.6045911 0 -0.7896977 0.6134821 0.004164694 -0.8259462 0.5637454 -0.001978355 -0.796536 0.6045911 0 -0.8850437 0.465508 0 -0.8591239 0.5117665 -0.001028225 -0.889055 0.4577963 0.001897695 -0.8436003 0.5369716 0 -0.8850437 0.465508 0 -0.8435965 0.5369692 0.003036689 -0.8436003 0.5369716 0 -0.6808444 0.7324281 0 -0.6808444 0.7324281 0 -0.4905747 0.8713991 0 -0.4905747 0.8713991 0 -0.2730647 0.9619957 0 -0.2730647 0.9619957 0 -0.04041468 0.999183 0 -0.04041468 0.999183 0 0.1945064 0.9809012 0 0.1945064 0.9809012 -0 0.418613 0.9081647 0 0.418613 0.9081647 -0 0.6194729 0.785018 0 0.6194729 0.785018 -0 0.7859564 0.618282 0 0.7859564 0.618282 -0 0.9088041 0.4172233 0 0.9088041 0.4172233 -0 0.9965649 0.08279382 -0.001897054 0.9895749 0.1440161 0.001028131 0.9788174 0.2047257 0.001979624 0.9643573 0.2645707 -0.004165072 0.9848771 0.1732282 -0.003038102 0.9958113 0.09143211 -0 0.9965649 0.08279382 0.001897044 0.9895748 0.1440161 -0.001028124 0.9958113 0.0914321 0 0.9672726 0.2537394 0 0.9788174 0.2047257 -0.001979613 0.9643573 0.2645707 0.004165047 0.9672726 0.2537394 0 0.9848816 0.173229 0 0.984877 0.1732282 0.003038086 0.9848816 0.173229 -0 0.9466629 0.3211983 -0.02570851 0.9284993 0.3713139 -0.003875632 0.9087375 0.4173643 0.001791057 0.8878328 0.4601013 -0.007726063 0.8658623 0.500282 -0.0007134341 0.841984 0.5395021 0.0006249754 0.8175592 0.5756726 -0.01407172 0.7925858 0.6082867 -0.04236964 0.8826219 0.469892 -0.01342096 0.9346646 0.3555308 -0 0.946663 0.3211983 0.02570835 0.9284993 0.371314 0.00387561 0.9087375 0.4173643 -0.001791047 0.8878328 0.4601013 0.007726018 0.9346646 0.3555308 0 0.8169118 0.5767627 0 0.8658623 0.500282 0.0007134215 0.841984 0.5395021 -0.0006249719 0.8175591 0.5756726 0.01407165 0.7925857 0.6082866 0.0423694 0.8827014 0.4699343 0 0.8169118 0.5767627 0 0.8827014 0.4699343 -0 0.8826218 0.469892 0.01342091 0.00262762 0.9999965 -0 0.00262762 0.9999965 0 -0.007377561 0.9999728 0 -0.007377561 0.9999728 0 -0.01734229 0.9998496 0 -0.01734229 0.9998496 0 -0.7935896 0.6071143 -0.04034463 -0.8209283 0.5709296 -0.01077385 -0.846263 0.5327632 0.001556901 -0.8699033 0.4932156 -0.002578074 -0.8917388 0.4525235 -0.004945301 -0.9123915 0.4093141 0.001915542 -0.9314888 0.3637149 -0.006349474 -0.9477932 0.3176247 -0.02833133 -0.8826198 0.4698834 -0.01385484 -0.8167523 0.5769885 0 -0.7935897 0.6071144 0.04034442 -0.8209283 0.5709296 0.01077379 -0.8462629 0.5327631 -0.001556892 -0.8699033 0.4932155 0.002578059 -0.8167523 0.5769886 0 -0.9346737 0.3555068 0 -0.8917388 0.4525235 0.004945273 -0.9123915 0.4093141 -0.001915528 -0.9314887 0.3637149 0.00634943 -0.9477932 0.3176247 0.02833117 -0.8827044 0.4699285 0 -0.9346737 0.3555068 0 -0.8827044 0.4699285 0 -0.8826198 0.4698834 0.01385476 -0.9643538 0.2645836 -0.0041653 -0.9788121 0.2047508 0.001978921 -0.989571 0.1440424 0.001027816 -0.9965705 0.08272673 -0.00189809 -0.9848714 0.1732601 -0.003035905 -0.9672696 0.253751 0 -0.9643537 0.2645836 0.004165272 -0.9788122 0.2047508 -0.001978912 -0.9672695 0.253751 0 -0.9958153 0.09138823 0 -0.989571 0.1440424 -0.001027809 -0.9965704 0.08272672 0.001898078 -0.984876 0.1732609 0 -0.9958153 0.09138823 0 -0.9848714 0.1732601 0.003035886 -0.984876 0.1732609 0 -0.9093071 0.4161258 0 -0.9093071 0.4161258 0 -0.7866983 0.6173376 0 -0.7866983 0.6173376 0 -0.6204251 0.7842656 0 -0.6204251 0.7842656 0 -0.4197052 0.9076605 0 -0.4197052 0.9076605 0 -0.195683 0.9806672 0 -0.195683 0.9806672 0 0.03919748 0.9992315 0 0.2719278 0.9623177 0 0.03919748 0.9992315 -0 0.2719278 0.9623177 0 0.4895218 0.8719911 0 0.4895218 0.8719911 -0 0.6799552 0.7332536 0 0.6799552 0.7332536 -0 0.8890218 0.4578612 -0.001896706 0.8591347 0.5117486 0.001028637 0.825968 0.5637137 0.001978343 0.7897003 0.6134786 -0.004167556 0.8436145 0.5369408 -0.003037855 0.8850204 0.4655521 -0 0.8890217 0.4578612 0.001896695 0.8591346 0.5117485 -0.001028628 0.8850204 0.4655521 0 0.7965428 0.6045821 0 0.8259679 0.5637137 -0.001978331 0.7897003 0.6134786 0.004167532 0.7965428 0.6045821 0 0.8436183 0.5369432 0 0.8436145 0.5369408 0.003037838 0.8436183 0.5369432 -0 0.7516822 0.6590244 -0.0257048 0.7157279 0.6983685 -0.003874938 0.6798489 0.73335 0.001791589 0.6441775 0.764837 -0.007726413 0.6084962 0.7935565 -0.0007124552 0.5714352 0.8206469 0.0006256654 0.5350255 0.8447188 -0.01407196 0.4994712 0.8652937 -0.04237065 0.6356151 0.7718896 -0.01342233 0.7274622 0.6861478 -0 0.7516822 0.6590244 0.02570464 0.7157279 0.6983685 0.003874916 0.679849 0.73335 -0.001791575 0.6441774 0.764837 0.007726368 0.7274621 0.6861479 0 0.5340101 0.8454781 0 0.6084962 0.7935564 0.0007124495 0.5714352 0.820647 -0.000625669 0.5350255 0.8447188 0.01407188 0.4994712 0.8652937 0.04237041 0.6356723 0.7719591 0 0.5340101 0.8454781 0 0.6356723 0.7719591 -0 0.6356149 0.7718896 0.01342225 -0.3802603 0.9248795 0 -0.3802603 0.9248795 0 -0.3894725 0.9210381 0 -0.3894725 0.9210381 0 -0.3986515 0.9171025 0 -0.3986515 0.9171025 0 -0.9655142 0.2572055 -0.04034364 -0.9769244 0.2133138 -0.01077331 -0.9857245 0.1683591 0.001556976 -0.9924316 0.122772 -0.00257831 -0.9970323 0.07682559 -0.00494638 -0.9995777 0.0289933 0.001915661 -0.9997711 -0.02043238 -0.00634769 -0.9971969 -0.06925257 -0.02832902 -0.9952511 0.0963506 -0.01385454 -0.9753847 0.2205099 0 -0.9655142 0.2572055 0.04034339 -0.9769243 0.2133138 0.01077325 -0.9857245 0.1683591 -0.001556968 -0.9924315 0.122772 0.002578294 -0.9753847 0.2205099 0 -0.9995725 -0.02923673 -0 -0.9970323 0.07682559 0.004946352 -0.9995777 0.0289933 -0.00191565 -0.9997711 -0.02043238 0.006347654 -0.9971969 -0.06925257 0.02832886 -0.9953466 0.09635984 0 -0.9995726 -0.02923673 -0 -0.9953466 0.09635984 0 -0.9952511 0.09635059 0.01385446 -0.9921973 -0.1246081 -0.004162667 -0.9826607 -0.1854027 0.001979843 -0.9693672 -0.2456137 0.001027791 -0.9523674 -0.304947 -0.001898385 -0.9762065 -0.2168217 -0.003035984 -0.9907466 -0.1357249 0 -0.9921973 -0.1246081 0.004162642 -0.9826606 -0.1854027 -0.001979833 -0.9907466 -0.1357249 0 -0.9549848 -0.2966546 -0 -0.9693672 -0.2456137 -0.001027785 -0.9523674 -0.304947 0.001898372 -0.976211 -0.2168227 0 -0.9549848 -0.2966546 -0 -0.9762065 -0.2168217 0.003035967 -0.976211 -0.2168227 0 -0.9993345 0.03647887 0 -0.9993345 0.03647887 0 -0.9630616 0.2692811 0 -0.9630616 0.2692811 0 -0.8733196 0.4871478 0 -0.7351102 0.6779476 0 -0.8733196 0.4871478 0 -0.7351102 0.6779476 0 -0.5560666 0.8311377 0 -0.346167 0.9381729 0 -0.5560666 0.8311377 0 -0.346167 0.9381729 0 -0.1170437 0.9931267 0 -0.1170437 0.9931267 0 0.1185468 0.9929485 0 0.3476025 0.937642 0 0.1185468 0.9929485 -0 0.3476025 0.937642 0 0.6461383 0.7632179 -0.001896684 0.5978969 0.8015724 0.001029009 0.5473671 0.8368903 0.001979115 0.4948249 0.8689827 -0.004165665 0.5739178 0.8189074 -0.003037425 0.6394985 0.7687923 -0 0.6461383 0.7632179 0.001896678 0.5978969 0.8015724 -0.001029006 0.6394985 0.7687923 0 0.5045466 0.8633845 0 0.5473672 0.8368903 -0.001979108 0.4948249 0.8689827 0.004165637 0.5045466 0.8633845 0 0.5739204 0.8189111 0 0.5739177 0.8189073 0.003037403 0.5739204 0.8189111 -0 0.4422629 0.8965171 -0.02570217 0.3939978 0.9191033 -0.003876209 0.3474504 0.9376967 0.001791822 0.3024561 0.953132 -0.007723733 0.2584982 0.9660115 -0.0007129884 0.2138914 0.9768572 0.0006250669 0.1710359 0.9851643 -0.0140744 0.1303208 0.9905662 -0.04236865 0.2918421 0.9563724 -0.01342204 0.40951 0.9123055 -0 0.4422629 0.8965172 0.02570204 0.3939978 0.9191032 0.00387619 0.3474504 0.9376967 -0.001791812 0.3024561 0.953132 0.007723682 0.4095101 0.9123056 0 0.1698117 0.9854766 0 0.2584982 0.9660115 0.0007129882 0.2138914 0.9768572 -0.0006250648 0.1710359 0.9851643 0.01407432 0.1303208 0.9905663 0.0423684 0.2918684 0.9564585 0 0.1698117 0.9854766 0 0.2918684 0.9564585 -0 0.291842 0.9563723 0.01342196 -0.7052498 0.7089588 0 -0.7052498 0.7089588 0 -0.7123023 0.7018728 0 -0.7192694 0.6947312 0 -0.7123023 0.7018728 0 -0.7192694 0.6947312 0 -0.9904475 -0.1318563 -0.04034511 -0.9841918 -0.1767778 -0.01077183 -0.9751193 -0.2216753 0.001557584 -0.9638698 -0.2663616 -0.002577948 -0.950539 -0.3105659 -0.004947966 -0.9345847 -0.3557356 0.001914749 -0.9158481 -0.4014747 -0.00634884 -0.8947864 -0.4455948 -0.02833081 -0.9563637 -0.2918501 -0.01385393 -0.9855238 -0.1695374 0 -0.9904475 -0.1318563 0.04034488 -0.9841919 -0.1767778 0.01077177 -0.9751194 -0.2216753 -0.001557572 -0.9638697 -0.2663616 0.002577935 -0.9855238 -0.1695373 0 -0.9122958 -0.4095319 -0 -0.9505389 -0.3105659 0.004947941 -0.9345847 -0.3557356 -0.001914738 -0.9158481 -0.4014747 0.006348816 -0.8947864 -0.4455949 0.02833065 -0.9564555 -0.2918781 0 -0.9122958 -0.4095319 -0 -0.9564555 -0.2918781 0 -0.9563637 -0.2918502 0.01385385 -0.8689873 -0.4948168 -0.004164655 -0.8369073 -0.5473411 0.001978688 -0.8015878 -0.5978763 0.001028348 -0.7631721 -0.6461924 -0.001898099 -0.818926 -0.5738912 -0.003035724 -0.8633902 -0.5045368 0 -0.8689874 -0.4948168 0.004164639 -0.8369073 -0.5473411 -0.001978672 -0.8633903 -0.5045368 0 -0.7687629 -0.6395339 -0 -0.8015878 -0.5978763 -0.001028341 -0.7631721 -0.6461924 0.001898078 -0.8189297 -0.5738938 0 -0.7687629 -0.6395338 -0 -0.818926 -0.5738912 0.003035706 -0.8189297 -0.5738938 0 -0.9372274 -0.3487188 0 -0.9372274 -0.3487188 0 -0.9928024 -0.1197636 0 -0.9928024 -0.1197636 0 -0.993267 0.1158477 0 -0.993267 0.1158477 0 -0.9385856 0.3450462 0 -0.9385856 0.3450462 0 -0.8318052 0.5550677 0 -0.678844 0.7342825 0 -0.8318052 0.5550677 0 -0.678844 0.7342825 0 -0.4881903 0.8727372 0 -0.2704471 0.9627348 0 -0.4881903 0.8727372 0 -0.2704471 0.9627348 0 -0.03767575 0.99929 0 -0.03767575 0.99929 0 0.3048706 0.9523919 -0.001896113 0.2456454 0.9693592 0.001028476 0.1854369 0.9826542 0.001979523 0.1246074 0.9921974 -0.004165761 0.2168562 0.9761988 -0.003038262 0.2966055 0.9550001 -0 0.3048706 0.9523919 0.001896104 0.2456454 0.9693593 -0.001028469 0.2966055 0.955 0 0.1357317 0.9907456 0 0.1854369 0.9826542 -0.00197951 0.1246074 0.9921974 0.004165737 0.1357317 0.9907457 0 0.2168572 0.9762033 0 0.2168562 0.9761988 0.003038246 0.2168572 0.9762033 -0 0.06552215 0.9975199 -0.02570737 0.01227631 0.9999171 -0.003876829 -0.037836 0.9992824 0.00179035 -0.08532086 0.9963236 -0.007727003 -0.1308491 0.991402 -0.0007137821 -0.1762199 0.9843506 0.0006245376 -0.2189882 0.975626 -0.01407365 -0.2586758 0.9650344 -0.04237107 -0.09635897 0.9952561 -0.0134212 0.02921316 0.9995732 -0 0.06552216 0.9975199 0.02570723 0.01227631 0.9999171 0.003876806 -0.037836 0.9992824 -0.00179034 -0.08532085 0.9963236 0.007726957 0.02921316 0.9995732 0 -0.220241 0.9754455 0 -0.1308491 0.9914021 0.0007137796 -0.1762199 0.9843506 -0.0006245354 -0.2189882 0.9756259 0.01407357 -0.2586758 0.9650345 0.04237084 -0.09636765 0.9953458 0 -0.2202411 0.9754455 0 -0.09636765 0.9953458 0 -0.09635896 0.9952561 0.01342112 -0.9228714 0.3851083 0 -0.9228714 0.3851083 0 -0.9266719 0.3758714 0 -0.9266719 0.3758714 0 -0.930381 0.366594 0 -0.930381 0.366594 0 -0.8645933 -0.50085 -0.04034223 -0.8416259 -0.5399534 -0.01077257 -0.8160598 -0.5779654 0.001558129 -0.7885701 -0.6149395 -0.0025768 -0.7593303 -0.6506866 -0.00494614 -0.7273114 -0.6863049 0.001915161 -0.6924952 -0.7213947 -0.006348945 -0.6561535 -0.7540954 -0.02833027 -0.7718782 -0.6356196 -0.01385504 -0.8456258 -0.5337762 0 -0.8645934 -0.5008501 0.040342 -0.8416259 -0.5399534 0.01077251 -0.8160597 -0.5779654 -0.001558129 -0.7885701 -0.6149395 0.002576788 -0.8456258 -0.5337762 0 -0.6861303 -0.7274786 -0 -0.7593303 -0.6506866 0.004946105 -0.7273115 -0.6863049 -0.00191515 -0.6924951 -0.7213946 0.0063489 -0.6561535 -0.7540954 0.0283301 -0.7719522 -0.6356806 0 -0.6861303 -0.7274786 -0 -0.7719522 -0.6356806 0 -0.7718782 -0.6356195 0.01385497 -0.6134837 -0.7896965 -0.004164928 -0.5637436 -0.8259475 0.001978599 -0.5117665 -0.859124 0.001028112 -0.4578031 -0.8890516 -0.001897369 -0.536967 -0.8435979 -0.003036512 -0.6045923 -0.7965351 0 -0.6134837 -0.7896964 0.0041649 -0.5637435 -0.8259475 -0.001978588 -0.6045923 -0.7965351 0 -0.4655134 -0.8850409 -0 -0.5117665 -0.8591239 -0.001028108 -0.457803 -0.8890516 0.001897357 -0.5369694 -0.8436017 0 -0.4655133 -0.8850408 -0 -0.536967 -0.8435978 0.003036498 -0.5369694 -0.8436017 0 -0.7324281 -0.6808444 0 -0.7324281 -0.6808444 0 -0.8713991 -0.4905747 0 -0.8713991 -0.4905747 0 -0.961993 -0.2730741 0 -0.961993 -0.2730741 0 -0.9991835 -0.04040476 0 -0.9991835 -0.04040476 0 -0.9809032 0.1944967 0 -0.9809032 0.1944967 0 -0.9081647 0.418613 0 -0.9081647 0.418613 0 -0.7850131 0.6194792 0 -0.7850131 0.6194792 0 -0.618282 0.7859564 0 -0.618282 0.7859564 0 -0.4172271 0.9088023 0 -0.4172271 0.9088023 0 -0.08279865 0.9965644 -0.001896705 -0.1440063 0.9895762 0.001027868 -0.204731 0.9788163 0.001979078 -0.2645696 0.9643577 -0.004164958 -0.1732273 0.9848772 -0.003039644 -0.09143535 0.995811 0 -0.08279865 0.9965645 0.001896695 -0.1440063 0.9895762 -0.001027862 -0.09143536 0.995811 0 -0.2537385 0.9672729 0 -0.204731 0.9788163 -0.001979066 -0.2645696 0.9643576 0.00416494 -0.2537385 0.9672728 0 -0.1732281 0.9848818 0 -0.1732273 0.9848771 0.003039626 -0.1732281 0.9848818 0 -0.3211997 0.9466625 -0.02570695 -0.3713106 0.9285006 -0.003876035 -0.4173643 0.9087375 0.001791057 -0.4601013 0.8878328 -0.007726063 -0.5002872 0.8658592 -0.0007126305 -0.5394972 0.8419872 0.0006254086 -0.5756726 0.8175591 -0.01407337 -0.6082878 0.7925848 -0.04237242 -0.4698934 0.8826212 -0.01342176 -0.3555301 0.9346648 0 -0.3211998 0.9466624 0.02570679 -0.3713107 0.9285007 0.003876016 -0.4173643 0.9087375 -0.001791047 -0.4601013 0.8878328 0.007726018 -0.3555301 0.9346648 0 -0.5767618 0.8169123 0 -0.5002872 0.8658593 0.0007126257 -0.5394971 0.8419871 -0.0006254035 -0.5756726 0.8175591 0.01407329 -0.6082878 0.7925848 0.04237216 -0.4699357 0.8827007 0 -0.5767618 0.8169123 0 -0.4699357 0.8827007 0 -0.4698934 0.8826211 0.01342169 -0.9999966 0.002607421 0 -0.9999966 0.002607421 0 -0.9999729 -0.007357275 0 -0.9999729 -0.007357275 0 -0.9998493 -0.01736249 0 -0.9998493 -0.01736249 0 -0.6071176 -0.793587 -0.04035024 -0.5709261 -0.8209308 -0.01077387 -0.5327604 -0.8462648 0.001556601 -0.4932193 -0.8699012 -0.002577699 -0.4525272 -0.8917369 -0.004948467 -0.4093069 -0.9123949 0.001914207 -0.3637183 -0.9314873 -0.00634886 -0.317623 -0.9477937 -0.02833303 -0.4698834 -0.8826197 -0.01385619 -0.5769876 -0.8167529 0 -0.6071175 -0.7935869 0.04035004 -0.5709261 -0.8209307 0.01077381 -0.5327603 -0.8462648 -0.001556589 -0.4932192 -0.8699012 0.00257769 -0.5769876 -0.8167529 0 -0.3555074 -0.9346734 -0 -0.4525272 -0.8917369 0.004948429 -0.4093068 -0.9123949 -0.001914193 -0.3637183 -0.9314874 0.006348824 -0.317623 -0.9477937 0.02833286 -0.4699285 -0.8827044 0 -0.3555074 -0.9346734 -0 -0.4699285 -0.8827044 0 -0.4698834 -0.8826198 0.0138561 -0.2645822 -0.9643542 -0.004164777 -0.204753 -0.9788117 0.001978988 -0.1440413 -0.9895712 0.001027762 -0.08272673 -0.9965705 -0.00189809 -0.1732601 -0.9848714 -0.003036153 -0.253751 -0.9672696 0 -0.2645822 -0.9643542 0.004164755 -0.204753 -0.9788116 -0.001978975 -0.253751 -0.9672695 0 -0.09138823 -0.9958153 -0 -0.1440412 -0.9895711 -0.001027756 -0.08272672 -0.9965704 0.001898078 -0.1732609 -0.984876 0 -0.09138823 -0.9958153 -0 -0.1732601 -0.9848714 0.003036134 -0.1732609 -0.984876 0 -0.4161296 -0.9093053 0 -0.4161296 -0.9093053 0 -0.6173277 -0.7867061 0 -0.6173277 -0.7867061 0 -0.7842696 -0.6204202 0 -0.7842696 -0.6204202 0 -0.9076626 -0.4197007 0 -0.9076626 -0.4197007 0 -0.9806672 -0.195683 0 -0.9806672 -0.195683 0 -0.9992311 0.03920761 0 -0.962323 0.271909 0 -0.9992311 0.03920761 0 -0.962323 0.271909 0 -0.8719911 0.4895218 0 -0.8719911 0.4895218 0 -0.7332486 0.6799607 0 -0.7332486 0.6799607 0 -0.4578612 0.8890218 -0.001896706 -0.5117452 0.8591368 0.001028448 -0.5637227 0.8259617 0.001980047 -0.6134728 0.7897049 -0.004163933 -0.5369385 0.8436159 -0.003038263 -0.4655521 0.8850204 0 -0.4578612 0.8890217 0.001896695 -0.5117452 0.8591366 -0.00102844 -0.4655521 0.8850204 0 -0.604584 0.7965414 0 -0.5637227 0.8259618 -0.00198004 -0.6134728 0.7897049 0.004163918 -0.604584 0.7965413 0 -0.536941 0.8436198 0 -0.5369385 0.8436158 0.003038246 -0.536941 0.8436198 0 -0.6590219 0.7516842 -0.0257085 -0.6983698 0.7157267 -0.003876739 -0.7333546 0.6798441 0.001790245 -0.764837 0.6441775 -0.007726413 -0.7935507 0.6085036 -0.0007131625 -0.8206469 0.5714352 0.000625256 -0.8447193 0.5350245 -0.01407271 -0.8652937 0.4994712 -0.04237065 -0.7718876 0.6356173 -0.01342077 -0.6861494 0.7274607 0 -0.659022 0.7516842 0.02570836 -0.6983697 0.7157266 0.00387672 -0.7333546 0.6798441 -0.001790235 -0.764837 0.6441774 0.007726368 -0.6861494 0.7274606 0 -0.8454781 0.5340101 0 -0.7935507 0.6085036 0.0007131553 -0.820647 0.5714352 -0.0006252567 -0.8447194 0.5350246 0.01407264 -0.8652937 0.4994712 0.04237041 -0.7719572 0.6356745 0 -0.8454781 0.5340101 0 -0.7719572 0.6356745 0 -0.7718876 0.6356174 0.01342069 -0.9248803 -0.3802585 0 -0.9248803 -0.3802585 0 -0.92103 -0.3894915 0 -0.92103 -0.3894915 0 -0.9171025 -0.3986515 0 -0.9171025 -0.3986515 0 -0.2572088 -0.9655132 -0.04034695 -0.213312 -0.9769248 -0.01077312 -0.1683591 -0.9857245 0.001556737 -0.1227731 -0.9924315 -0.00257839 -0.07682594 -0.9970323 -0.00494643 -0.02899344 -0.9995777 0.001915642 0.02043228 -0.9997711 -0.006347644 0.06925532 -0.9971966 -0.02833027 -0.0963514 -0.995251 -0.01385477 -0.2205102 -0.9753847 0 -0.2572088 -0.9655132 0.04034672 -0.213312 -0.9769247 0.01077306 -0.1683591 -0.9857245 -0.001556727 -0.1227731 -0.9924314 0.002578371 -0.2205102 -0.9753847 0 0.02923774 -0.9995725 0 -0.07682593 -0.9970323 0.004946402 -0.02899344 -0.9995777 -0.001915631 0.02043227 -0.9997711 0.006347606 0.06925533 -0.9971966 0.02833011 -0.09636064 -0.9953464 0 0.02923774 -0.9995725 0 -0.09636064 -0.9953464 0 -0.09635139 -0.9952509 0.01385469 0.1246055 -0.9921976 -0.004163637 0.1854027 -0.9826607 0.00197914 0.2456192 -0.9693658 0.001028215 0.3049408 -0.9523695 -0.001897395 0.2168204 -0.9762067 -0.003036478 0.1357249 -0.9907466 0 0.1246055 -0.9921977 0.004163613 0.1854027 -0.9826606 -0.00197913 0.1357249 -0.9907466 0 0.2966527 -0.9549854 0 0.2456192 -0.9693658 -0.001028211 0.3049408 -0.9523694 0.001897385 0.2168214 -0.9762113 0 0.2966527 -0.9549854 0 0.2168204 -0.9762069 0.003036459 0.2168214 -0.9762113 0 -0.03647381 -0.9993346 0 -0.03647381 -0.9993346 0 -0.2692858 -0.9630603 0 -0.2692858 -0.9630603 0 -0.4871439 -0.8733217 0 -0.4871439 -0.8733217 0 -0.6779554 -0.7351031 0 -0.6779554 -0.7351031 0 -0.8311362 -0.5560689 0 -0.8311362 -0.5560689 0 -0.9381703 -0.3461742 0 -0.9381703 -0.3461742 0 -0.9931256 -0.1170543 0 -0.9931256 -0.1170543 0 -0.992946 0.1185668 0 -0.992946 0.1185668 0 -0.937642 0.3476025 0 -0.937642 0.3476025 0 -0.7632262 0.6461285 -0.001896545 -0.8015663 0.597905 0.001028101 -0.8368928 0.5473632 0.001980241 -0.8689821 0.494826 -0.004163939 -0.818902 0.5739254 -0.003038476 -0.7688001 0.6394893 0 -0.7632262 0.6461285 0.001896536 -0.8015664 0.597905 -0.001028098 -0.7688001 0.6394892 0 -0.8633862 0.5045437 0 -0.8368928 0.5473632 -0.001980226 -0.8689821 0.494826 0.004163919 -0.8633862 0.5045437 0 -0.8189058 0.5739281 0 -0.8189019 0.5739254 0.003038459 -0.8189058 0.5739281 0 -0.8965151 0.4422666 -0.0257065 -0.9191049 0.3939936 -0.003877021 -0.9376965 0.3474512 0.00179039 -0.9531335 0.3024513 -0.007726319 -0.9660094 0.2585061 -0.0007146092 -0.9768581 0.2138873 0.000623793 -0.9851642 0.1710364 -0.0140741 -0.9905662 0.1303206 -0.04236886 -0.9563719 0.2918435 -0.01342124 -0.9123064 0.4095084 0 -0.8965151 0.4422667 0.02570636 -0.9191049 0.3939936 0.003877005 -0.9376964 0.3474511 -0.001790377 -0.9531335 0.3024513 0.007726267 -0.9123063 0.4095084 0 -0.9854766 0.1698117 0 -0.9660094 0.2585061 0.0007146091 -0.9768581 0.2138873 -0.0006237873 -0.9851642 0.1710365 0.01407402 -0.9905663 0.1303206 0.04236862 -0.9564581 0.2918698 0 -0.9854766 0.1698117 0 -0.9564581 0.2918698 0 -0.9563719 0.2918435 0.01342116 -0.7089563 -0.7052523 0 -0.7089563 -0.7052523 0 -0.7018778 -0.7122974 0 -0.7018778 -0.7122974 0 -0.6947314 -0.7192693 0 -0.6947314 -0.7192693 0 0.1318571 -0.9904473 -0.0403456 0.1767776 -0.9841918 -0.01077306 0.2216772 -0.9751188 0.001557028 0.2663595 -0.9638703 -0.002578062 0.3105704 -0.9505375 -0.004946179 0.3557346 -0.934585 0.001915772 0.4014739 -0.9158485 -0.00634779 0.4455937 -0.8947869 -0.02832959 0.2918494 -0.956364 -0.01385463 0.1695386 -0.9855235 0 0.1318571 -0.9904473 0.04034538 0.1767776 -0.9841919 0.010773 0.2216771 -0.9751189 -0.001557017 0.2663595 -0.9638703 0.00257805 0.1695387 -0.9855235 0 0.4095323 -0.9122956 0 0.3105704 -0.9505375 0.004946147 0.3557346 -0.934585 -0.001915761 0.4014739 -0.9158486 0.006347761 0.4455938 -0.894787 0.02832943 0.2918774 -0.9564558 0 0.4095323 -0.9122956 0 0.2918774 -0.9564558 0 0.2918494 -0.956364 0.01385455 0.4948168 -0.8689873 -0.004164038 0.5473391 -0.8369086 0.001979055 0.5978788 -0.8015859 0.001027348 0.6461899 -0.7631742 -0.001898873 0.5738952 -0.8189232 -0.003036467 0.5045354 -0.863391 0 0.4948168 -0.8689874 0.004164018 0.5473391 -0.8369085 -0.001979043 0.5045353 -0.863391 0 0.6395288 -0.7687673 0 0.5978788 -0.8015859 -0.001027339 0.64619 -0.7631742 0.001898856 0.5738978 -0.8189269 0 0.6395287 -0.7687672 0 0.5738951 -0.8189232 0.003036456 0.5738978 -0.8189269 0 0.348731 -0.9372229 0 0.348731 -0.9372229 0 0.1197574 -0.9928032 0 -0.1158527 -0.9932663 -0 0.1197574 -0.9928032 0 -0.3450417 -0.9385874 -0 -0.1158527 -0.9932663 0 -0.3450417 -0.9385874 0 -0.5550712 -0.8318028 0 -0.5550712 -0.8318028 0 -0.7342825 -0.678844 0 -0.7342825 -0.678844 0 -0.8727348 -0.4881946 0 -0.8727348 -0.4881946 0 -0.9627352 -0.2704458 0 -0.9627352 -0.2704458 0 -0.99929 -0.03767585 0 -0.99929 -0.03767585 0 -0.9523919 0.3048706 -0.001896437 -0.9693592 0.2456454 0.001028212 -0.9826543 0.1854361 0.001979578 -0.9921967 0.1246125 -0.004165151 -0.9761987 0.2168568 -0.003038423 -0.9550005 0.2966041 0 -0.9523919 0.3048706 0.001896431 -0.9693593 0.2456454 -0.001028206 -0.9550005 0.2966041 0 -0.9907452 0.1357352 0 -0.9826543 0.1854361 -0.001979565 -0.9921967 0.1246125 0.004165125 -0.9907451 0.1357352 0 -0.9762032 0.2168578 0 -0.9761986 0.2168568 0.003038406 -0.9762032 0.2168578 0 -0.9975199 0.06552215 -0.02570737 -0.9999172 0.01227151 -0.00387486 -0.9992824 -0.03783609 0.001791804 -0.9963236 -0.08532086 -0.007725486 -0.9914021 -0.1308488 -0.0007137464 -0.9843506 -0.1762202 0.0006246108 -0.9756263 -0.218987 -0.014073 -0.9650354 -0.2586727 -0.04236911 -0.9952559 -0.09636058 -0.01342051 -0.9995732 0.02921316 0 -0.9975199 0.06552216 0.02570723 -0.9999172 0.01227151 0.003874838 -0.9992824 -0.03783608 -0.001791793 -0.9963236 -0.08532085 0.007725441 -0.9995732 0.02921316 0 -0.9754457 -0.2202397 -0 -0.991402 -0.1308488 0.0007137407 -0.9843506 -0.1762202 -0.0006246112 -0.9756263 -0.218987 0.01407293 -0.9650354 -0.2586727 0.04236889 -0.9953456 -0.09636925 0 -0.9754457 -0.2202397 -0 -0.9953456 -0.09636925 0 -0.995256 -0.09636059 0.01342043 -0.3850994 -0.9228752 0 -0.3850994 -0.9228752 0 -0.3758693 -0.9266728 0 -0.3665951 -0.9303805 -0 -0.3758693 -0.9266728 0 -0.3665951 -0.9303805 0 0.5008477 -0.8645946 -0.04034576 0.5399557 -0.8416244 -0.01077256 0.5779648 -0.8160602 0.001557278 0.61494 -0.7885696 -0.002577679 0.6506855 -0.7593313 -0.004946055 0.6863045 -0.7273119 0.001915325 0.721394 -0.6924958 -0.006348839 0.7540954 -0.6561535 -0.02833066 0.6356184 -0.7718791 -0.01385497 0.5337768 -0.8456255 0 0.5008477 -0.8645946 0.04034555 0.5399558 -0.8416244 0.01077248 0.5779648 -0.8160602 -0.001557278 0.61494 -0.7885696 0.002577661 0.5337769 -0.8456254 0 0.7274784 -0.6861306 0 0.6506855 -0.7593313 0.004946033 0.6863045 -0.7273119 -0.001915314 0.7213941 -0.6924958 0.006348803 0.7540954 -0.6561535 0.02833046 0.6356794 -0.7719532 0 0.7274783 -0.6861306 0 0.6356794 -0.7719532 0 0.6356184 -0.7718791 0.0138549 0.7896995 -0.6134797 -0.004163301 0.8259458 -0.563746 0.001979476 0.859123 -0.5117682 0.001028388 0.889052 -0.4578021 -0.001897251 0.8435975 -0.5369675 -0.00303603 0.7965354 -0.6045918 0 0.7896994 -0.6134797 0.004163277 0.8259458 -0.563746 -0.001979468 0.7965355 -0.6045918 0 0.8850415 -0.465512 0 0.859123 -0.5117682 -0.001028385 0.8890521 -0.4578021 0.001897243 0.8436013 -0.53697 0 0.8850415 -0.465512 0 0.8435975 -0.5369675 0.003036009 0.8436013 -0.53697 0 0.6808444 -0.7324281 0 0.6808444 -0.7324281 0 0.4905772 -0.8713977 0 0.4905772 -0.8713977 0 0.2730691 -0.9619945 0 0.2730691 -0.9619945 0 0.04040729 -0.9991833 0 0.04040729 -0.9991833 0 -0.1945016 -0.9809022 0 -0.1945016 -0.9809022 0 -0.4186067 -0.9081676 0 -0.6194776 -0.7850143 -0 -0.4186067 -0.9081676 0 -0.6194776 -0.7850143 0 -0.7859564 -0.618282 0 -0.7859564 -0.618282 0 -0.9088036 -0.4172243 0 -0.9088036 -0.4172243 0 -0.9965652 -0.08279036 -0.00189716 -0.9895751 -0.1440142 0.001028142 -0.9788173 -0.2047262 0.00197964 -0.9643564 -0.2645738 -0.0041653 -0.9848772 -0.1732273 -0.003038298 -0.9958116 -0.09142917 0 -0.9965652 -0.08279036 0.001897149 -0.9895751 -0.1440142 -0.001028135 -0.9958116 -0.09142917 0 -0.967272 -0.2537419 -0 -0.9788173 -0.2047262 -0.00197963 -0.9643565 -0.2645738 0.004165278 -0.967272 -0.2537419 -0 -0.9848818 -0.1732281 0 -0.9848771 -0.1732273 0.003038279 -0.9848818 -0.1732281 0 -0.9466625 -0.3211994 -0.02570732 -0.9285004 -0.371311 -0.003876124 -0.9087368 -0.4173658 0.001791101 -0.887833 -0.4601009 -0.007725547 -0.8658628 -0.5002811 -0.0007143434 -0.8419831 -0.5395035 0.0006241316 -0.8175597 -0.575672 -0.01407174 -0.7925845 -0.6082881 -0.04237162 -0.8826215 -0.4698928 -0.01342116 -0.9346647 -0.3555302 0 -0.9466626 -0.3211994 0.02570719 -0.9285005 -0.3713111 0.003876095 -0.9087368 -0.4173658 -0.001791087 -0.8878331 -0.4601009 0.007725503 -0.9346648 -0.3555303 0 -0.8169117 -0.5767628 -0 -0.8658628 -0.5002811 0.0007143394 -0.8419831 -0.5395035 -0.0006241237 -0.8175597 -0.575672 0.01407166 -0.7925845 -0.6082881 0.04237138 -0.882701 -0.4699351 0 -0.8169117 -0.5767628 -0 -0.882701 -0.4699351 0 -0.8826214 -0.4698928 0.01342109 -0.002620054 -0.9999965 0 -0.002620054 -0.9999965 0 0.007366154 -0.9999728 0 0.007366154 -0.9999728 0 0.0173505 -0.9998494 0 0.0173505 -0.9998494 0 0.7935886 -0.6071155 -0.0403463 0.8209298 -0.5709274 -0.01077272 0.8462623 -0.5327643 0.001556927 0.8699048 -0.493213 -0.002578428 0.8917369 -0.4525272 -0.004946839 0.9123941 -0.4093086 0.001915471 0.9314878 -0.363717 -0.00634816 0.9477926 -0.3176263 -0.02833021 0.8826202 -0.4698828 -0.01385422 0.8167523 -0.5769885 0 0.7935886 -0.6071155 0.04034607 0.8209298 -0.5709274 0.01077267 0.8462623 -0.5327643 -0.001556915 0.8699048 -0.493213 0.002578419 0.8167523 -0.5769886 0 0.9346736 -0.3555069 0 0.891737 -0.4525272 0.004946824 0.912394 -0.4093085 -0.001915456 0.9314879 -0.363717 0.006348134 0.9477926 -0.3176264 0.02833005 0.8827048 -0.4699278 0 0.9346736 -0.3555069 0 0.8827048 -0.4699278 0 0.8826202 -0.4698828 0.01385414 0.9643547 -0.2645801 -0.004164754 0.9788113 -0.2047548 0.001978654 0.989571 -0.1440424 0.001027712 0.9965709 -0.08272223 -0.001898363 0.984871 -0.1732627 -0.003036387 0.9672701 -0.253749 0 0.9643548 -0.2645801 0.004164725 0.9788113 -0.2047549 -0.001978642 0.9672701 -0.2537489 0 0.9958156 -0.09138498 0 0.989571 -0.1440424 -0.001027705 0.9965709 -0.08272224 0.001898353 0.9848756 -0.1732635 0 0.9958156 -0.09138499 0 0.984871 -0.1732627 0.003036369 0.9848756 -0.1732635 0 0.9093062 -0.4161277 0 0.9093062 -0.4161277 0 0.7867007 -0.6173345 0 0.7867007 -0.6173345 0 0.6204227 -0.7842677 0 0.6204227 -0.7842677 0 0.4197028 -0.9076616 0 0.4197028 -0.9076616 0 0.1956806 -0.9806677 0 0.1956806 -0.9806677 0 -0.03920255 -0.9992313 0 -0.2719124 -0.962322 -0 -0.03920255 -0.9992313 0 -0.2719124 -0.962322 0 -0.4895218 -0.8719911 0 -0.4895218 -0.8719911 0 -0.6799607 -0.7332486 0 -0.6799607 -0.7332486 0 -0.88902 -0.4578645 -0.001896385 -0.8591379 -0.5117431 0.001028402 -0.8259635 -0.5637201 0.001979566 -0.7897036 -0.6134745 -0.004164926 -0.8436165 -0.5369374 -0.003038471 -0.8850194 -0.4655541 0 -0.88902 -0.4578645 0.001896375 -0.859138 -0.5117431 -0.001028398 -0.8850194 -0.4655541 0 -0.7965417 -0.6045836 -0 -0.8259635 -0.5637201 -0.001979555 -0.7897036 -0.6134744 0.004164914 -0.7965418 -0.6045836 -0 -0.8436205 -0.5369399 0 -0.8436166 -0.5369374 0.00303845 -0.8436205 -0.5369399 0 -0.7516832 -0.6590232 -0.02570616 -0.7157285 -0.698368 -0.003876022 -0.6798446 -0.733354 0.001791204 -0.6441775 -0.764837 -0.007725591 -0.6085023 -0.7935518 -0.0007139448 -0.5714328 -0.8206486 0.0006244255 -0.5350266 -0.844718 -0.01407183 -0.499472 -0.8652933 -0.04237085 -0.6356154 -0.7718892 -0.01342123 -0.7274619 -0.6861481 0 -0.7516832 -0.6590232 0.025706 -0.7157285 -0.6983679 0.00387601 -0.6798447 -0.733354 -0.001791197 -0.6441774 -0.764837 0.00772554 -0.7274619 -0.6861481 0 -0.5340109 -0.8454776 -0 -0.6085023 -0.7935518 0.0007139485 -0.5714329 -0.8206486 -0.000624422 -0.5350266 -0.844718 0.01407175 -0.499472 -0.8652933 0.04237061 -0.6356726 -0.7719588 0 -0.5340109 -0.8454776 -0 -0.6356726 -0.7719588 0 -0.6356154 -0.7718893 0.01342116 0.380261 -0.9248792 0 0.380261 -0.9248792 0 0.3894804 -0.9210348 0 0.3894804 -0.9210348 0 0.3986557 -0.9171007 0 0.3986557 -0.9171007 0 0.9655129 -0.2572098 -0.04034738 0.9769248 -0.2133117 -0.01077274 0.9857244 -0.1683594 0.001556886 0.9924316 -0.1227712 -0.002578468 0.9970321 -0.07682821 -0.004946813 0.9995778 -0.02899341 0.001915626 0.9997711 0.02043483 -0.006348063 0.9971966 0.06925532 -0.02832951 0.995251 -0.09635132 -0.01385409 0.9753845 -0.2205108 0 0.9655129 -0.2572098 0.04034716 0.9769248 -0.2133117 0.01077268 0.9857244 -0.1683594 -0.001556879 0.9924317 -0.1227712 0.002578453 0.9753845 -0.2205108 0 0.9995725 0.02923878 0 0.9970321 -0.07682821 0.004946785 0.9995778 -0.02899341 -0.001915615 0.9997711 0.02043483 0.006348028 0.9971966 0.06925533 0.02832935 0.9953465 -0.09636057 0 0.9995725 0.02923878 0 0.9953465 -0.09636057 0 0.9952509 -0.09635133 0.01385401 0.992198 0.1246027 -0.004164667 0.9826601 0.1854057 0.00197867 0.969367 0.2456151 0.001027723 0.9523679 0.3049452 -0.001898293 0.9762069 0.2168201 -0.003036435 0.9907466 0.1357249 -0 0.992198 0.1246027 0.004164643 0.9826601 0.1854057 -0.001978659 0.9907466 0.1357249 0 0.9549853 0.2966532 0 0.9693668 0.2456151 -0.001027717 0.952368 0.3049452 0.001898281 0.9762114 0.2168211 0 0.9549853 0.2966532 0 0.9762069 0.2168201 0.003036417 0.9762114 0.2168211 -0 0.9993345 -0.03647887 0 0.9993345 -0.03647887 0 0.9630607 -0.2692845 0 0.8733239 -0.48714 0 0.9630607 -0.2692845 0 0.8733239 -0.48714 0 0.7351031 -0.6779554 0 0.7351031 -0.6779554 0 0.5560689 -0.8311362 0 0.5560689 -0.8311362 0 0.3461726 -0.9381709 0 0.3461726 -0.9381709 0 0.1170499 -0.993126 0 0.1170499 -0.993126 0 -0.1185662 -0.9929461 0 -0.1185662 -0.9929461 0 -0.3475988 -0.9376433 0 -0.3475988 -0.9376433 0 -0.646131 -0.7632241 -0.001896699 -0.5979041 -0.8015671 0.001028156 -0.5473645 -0.836892 0.001979404 -0.4948235 -0.8689836 -0.004165208 -0.5739232 -0.8189034 -0.003038649 -0.6394911 -0.7687985 0 -0.646131 -0.7632241 0.001896687 -0.597904 -0.801567 -0.001028153 -0.6394911 -0.7687985 0 -0.5045441 -0.8633859 -0 -0.5473645 -0.8368919 -0.001979389 -0.4948235 -0.8689836 0.004165185 -0.5045441 -0.8633859 -0 -0.5739258 -0.8189072 0 -0.5739232 -0.8189034 0.003038624 -0.5739258 -0.8189072 0 -0.4422677 -0.8965147 -0.0257066 -0.3939927 -0.9191055 -0.003876247 -0.3474528 -0.9376958 0.001790862 -0.3024516 -0.9531335 -0.007726147 -0.2585034 -0.9660101 -0.0007140262 -0.2138868 -0.9768583 0.0006243508 -0.1710405 -0.9851635 -0.01407202 -0.1303178 -0.9905665 -0.04237149 -0.291843 -0.956372 -0.01342151 -0.4095092 -0.912306 0 -0.4422677 -0.8965147 0.02570647 -0.3939927 -0.9191054 0.003876221 -0.3474528 -0.9376959 -0.001790855 -0.3024516 -0.9531335 0.007726089 -0.4095092 -0.9123061 0 -0.1698114 -0.9854766 -0 -0.2585034 -0.9660101 0.0007140213 -0.2138868 -0.9768582 -0.0006243472 -0.1710405 -0.9851636 0.01407194 -0.1303178 -0.9905665 0.04237126 -0.2918693 -0.9564583 0 -0.1698114 -0.9854766 -0 -0.2918693 -0.9564583 0 -0.2918431 -0.9563721 0.01342143 0.7052511 -0.7089576 0 0.7052511 -0.7089576 0 0.7122967 -0.7018784 0 0.7192686 -0.694732 0 0.7122967 -0.7018784 0 0.7192686 -0.694732 0 0.9904474 0.1318566 -0.04034619 0.9841918 0.1767779 -0.0107731 0.9751188 0.2216772 0.001556865 0.9638703 0.2663595 -0.002578253 0.9505377 0.3105699 -0.004946476 0.934585 0.3557346 0.001915516 0.9158485 0.4014739 -0.006348079 0.8947864 0.4455948 -0.02833047 0.956364 0.2918492 -0.01385476 0.9855235 0.1695386 -0 0.9904474 0.1318566 0.04034596 0.9841918 0.1767779 0.01077304 0.9751189 0.2216771 -0.001556857 0.9638703 0.2663595 0.002578238 0.9855235 0.1695387 0 0.9122956 0.4095323 0 0.9505377 0.3105699 0.004946447 0.934585 0.3557346 -0.001915508 0.9158486 0.4014739 0.006348043 0.8947864 0.4455949 0.02833032 0.9564558 0.2918772 0 0.9122956 0.4095323 0 0.9564558 0.2918772 -0 0.956364 0.2918492 0.01385468 0.8689876 0.4948164 -0.004164237 0.8369084 0.5473393 0.001978925 0.8015859 0.5978788 0.001027348 0.7631758 0.6461881 -0.001898759 0.8189234 0.5738948 -0.003036523 0.863391 0.5045355 -0 0.8689876 0.4948164 0.004164217 0.8369084 0.5473394 -0.001978922 0.8633909 0.5045355 0 0.7687684 0.6395273 0 0.8015859 0.5978788 -0.001027339 0.7631758 0.6461881 0.001898737 0.8189272 0.5738975 0 0.7687684 0.6395273 0 0.8189234 0.5738948 0.003036509 0.8189272 0.5738975 -0 0.9372235 0.3487294 -0 0.9372235 0.3487294 0 0.9928027 0.1197611 0 0.9928027 0.1197611 -0 0.9932661 -0.1158552 0 0.9932661 -0.1158552 0 0.9385881 -0.3450395 0 0.9385881 -0.3450395 0 0.8318043 -0.5550688 0 0.8318043 -0.5550688 0 0.6788414 -0.7342851 0 0.6788414 -0.7342851 0 0.4881936 -0.8727354 0 0.2704461 -0.9627351 0 0.4881936 -0.8727354 0 0.2704461 -0.9627351 0 0.03768091 -0.9992898 0 0.03768091 -0.9992898 0 -0.3048744 -0.9523906 -0.00189663 -0.2456454 -0.9693592 0.001028212 -0.1854334 -0.9826548 0.001979303 -0.1246125 -0.9921967 -0.004165151 -0.2168545 -0.9761992 -0.003038751 -0.2966071 -0.9549996 0 -0.3048744 -0.9523907 0.00189662 -0.2456454 -0.9693593 -0.001028206 -0.2966071 -0.9549996 0 -0.1357352 -0.9907452 -0 -0.1854334 -0.9826548 -0.001979292 -0.1246125 -0.9921967 0.004165125 -0.1357352 -0.9907451 -0 -0.2168554 -0.9762037 0 -0.2168545 -0.9761992 0.003038732 -0.2168554 -0.9762037 0 -0.06551976 -0.99752 -0.02570568 -0.01227633 -0.9999171 -0.003876123 0.03783606 -0.9992824 0.001791092 0.08532091 -0.9963236 -0.007726212 0.1308488 -0.9914021 -0.0007137493 0.1762221 -0.9843502 0.0006246602 0.2189851 -0.9756267 -0.01407168 0.2586745 -0.9650348 -0.04237039 0.09635979 -0.9952561 -0.01342079 -0.02921316 -0.9995732 0 -0.06551977 -0.9975201 0.02570553 -0.01227633 -0.9999171 0.003876101 0.03783606 -0.9992824 -0.001791083 0.08532091 -0.9963235 0.007726171 -0.02921316 -0.9995732 0 0.2202404 -0.9754456 0 0.1308488 -0.991402 0.0007137467 0.1762221 -0.9843502 -0.0006246566 0.2189852 -0.9756267 0.0140716 0.2586745 -0.9650348 0.04237014 0.09636848 -0.9953458 0 0.2202404 -0.9754456 0 0.09636848 -0.9953458 0 0.0963598 -0.9952561 0.01342072 0.9228741 -0.3851017 0 0.9228741 -0.3851017 0 0.9266729 -0.3758687 0 0.9266729 -0.3758687 0 0.9303804 -0.3665956 0 0.9303804 -0.3665956 0 0.8645951 0.5008468 -0.0403466 0.8416247 0.5399553 -0.01077306 0.8160602 0.5779647 0.001556881 0.7885679 0.6149423 -0.002578379 0.7593327 0.6506839 -0.004946601 0.7273108 0.6863055 0.001915335 0.6924967 0.7213932 -0.006348343 0.6561536 0.7540954 -0.02833064 0.771879 0.6356185 -0.01385449 0.8456256 0.5337765 -0 0.8645951 0.5008467 0.04034637 0.8416248 0.5399553 0.010773 0.8160602 0.5779647 -0.001556872 0.7885678 0.6149423 0.002578371 0.8456256 0.5337765 0 0.6861307 0.7274783 0 0.7593327 0.6506838 0.004946559 0.7273108 0.6863055 -0.001915331 0.6924966 0.7213932 0.006348298 0.6561536 0.7540954 0.02833047 0.7719531 0.6356795 0 0.6861307 0.7274783 0 0.7719531 0.6356795 -0 0.771879 0.6356185 0.0138544 0.9996892 0.0249315 -0 0.9996892 0.0249315 0 0.9972038 0.07473035 0 0.9972038 0.07473035 -0 0.9922395 0.1243415 0 0.9922395 0.1243415 -0 0.9848076 0.173649 0 0.9848076 0.173649 -0 0.9749276 0.2225221 0 0.9749276 0.2225221 -0 0.9626241 0.2708409 0 0.947928 0.3184847 0 0.9626241 0.2708409 -0 0.947928 0.3184847 0 0.9308736 0.3653415 0 0.9308736 0.3653415 -0 0.9115059 0.411287 0 0.9115059 0.411287 -0 0.8898717 0.4562109 0 0.8898717 0.4562109 -0 0.8660253 0.5000002 -0 0.8660253 0.5000002 0 0.8400254 0.542547 -0 0.8400254 0.542547 0 0.8119382 0.5837433 -0 0.8119382 0.5837433 0 0.7818329 0.623488 -0 0.7818329 0.623488 0 0.7497805 0.6616867 0 0.7497805 0.6616867 -0 0.715866 0.6982377 0 0.715866 0.6982377 -0 0.6801748 0.7330499 0 0.6801748 0.7330499 -0 0.6427869 0.766045 0 0.6427869 0.766045 -0 0.6038048 0.7971323 0 0.5633198 0.8262389 0 0.6038048 0.7971323 -0 0.5214338 0.8532917 0 0.5633198 0.8262389 0 0.5214338 0.8532917 0 0.4782521 0.8782226 0 0.4782521 0.8782226 -0 0.4338854 0.9009681 0 0.4338854 0.9009681 -0 0.3884338 0.9214767 0 0.3884338 0.9214767 -0 0.3420205 0.9396925 0 0.3420205 0.9396925 -0 0.2947582 0.9555719 0 0.2947582 0.9555719 -0 0.2467577 0.9690772 0 0.2467577 0.9690772 -0 0.1981442 0.9801729 0 0.1981442 0.9801729 -0 0.1490402 0.9888311 0 0.1490402 0.9888311 -0 0.09957252 0.9950303 0 0.09957252 0.9950303 -0 0.04984365 0.9987571 0 0.04984365 0.9987571 -0 0 1 0 -0.0498435 0.9987571 0 0 1 -0 -0.0498435 0.9987571 0 -0.09957316 0.9950303 0 -0.09957316 0.9950303 0 -0.1490397 0.9888312 0 -0.1490397 0.9888312 0 -0.1981448 0.9801728 0 -0.1981448 0.9801728 0 -0.2467577 0.9690772 0 -0.2467577 0.9690772 0 -0.2947582 0.9555719 0 -0.2947582 0.9555719 0 -0.3420205 0.9396925 0 -0.3420205 0.9396925 0 -0.3884338 0.9214767 0 -0.3884338 0.9214767 0 -0.4338829 0.9009693 0 -0.4338829 0.9009693 0 -0.4782535 0.8782219 0 -0.4782535 0.8782219 0 -0.5214338 0.8532917 0 -0.5214338 0.8532917 0 -0.5633198 0.8262389 0 -0.5633198 0.8262389 0 -0.6038063 0.7971311 0 -0.6038063 0.7971311 0 -0.6427838 0.7660476 0 -0.6427838 0.7660476 0 -0.6801764 0.7330484 0 -0.6801764 0.7330484 0 -0.715866 0.6982377 0 -0.715866 0.6982377 0 -0.7497821 0.6616849 0 -0.7497821 0.6616849 0 -0.7818313 0.6234899 0 -0.7818313 0.6234899 0 -0.8119397 0.5837412 0 -0.8119397 0.5837412 0 -0.840024 0.5425493 0 -0.840024 0.5425493 0 -0.8660253 0.5000002 0 -0.8660253 0.5000002 0 -0.8898717 0.4562109 0 -0.8898717 0.4562109 0 -0.9115047 0.4112897 0 -0.9115047 0.4112897 0 -0.9308757 0.3653359 0 -0.9308757 0.3653359 0 -0.947927 0.3184876 0 -0.947927 0.3184876 0 -0.9626234 0.2708438 0 -0.9626234 0.2708438 0 -0.9749283 0.2225191 0 -0.9749283 0.2225191 0 -0.9848076 0.173649 0 -0.9848076 0.173649 0 -0.9922395 0.1243415 0 -0.9922395 0.1243415 0 -0.9972035 0.07473353 0 -0.9972035 0.07473353 0 -0.9996892 0.02492831 0 -0.9996892 0.02492831 0 -0.9996893 -0.02492816 0 -0.9996893 -0.02492816 0 -0.9972035 -0.07473353 0 -0.9972035 -0.07473353 0 -0.9922395 -0.1243415 0 -0.9922395 -0.1243415 0 -0.9848074 -0.17365 0 -0.9848074 -0.17365 0 -0.9749286 -0.2225177 0 -0.9749286 -0.2225177 0 -0.9626234 -0.2708438 0 -0.9626234 -0.2708438 0 -0.947927 -0.3184876 0 -0.947927 -0.3184876 0 -0.9308749 -0.3653381 0 -0.9308749 -0.3653381 0 -0.9115047 -0.4112897 0 -0.9115047 -0.4112897 0 -0.8898717 -0.4562109 0 -0.8898717 -0.4562109 0 -0.8660268 -0.4999975 -0 -0.8660268 -0.4999975 0 -0.840024 -0.5425493 0 -0.840024 -0.5425493 0 -0.8119397 -0.5837412 0 -0.8119397 -0.5837412 0 -0.7818288 -0.623493 0 -0.7818288 -0.623493 0 -0.7497848 -0.6616818 0 -0.7497848 -0.6616818 0 -0.715866 -0.6982377 0 -0.715866 -0.6982377 0 -0.680173 -0.7330517 0 -0.680173 -0.7330517 0 -0.6427857 -0.7660461 0 -0.6427857 -0.7660461 0 -0.6038063 -0.7971311 0 -0.6038063 -0.7971311 0 -0.5633198 -0.8262389 0 -0.5633198 -0.8262389 0 -0.5214338 -0.8532917 0 -0.5214338 -0.8532917 0 -0.4782559 -0.8782206 0 -0.4782559 -0.8782206 0 -0.4338803 -0.9009705 0 -0.4338803 -0.9009705 0 -0.3884365 -0.9214755 0 -0.3884365 -0.9214755 0 -0.3420205 -0.9396925 0 -0.3420205 -0.9396925 0 -0.2947524 -0.9555737 0 -0.2947524 -0.9555737 0 -0.2467577 -0.9690772 0 -0.2467577 -0.9690772 0 -0.1981479 -0.9801722 0 -0.1981479 -0.9801722 0 -0.1490428 -0.9888307 0 -0.1490428 -0.9888307 0 -0.09956684 -0.9950309 0 -0.09956684 -0.9950309 0 -0.04984668 -0.9987569 0 -0.04984668 -0.9987569 0 0 -1 0 0 -1 0 0.04984684 -0.9987569 0 0.04984684 -0.9987569 0 0.09956621 -0.995031 0 0.09956621 -0.995031 0 0.1490433 -0.9888307 0 0.1490433 -0.9888307 0 0.1981473 -0.9801722 0 0.1981473 -0.9801722 0 0.2467577 -0.9690772 0 0.2467577 -0.9690772 0 0.2947524 -0.9555737 0 0.2947524 -0.9555737 0 0.3420205 -0.9396925 0 0.3420205 -0.9396925 0 0.3884365 -0.9214755 0 0.3884365 -0.9214755 0 0.4338828 -0.9009693 0 0.4338828 -0.9009693 0 0.4782546 -0.8782213 0 0.4782546 -0.8782213 0 0.5214338 -0.8532917 0 0.5214338 -0.8532917 0 0.5633198 -0.8262389 0 0.5633198 -0.8262389 0 0.6038048 -0.7971323 0 0.6038048 -0.7971323 0 0.6427888 -0.7660435 0 0.6427888 -0.7660435 0 0.6801714 -0.7330531 0 0.6801714 -0.7330531 0 0.715866 -0.6982377 0 0.715866 -0.6982377 0 0.7497832 -0.6616835 0 0.7497832 -0.6616835 0 0.7818304 -0.6234911 0 0.7818304 -0.6234911 0 0.8119382 -0.5837433 0 0.8119382 -0.5837433 0 0.8400254 -0.542547 0 0.8400254 -0.542547 0 0.8660268 -0.4999975 0 0.8660268 -0.4999975 0 0.8898717 -0.4562109 0 0.8898717 -0.4562109 0 0.9115059 -0.411287 0 0.9115059 -0.411287 0 0.9308727 -0.3653437 0 0.9308727 -0.3653437 0 0.947928 -0.3184847 0 0.947928 -0.3184847 0 0.9626241 -0.2708409 0 0.9626241 -0.2708409 0 0.974928 -0.2225207 0 0.974928 -0.2225207 0 0.9848074 -0.17365 0 0.9848074 -0.17365 0 0.9922395 -0.1243415 0 0.9922395 -0.1243415 0 0.9972038 -0.07473035 0 0.9972038 -0.07473035 0 0.9996892 -0.02493134 0 0.9996892 -0.02493134 0 0 0 1 0 0 1 0 0 1 0 0 1 0 0 1 0 0 1 0 0 1 0 0 1 0 0 1 0 0 1 0 0 1 0 0 1 0 0 1 0 0 1 0 0 1 0 0 1 0 0 1 0 0 1 0 0 1 0 0 1 0 0 1 0 0 1 0 0 1 0 0 1 0 0 1 0 0 1 0 0 1 0 0 1 0 0 1 0 0 1 0 0 1 0 0 1 0 0 1 0 0 1 0 0 1 0 0 1 0 0 1 0 0 1 0 0 1 0 0 1 0 0 1 0 0 1 0 0 1 0 0 1 0 0 1 0 0 1 0 0 1 0 0 1 0 0 1 0 0 1 0 0 1 0 0 1 0 0 1 0 0 1 0 0 1 0 0 1 0 0 1 0 0 1 0 0 1 0 0 1 0 0 1 0 0 1 0 0 1 0 0 1 0 0 1 0 0 1 0 0 1 0 0 1 0 0 1 0 0 1 0 0 1 0 0 1 0 0 1 0 0 1 0 0 1 0 0 1 0 0 1 0 0 1 0 0 1 0 0 1 0 0 1 0 0 1 0 0 1 0 0 1 0 0 1 0 0 1 0 0 1 0 0 1 0 0 1 0 0 1 0 0 1 0 0 1 0 0 1 0 0 1 0 0 1 0 0 1 0 0 1 0 0 1 0 0 1 0 0 1 0 0 1 0 0 1 0 0 1 0 0 1 0 0 1 0 0 1 0 0 1 0 0 1 0 0 1 0 0 1 0 0 1 0 0 1 0 0 1 0 0 1 0 0 1 0 0 1 0 0 1 0 0 1 0 0 1 0 0 1 0 0 1 0 0 1 0 0 1 0 0 1</float_array>
          <technique_common>
            <accessor count="3316" source="#cubenormals-array0-array" stride="3">
              <param type="float" name="X"/>
              <param type="float" name="Y"/>
              <param type="float" name="Z"/>
            </accessor>
          </technique_common>
        </source>
        <vertices id="cubeverts-array0-vertices">
          <input semantic="POSITION" source="#cubeverts-array0"/>
        </vertices>
        <triangles count="3316" material="ref_Body003">
          <input offset="0" semantic="VERTEX" source="#cubeverts-array0-vertices"/>
          <input offset="1" semantic="NORMAL" source="#cubenormals-array0"/>
          <p>0 0 1 0 2 0 2 1 1 1 3 1 3 2 4 2 5 2 5 3 4 3 6 3 1 4 4 4 3 4 7 5 8 5 0 5 9 6 8 6 7 6 10 7 8 7 9 7 0 8 8 8 1 8 6 9 11 9 12 9 13 10 11 10 10 10 12 11 11 11 13 11 4 12 11 12 6 12 1 13 11 13 4 13 10 14 11 14 8 14 8 15 11 15 1 15 14 16 15 16 16 16 16 17 15 17 17 17 17 18 18 18 19 18 15 19 18 19 17 19 19 20 20 20 21 20 18 21 20 21 19 21 21 22 22 22 23 22 23 23 22 23 24 23 20 24 22 24 21 24 22 25 25 25 24 25 24 26 26 26 27 26 25 27 26 27 24 27 27 28 28 28 29 28 26 29 28 29 27 29 29 30 30 30 31 30 31 31 30 31 0 31 28 32 30 32 29 32 30 33 7 33 0 33 6 34 32 34 33 34 33 35 32 35 34 35 34 36 32 36 35 36 35 37 32 37 36 37 36 38 37 38 38 38 38 39 37 39 39 39 39 40 37 40 40 40 40 41 37 41 41 41 32 42 37 42 36 42 12 43 42 43 6 43 43 44 42 44 12 44 44 45 42 45 43 45 45 46 42 46 44 46 46 47 42 47 45 47 6 48 42 48 32 48 41 49 47 49 48 49 49 50 47 50 46 50 50 51 47 51 49 51 51 52 47 52 50 52 48 53 47 53 51 53 32 54 47 54 37 54 37 55 47 55 41 55 42 56 47 56 32 56 46 57 47 57 42 57 52 58 53 58 54 58 54 59 53 59 55 59 55 60 56 60 57 60 53 61 56 61 55 61 53 62 58 62 56 62 58 63 59 63 56 63 58 64 60 64 59 64 60 65 61 65 59 65 62 66 63 66 64 66 64 67 63 67 65 67 60 68 66 68 61 68 67 69 68 69 69 69 66 70 70 70 61 70 66 71 71 71 70 71 71 72 72 72 70 72 67 73 73 73 68 73 74 74 73 74 75 74 75 75 73 75 67 75 76 76 77 76 63 76 65 77 77 77 78 77 63 78 77 78 65 78 71 79 79 79 72 79 79 80 80 80 72 80 73 81 81 81 68 81 68 82 81 82 82 82 83 83 84 83 76 83 76 84 84 84 77 84 79 85 85 85 80 85 85 86 86 86 80 86 81 87 87 87 82 87 82 88 87 88 88 88 89 89 90 89 83 89 83 90 90 90 84 90 85 91 91 91 86 91 86 92 91 92 92 92 87 93 93 93 88 93 88 94 93 94 94 94 91 95 95 95 92 95 91 96 96 96 95 96 97 97 98 97 89 97 89 98 98 98 90 98 96 99 99 99 95 99 96 100 100 100 99 100 94 101 101 101 102 101 93 102 101 102 94 102 97 103 103 103 98 103 104 104 103 104 97 104 100 105 105 105 99 105 100 106 106 106 105 106 106 107 107 107 105 107 106 108 108 108 107 108 102 109 109 109 110 109 101 110 109 110 102 110 104 111 111 111 103 111 112 112 111 112 104 112 108 113 113 113 107 113 108 114 114 114 113 114 114 115 115 115 113 115 114 116 116 116 115 116 110 117 117 117 118 117 109 118 117 118 110 118 116 119 119 119 115 119 116 120 120 120 119 120 112 121 121 121 111 121 122 122 121 122 112 122 120 123 123 123 119 123 120 124 124 124 123 124 124 125 125 125 123 125 122 126 126 126 121 126 117 127 127 127 118 127 118 128 127 128 128 128 128 129 127 129 129 129 122 130 130 130 126 130 131 131 130 131 122 131 127 132 132 132 129 132 129 133 132 133 133 133 134 134 135 134 136 134 137 135 138 135 139 135 137 136 140 136 138 136 131 137 141 137 130 137 142 138 141 138 131 138 133 139 143 139 144 139 132 140 143 140 133 140 142 141 145 141 141 141 146 142 145 142 142 142 144 143 147 143 148 143 143 144 147 144 144 144 146 145 149 145 145 145 150 146 149 146 146 146 147 147 151 147 148 147 148 148 151 148 152 148 135 149 153 149 136 149 154 150 153 150 155 150 155 151 153 151 135 151 156 152 157 152 137 152 140 153 157 153 158 153 137 154 157 154 140 154 150 155 159 155 149 155 160 156 159 156 150 156 151 157 161 157 152 157 152 158 161 158 162 158 160 159 163 159 159 159 164 160 163 160 160 160 162 161 165 161 166 161 161 162 165 162 162 162 136 163 167 163 168 163 153 164 167 164 136 164 164 165 169 165 163 165 170 166 169 166 164 166 165 167 171 167 166 167 166 168 171 168 172 168 173 169 174 169 156 169 156 170 174 170 157 170 170 171 175 171 169 171 125 172 175 172 170 172 171 173 176 173 172 173 172 174 176 174 124 174 125 175 177 175 175 175 168 176 178 176 179 176 167 177 178 177 168 177 180 178 181 178 173 178 173 179 181 179 174 179 179 180 182 180 183 180 178 181 182 181 179 181 180 182 184 182 181 182 185 183 184 183 180 183 183 184 186 184 187 184 182 185 186 185 183 185 188 186 189 186 185 186 185 187 189 187 184 187 187 188 190 188 191 188 186 189 190 189 187 189 188 190 192 190 189 190 193 191 192 191 188 191 191 192 194 192 195 192 190 193 194 193 191 193 196 194 197 194 193 194 193 195 197 195 192 195 196 196 198 196 197 196 195 197 199 197 200 197 200 198 199 198 201 198 194 199 199 199 195 199 202 200 203 200 196 200 196 201 203 201 198 201 201 202 204 202 205 202 199 203 204 203 201 203 206 204 207 204 202 204 202 205 207 205 203 205 205 206 208 206 209 206 204 207 208 207 205 207 210 208 211 208 206 208 206 209 211 209 207 209 208 210 212 210 209 210 209 211 212 211 213 211 214 212 215 212 210 212 210 213 215 213 211 213 212 214 216 214 213 214 213 215 216 215 217 215 214 216 218 216 215 216 219 217 218 217 214 217 217 218 220 218 221 218 216 219 220 219 217 219 219 220 222 220 218 220 223 221 222 221 219 221 221 222 224 222 225 222 220 223 224 223 221 223 223 224 226 224 222 224 227 225 226 225 223 225 225 226 228 226 229 226 224 227 228 227 225 227 227 228 230 228 226 228 177 229 230 229 227 229 229 230 231 230 176 230 228 231 231 231 229 231 176 232 231 232 124 232 177 233 232 233 230 233 125 234 232 234 177 234 233 235 234 235 235 235 236 236 237 236 238 236 236 237 239 237 237 237 234 238 240 238 235 238 241 239 240 239 242 239 242 240 240 240 234 240 236 241 243 241 239 241 244 242 243 242 236 242 239 243 243 243 245 243 240 244 246 244 235 244 235 245 246 245 247 245 244 246 248 246 243 246 249 247 248 247 244 247 247 248 250 248 251 248 246 249 250 249 247 249 249 250 252 250 248 250 253 251 252 251 249 251 251 252 254 252 255 252 250 253 254 253 251 253 253 254 256 254 252 254 257 255 256 255 253 255 254 256 258 256 255 256 255 257 258 257 259 257 257 258 260 258 256 258 261 259 260 259 257 259 258 260 262 260 259 260 259 261 262 261 263 261 261 262 264 262 260 262 265 263 264 263 261 263 263 264 266 264 267 264 262 265 266 265 263 265 265 266 268 266 264 266 269 267 268 267 265 267 266 268 270 268 267 268 267 269 270 269 271 269 271 270 270 270 272 270 269 271 273 271 268 271 274 272 275 272 269 272 269 273 275 273 273 273 270 274 276 274 272 274 272 275 276 275 277 275 274 276 278 276 275 276 279 277 278 277 274 277 276 278 280 278 277 278 277 279 280 279 281 279 279 280 282 280 278 280 283 281 282 281 279 281 280 282 284 282 281 282 281 283 284 283 285 283 283 284 286 284 282 284 287 285 286 285 283 285 284 286 288 286 285 286 285 287 288 287 289 287 287 288 290 288 286 288 291 289 290 289 287 289 289 290 292 290 293 290 288 291 292 291 289 291 291 292 294 292 290 292 295 293 294 293 291 293 292 294 296 294 293 294 293 295 296 295 297 295 298 296 299 296 295 296 295 297 299 297 294 297 296 298 300 298 297 298 297 299 300 299 301 299 298 300 302 300 299 300 232 301 302 301 298 301 300 302 303 302 301 302 301 303 303 303 231 303 231 304 303 304 124 304 232 305 304 305 302 305 305 306 306 306 307 306 308 307 309 307 310 307 308 308 311 308 309 308 306 309 312 309 307 309 313 310 312 310 314 310 314 311 312 311 306 311 315 312 316 312 308 312 311 313 316 313 317 313 308 314 316 314 311 314 307 315 318 315 319 315 312 316 318 316 307 316 320 317 321 317 315 317 315 318 321 318 316 318 318 319 322 319 319 319 319 320 322 320 323 320 324 321 325 321 320 321 320 322 325 322 321 322 323 323 326 323 327 323 322 324 326 324 323 324 328 325 329 325 324 325 324 326 329 326 325 326 327 327 330 327 331 327 326 328 330 328 327 328 332 329 333 329 328 329 328 330 333 330 329 330 331 331 334 331 335 331 330 332 334 332 331 332 336 333 337 333 332 333 332 334 337 334 333 334 335 335 338 335 339 335 334 336 338 336 335 336 340 337 341 337 336 337 336 338 341 338 337 338 339 339 342 339 343 339 343 340 342 340 344 340 338 341 342 341 339 341 340 342 345 342 341 342 346 343 347 343 340 343 340 344 347 344 345 344 342 345 348 345 344 345 344 346 348 346 349 346 350 347 351 347 346 347 346 348 351 348 347 348 349 349 352 349 353 349 348 350 352 350 349 350 354 351 355 351 350 351 350 352 355 352 351 352 353 353 356 353 357 353 352 354 356 354 353 354 358 355 359 355 354 355 354 356 359 356 355 356 357 357 360 357 361 357 356 358 360 358 357 358 358 359 362 359 359 359 363 360 362 360 358 360 361 361 364 361 365 361 360 362 364 362 361 362 363 363 366 363 362 363 367 364 366 364 363 364 364 365 368 365 365 365 365 366 368 366 369 366 367 367 370 367 366 367 371 368 370 368 367 368 369 369 372 369 373 369 368 370 372 370 369 370 371 371 374 371 370 371 304 372 374 372 371 372 372 373 375 373 373 373 373 374 375 374 303 374 303 375 375 375 124 375 304 376 376 376 374 376 377 377 378 377 379 377 380 378 381 378 382 378 380 379 383 379 381 379 378 380 384 380 379 380 385 381 384 381 386 381 386 382 384 382 378 382 380 383 387 383 383 383 388 384 387 384 380 384 383 385 387 385 389 385 390 386 391 386 392 386 393 387 14 387 394 387 392 388 395 388 396 388 391 389 395 389 392 389 397 390 15 390 393 390 393 391 15 391 14 391 397 392 18 392 15 392 398 393 18 393 397 393 396 394 399 394 400 394 395 395 399 395 396 395 401 396 402 396 390 396 390 397 402 397 391 397 394 398 403 398 404 398 14 399 403 399 394 399 384 400 405 400 379 400 379 401 405 401 406 401 388 402 407 402 387 402 408 403 407 403 388 403 409 404 410 404 401 404 401 405 410 405 402 405 403 406 411 406 404 406 404 407 411 407 412 407 398 408 20 408 18 408 413 409 20 409 398 409 400 410 414 410 415 410 399 411 414 411 400 411 405 412 416 412 406 412 406 413 416 413 417 413 408 414 418 414 407 414 419 415 418 415 408 415 420 416 421 416 409 416 409 417 421 417 410 417 411 418 422 418 412 418 412 419 422 419 423 419 416 420 424 420 417 420 417 421 424 421 425 421 419 422 426 422 418 422 427 423 426 423 419 423 422 424 428 424 423 424 429 425 430 425 431 425 431 426 430 426 420 426 420 427 430 427 421 427 424 428 432 428 425 428 425 429 432 429 433 429 427 430 434 430 426 430 435 431 434 431 427 431 428 432 436 432 423 432 423 433 436 433 437 433 438 434 439 434 429 434 429 435 439 435 430 435 438 436 440 436 439 436 432 437 440 437 433 437 433 438 440 438 438 438 437 439 441 439 435 439 435 440 441 440 434 440 436 441 441 441 437 441 376 442 22 442 413 442 413 443 22 443 20 443 414 444 442 444 415 444 415 445 442 445 375 445 375 446 442 446 124 446 124 447 442 447 125 447 304 448 25 448 376 448 376 449 25 449 22 449 232 450 25 450 304 450 443 451 444 451 445 451 28 452 446 452 30 452 28 453 447 453 446 453 26 454 447 454 28 454 444 455 448 455 445 455 445 456 448 456 449 456 443 457 450 457 444 457 451 458 450 458 443 458 446 459 452 459 30 459 30 460 452 460 7 460 26 461 453 461 447 461 25 462 453 462 26 462 442 463 454 463 125 463 448 464 454 464 449 464 449 465 454 465 442 465 451 466 455 466 450 466 456 467 455 467 451 467 7 468 457 468 9 468 452 469 457 469 7 469 25 470 458 470 453 470 456 471 459 471 455 471 460 472 459 472 456 472 9 473 461 473 10 473 457 474 461 474 9 474 460 475 462 475 459 475 463 476 462 476 460 476 10 477 464 477 13 477 461 478 464 478 10 478 463 479 465 479 462 479 466 480 465 480 463 480 13 481 467 481 12 481 464 482 467 482 13 482 466 483 468 483 465 483 469 484 468 484 470 484 470 485 468 485 466 485 467 486 471 486 12 486 12 487 472 487 43 487 471 488 472 488 12 488 473 489 474 489 469 489 469 490 474 490 468 490 43 491 475 491 44 491 472 492 475 492 43 492 476 493 477 493 473 493 473 494 477 494 474 494 475 495 478 495 44 495 44 496 478 496 45 496 479 497 480 497 476 497 476 498 480 498 477 498 45 499 481 499 46 499 478 500 481 500 45 500 479 501 482 501 480 501 483 502 482 502 479 502 481 503 484 503 46 503 46 504 484 504 49 504 485 505 486 505 487 505 51 506 488 506 48 506 483 507 489 507 482 507 490 508 489 508 483 508 49 509 491 509 50 509 484 510 491 510 49 510 490 511 492 511 489 511 487 512 492 512 490 512 51 513 493 513 488 513 491 514 494 514 50 514 50 515 494 515 51 515 51 516 494 516 493 516 487 517 495 517 492 517 486 518 495 518 487 518 496 519 495 519 486 519 494 520 497 520 493 520 496 521 498 521 495 521 458 522 499 522 500 522 454 523 501 523 125 523 125 524 501 524 232 524 232 525 501 525 25 525 502 526 501 526 454 526 503 527 504 527 502 527 502 528 504 528 501 528 499 529 505 529 500 529 500 530 505 530 506 530 458 531 507 531 499 531 501 532 507 532 25 532 25 533 507 533 458 533 501 534 508 534 507 534 509 535 510 535 503 535 503 536 510 536 504 536 506 537 511 537 512 537 505 538 511 538 506 538 508 539 513 539 507 539 508 540 514 540 513 540 515 541 516 541 509 541 509 542 516 542 510 542 512 543 517 543 518 543 511 544 517 544 512 544 514 545 519 545 513 545 514 546 520 546 519 546 521 547 522 547 515 547 515 548 522 548 516 548 518 549 523 549 524 549 517 550 523 550 518 550 520 551 525 551 519 551 520 552 526 552 525 552 527 553 528 553 521 553 521 554 528 554 522 554 524 555 529 555 530 555 523 556 529 556 524 556 526 557 531 557 525 557 526 558 532 558 531 558 533 559 534 559 527 559 527 560 534 560 528 560 530 561 535 561 536 561 529 562 535 562 530 562 532 563 537 563 531 563 532 564 538 564 537 564 539 565 540 565 533 565 533 566 540 566 534 566 536 567 541 567 542 567 535 568 541 568 536 568 538 569 543 569 537 569 538 570 544 570 543 570 545 571 546 571 547 571 547 572 546 572 539 572 539 573 546 573 540 573 541 574 548 574 542 574 544 575 549 575 543 575 544 576 550 576 549 576 542 577 551 577 552 577 548 578 551 578 542 578 553 579 554 579 545 579 545 580 554 580 546 580 550 581 555 581 549 581 556 582 555 582 550 582 551 583 557 583 552 583 552 584 557 584 558 584 553 585 559 585 554 585 560 586 559 586 553 586 556 587 561 587 555 587 557 588 562 588 558 588 558 589 562 589 563 589 561 590 564 590 555 590 565 591 566 591 560 591 560 592 566 592 559 592 562 593 567 593 563 593 563 594 567 594 568 594 561 595 569 595 564 595 565 596 570 596 566 596 571 597 570 597 565 597 569 598 572 598 564 598 567 599 573 599 568 599 568 600 573 600 574 600 575 601 576 601 571 601 571 602 576 602 570 602 569 603 577 603 572 603 577 604 578 604 572 604 574 605 579 605 580 605 573 606 579 606 574 606 581 607 582 607 575 607 575 608 582 608 576 608 577 609 583 609 578 609 580 610 584 610 585 610 579 611 584 611 580 611 583 612 586 612 578 612 581 613 587 613 582 613 588 614 589 614 581 614 581 615 589 615 587 615 585 616 590 616 591 616 584 617 592 617 585 617 585 618 592 618 590 618 589 619 593 619 587 619 584 620 594 620 592 620 593 621 595 621 587 621 583 622 596 622 586 622 596 623 597 623 586 623 596 624 598 624 597 624 598 625 599 625 597 625 598 626 600 626 599 626 600 627 601 627 599 627 600 628 602 628 601 628 603 629 602 629 600 629 602 630 604 630 601 630 601 631 604 631 605 631 606 632 607 632 608 632 606 633 608 633 609 633 610 634 606 634 609 634 610 635 609 635 611 635 612 636 606 636 610 636 613 637 612 637 610 637 614 638 612 638 613 638 615 639 614 639 613 639 616 640 617 640 618 640 616 641 618 641 619 641 620 642 614 642 615 642 621 643 622 643 623 643 624 644 620 644 615 644 625 645 620 645 624 645 626 646 625 646 624 646 627 647 622 647 621 647 627 648 628 648 629 648 627 649 629 649 622 649 630 650 631 650 616 650 630 651 619 651 632 651 630 652 616 652 619 652 633 653 625 653 626 653 634 654 633 654 626 654 635 655 627 655 621 655 635 656 621 656 636 656 637 657 638 657 631 657 637 658 631 658 630 658 639 659 633 659 634 659 640 660 639 660 634 660 641 661 636 661 642 661 641 662 635 662 636 662 643 663 644 663 638 663 643 664 638 664 637 664 645 665 639 665 640 665 646 666 645 666 640 666 647 667 642 667 648 667 647 668 641 668 642 668 649 669 645 669 646 669 650 670 645 670 649 670 651 671 652 671 644 671 651 672 644 672 643 672 653 673 650 673 649 673 654 674 650 674 653 674 655 675 648 675 656 675 655 676 647 676 648 676 657 677 652 677 651 677 657 678 658 678 652 678 659 679 654 679 653 679 660 680 654 680 659 680 661 681 660 681 659 681 662 682 660 682 661 682 663 683 656 683 664 683 663 684 655 684 656 684 665 685 658 685 657 685 665 686 666 686 658 686 667 687 662 687 661 687 668 688 662 688 667 688 669 689 668 689 667 689 670 690 668 690 669 690 671 691 663 691 664 691 671 692 664 692 672 692 673 693 670 693 669 693 674 694 670 694 673 694 675 695 666 695 665 695 675 696 676 696 666 696 677 697 676 697 675 697 678 698 671 698 672 698 678 699 672 699 679 699 678 700 679 700 680 700 681 701 676 701 677 701 681 702 682 702 676 702 683 703 678 703 680 703 683 704 680 704 684 704 685 705 686 705 687 705 688 706 689 706 690 706 691 707 689 707 688 707 692 708 682 708 681 708 692 709 693 709 682 709 694 710 684 710 695 710 694 711 683 711 684 711 696 712 693 712 692 712 696 713 697 713 693 713 698 714 695 714 699 714 698 715 694 715 695 715 700 716 697 716 696 716 700 717 701 717 697 717 702 718 698 718 699 718 702 719 699 719 703 719 704 720 685 720 687 720 704 721 705 721 706 721 704 722 706 722 685 722 707 723 689 723 691 723 707 724 708 724 689 724 707 725 691 725 709 725 710 726 701 726 700 726 710 727 711 727 701 727 712 728 702 728 703 728 712 729 703 729 713 729 714 730 711 730 710 730 714 731 715 731 711 731 716 732 712 732 713 732 716 733 713 733 717 733 718 734 687 734 719 734 718 735 704 735 687 735 720 736 715 736 714 736 720 737 721 737 715 737 722 738 716 738 717 738 723 739 724 739 708 739 723 740 708 740 707 740 725 741 719 741 726 741 725 742 718 742 719 742 727 743 724 743 723 743 727 744 728 744 724 744 729 745 726 745 730 745 729 746 725 746 726 746 731 747 728 747 727 747 731 748 732 748 728 748 733 749 730 749 734 749 733 750 729 750 730 750 735 751 732 751 731 751 735 752 736 752 732 752 737 753 734 753 738 753 737 754 733 754 734 754 739 755 736 755 735 755 739 756 740 756 736 756 741 757 738 757 742 757 741 758 737 758 738 758 743 759 740 759 739 759 743 760 744 760 740 760 745 761 744 761 743 761 746 762 742 762 747 762 746 763 747 763 748 763 746 764 741 764 742 764 749 765 744 765 745 765 749 766 750 766 744 766 751 767 746 767 748 767 751 768 748 768 752 768 753 769 750 769 749 769 753 770 754 770 750 770 755 771 752 771 756 771 755 772 751 772 752 772 757 773 754 773 753 773 757 774 758 774 754 774 759 775 756 775 760 775 759 776 755 776 756 776 761 777 762 777 758 777 761 778 758 778 757 778 763 779 760 779 764 779 763 780 759 780 760 780 765 781 762 781 761 781 765 782 766 782 762 782 767 783 764 783 768 783 767 784 763 784 764 784 769 785 770 785 766 785 769 786 766 786 765 786 771 787 768 787 772 787 771 788 767 788 768 788 773 789 774 789 770 789 773 790 770 790 769 790 775 791 771 791 772 791 776 792 777 792 778 792 779 793 780 793 781 793 782 794 780 794 779 794 783 795 776 795 778 795 783 796 784 796 785 796 783 797 785 797 776 797 786 798 780 798 782 798 786 799 787 799 780 799 786 800 782 800 788 800 789 801 783 801 778 801 789 802 778 802 790 802 791 803 787 803 786 803 791 804 792 804 787 804 793 805 674 805 673 805 794 806 674 806 793 806 795 807 793 807 673 807 795 808 673 808 796 808 797 809 674 809 794 809 797 810 798 810 674 810 799 811 795 811 796 811 800 812 798 812 797 812 801 813 799 813 796 813 802 814 798 814 800 814 802 815 803 815 798 815 804 816 801 816 796 816 804 817 796 817 805 817 806 818 803 818 802 818 807 819 804 819 805 819 808 820 803 820 806 820 809 821 789 821 790 821 809 822 790 822 810 822 811 823 807 823 805 823 811 824 805 824 721 824 812 825 792 825 791 825 812 826 813 826 792 826 814 827 717 827 803 827 814 828 803 828 808 828 815 829 811 829 721 829 816 830 717 830 814 830 816 831 722 831 717 831 817 832 721 832 720 832 817 833 815 833 721 833 818 834 722 834 816 834 819 835 809 835 810 835 819 836 810 836 820 836 821 837 720 837 822 837 821 838 817 838 720 838 823 839 824 839 813 839 823 840 813 840 812 840 825 841 826 841 722 841 825 842 722 842 818 842 827 843 821 843 822 843 828 844 826 844 825 844 829 845 827 845 822 845 830 846 820 846 831 846 830 847 819 847 820 847 832 848 824 848 823 848 832 849 833 849 824 849 834 850 835 850 826 850 834 851 826 851 828 851 836 852 822 852 837 852 836 853 829 853 822 853 838 854 835 854 834 854 839 855 830 855 831 855 839 856 831 856 840 856 841 857 836 857 837 857 842 858 833 858 832 858 842 859 843 859 833 859 844 860 772 860 835 860 844 861 835 861 838 861 845 862 837 862 774 862 845 863 841 863 837 863 846 864 840 864 847 864 846 865 839 865 840 865 848 866 772 866 844 866 849 867 843 867 842 867 849 868 850 868 843 868 851 869 845 869 774 869 852 870 772 870 848 870 852 871 775 871 772 871 853 872 846 872 847 872 853 873 847 873 854 873 853 874 854 874 855 874 856 875 850 875 849 875 857 876 851 876 774 876 857 877 774 877 773 877 858 878 775 878 852 878 859 879 850 879 856 879 859 880 860 880 850 880 861 881 853 881 855 881 861 882 855 882 862 882 863 883 857 883 773 883 863 884 773 884 864 884 865 885 860 885 859 885 865 886 866 886 860 886 867 887 861 887 862 887 867 888 862 888 868 888 869 889 775 889 858 889 869 890 870 890 775 890 871 891 863 891 864 891 872 892 866 892 865 892 872 893 873 893 866 893 874 894 867 894 868 894 874 895 868 895 875 895 876 896 873 896 872 896 876 897 877 897 873 897 878 898 874 898 875 898 878 899 875 899 879 899 880 900 870 900 869 900 881 901 871 901 864 901 881 902 864 902 882 902 883 903 877 903 876 903 883 904 884 904 877 904 885 905 878 905 879 905 885 906 879 906 886 906 887 907 870 907 880 907 887 908 888 908 870 908 889 909 884 909 883 909 889 910 890 910 884 910 891 911 885 911 886 911 891 912 886 912 892 912 893 913 881 913 882 913 894 914 890 914 889 914 894 915 895 915 890 915 896 916 891 916 892 916 897 917 888 917 887 917 898 918 893 918 882 918 899 919 888 919 897 919 899 920 892 920 888 920 900 921 882 921 895 921 900 922 898 922 882 922 901 923 892 923 899 923 902 924 895 924 894 924 902 925 900 925 895 925 903 926 896 926 892 926 903 927 892 927 901 927 904 928 902 928 894 928 905 929 896 929 903 929 905 930 906 930 896 930 907 931 904 931 894 931 907 932 894 932 908 932 909 933 906 933 905 933 910 934 907 934 908 934 911 935 906 935 909 935 912 936 910 936 908 936 912 937 908 937 913 937 914 938 915 938 906 938 914 939 906 939 911 939 916 940 912 940 913 940 917 941 915 941 914 941 918 942 916 942 913 942 919 943 915 943 917 943 919 944 920 944 915 944 921 945 918 945 913 945 921 946 913 946 922 946 923 947 920 947 919 947 924 948 925 948 926 948 927 949 928 949 929 949 930 950 921 950 922 950 931 951 920 951 923 951 932 952 928 952 927 952 933 953 934 953 935 953 933 954 935 954 924 954 933 955 924 955 926 955 936 956 937 956 928 956 936 957 932 957 938 957 936 958 928 958 932 958 939 959 926 959 940 959 939 960 933 960 926 960 941 961 942 961 937 961 941 962 937 962 936 962 943 963 939 963 940 963 943 964 940 964 944 964 945 965 946 965 942 965 945 966 942 966 941 966 947 967 943 967 944 967 947 968 944 968 948 968 949 969 950 969 946 969 949 970 946 970 945 970 951 971 947 971 948 971 951 972 948 972 952 972 953 973 954 973 950 973 953 974 950 974 949 974 955 975 951 975 952 975 955 976 952 976 956 976 957 977 958 977 954 977 957 978 954 978 953 978 959 979 955 979 956 979 959 980 956 980 960 980 961 981 962 981 958 981 961 982 958 982 957 982 963 983 962 983 961 983 964 984 959 984 960 984 964 985 960 985 965 985 964 986 965 986 966 986 967 987 968 987 962 987 967 988 962 988 963 988 969 989 966 989 970 989 969 990 964 990 966 990 971 991 972 991 968 991 971 992 968 992 967 992 973 993 969 993 970 993 973 994 970 994 974 994 975 995 976 995 972 995 975 996 972 996 971 996 977 997 974 997 978 997 977 998 973 998 974 998 979 999 980 999 976 999 979 1000 976 1000 975 1000 981 1001 978 1001 982 1001 981 1002 977 1002 978 1002 983 1003 980 1003 979 1003 983 1004 984 1004 980 1004 985 1005 982 1005 986 1005 985 1006 981 1006 982 1006 987 1007 984 1007 983 1007 987 1008 988 1008 984 1008 989 1009 986 1009 920 1009 989 1010 985 1010 986 1010 990 1011 991 1011 930 1011 990 1012 992 1012 991 1012 990 1013 988 1013 987 1013 990 1014 930 1014 922 1014 990 1015 922 1015 988 1015 993 1016 931 1016 994 1016 993 1017 920 1017 931 1017 993 1018 989 1018 920 1018 995 1019 992 1019 990 1019 995 1020 996 1020 992 1020 995 1021 997 1021 996 1021 998 1022 999 1022 1000 1022 998 1023 1001 1023 999 1023 998 1024 994 1024 1001 1024 998 1025 993 1025 994 1025 1002 1026 1003 1026 997 1026 1002 1027 1004 1027 1003 1027 1002 1028 1005 1028 1004 1028 1002 1029 997 1029 995 1029 1006 1030 1007 1030 1008 1030 1006 1031 1000 1031 1007 1031 1006 1032 998 1032 1000 1032 1009 1033 1005 1033 1002 1033 1009 1034 1010 1034 1005 1034 1011 1035 1012 1035 1013 1035 1011 1036 1008 1036 1012 1036 1011 1037 1006 1037 1008 1037 1014 1038 1015 1038 1016 1038 1017 1039 1018 1039 1019 1039 1020 1040 1018 1040 1017 1040 1021 1041 1014 1041 1016 1041 1021 1042 1022 1042 1023 1042 1021 1043 1023 1043 1014 1043 1024 1044 1025 1044 1018 1044 1024 1045 1020 1045 1026 1045 1024 1046 1018 1046 1020 1046 1027 1047 1028 1047 1029 1047 16 1048 1030 1048 1031 1048 1032 1049 1029 1049 1033 1049 1032 1050 1027 1050 1029 1050 17 1051 1034 1051 1030 1051 17 1052 1030 1052 16 1052 19 1053 1035 1053 1034 1053 19 1054 1034 1054 17 1054 1036 1055 1033 1055 1011 1055 1036 1056 1032 1056 1033 1056 1037 1057 1038 1057 1028 1057 1037 1058 1028 1058 1027 1058 1039 1059 1031 1059 1040 1059 1039 1060 16 1060 1031 1060 1041 1061 1016 1061 1042 1061 1041 1062 1021 1062 1016 1062 1043 1063 1044 1063 1025 1063 1043 1064 1025 1064 1024 1064 1045 1065 1046 1065 1038 1065 1045 1066 1038 1066 1037 1066 1047 1067 1040 1067 1048 1067 1047 1068 1039 1068 1040 1068 21 1069 1010 1069 1009 1069 21 1070 1009 1070 1035 1070 21 1071 1035 1071 19 1071 21 1072 1049 1072 1010 1072 21 1073 1050 1073 1049 1073 1051 1074 1011 1074 1013 1074 1051 1075 1013 1075 1052 1075 1051 1076 1036 1076 1011 1076 1053 1077 1041 1077 1042 1077 1053 1078 1042 1078 1054 1078 1055 1079 1044 1079 1043 1079 1055 1080 1056 1080 1044 1080 1057 1081 1058 1081 1046 1081 1057 1082 1046 1082 1045 1082 1059 1083 1048 1083 1060 1083 1059 1084 1047 1084 1048 1084 1061 1085 1053 1085 1054 1085 1061 1086 1054 1086 1062 1086 1063 1087 1056 1087 1055 1087 1063 1088 1064 1088 1056 1088 1065 1089 1059 1089 1060 1089 1066 1090 1067 1090 1068 1090 1066 1091 1068 1091 1058 1091 1066 1092 1058 1092 1057 1092 1069 1093 1061 1093 1062 1093 1069 1094 1062 1094 1070 1094 1071 1095 1064 1095 1063 1095 1071 1096 1072 1096 1064 1096 1073 1097 1065 1097 1060 1097 1073 1098 1060 1098 1074 1098 1075 1099 1076 1099 1067 1099 1075 1100 1067 1100 1066 1100 1077 1101 1076 1101 1075 1101 1077 1102 1069 1102 1070 1102 1077 1103 1070 1103 1076 1103 1078 1104 1072 1104 1071 1104 1078 1105 1073 1105 1074 1105 1078 1106 1074 1106 1072 1106 23 1107 1050 1107 21 1107 23 1108 1079 1108 1050 1108 23 1109 1080 1109 1079 1109 1081 1110 1082 1110 1083 1110 1081 1111 1084 1111 1082 1111 1081 1112 1052 1112 1084 1112 1081 1113 1051 1113 1052 1113 24 1114 1080 1114 23 1114 24 1115 1085 1115 1080 1115 24 1116 1086 1116 1085 1116 1087 1117 1088 1117 1089 1117 1087 1118 1083 1118 1088 1118 1087 1119 1081 1119 1083 1119 27 1120 1086 1120 24 1120 27 1121 1090 1121 1086 1121 27 1122 1091 1122 1090 1122 1092 1123 1089 1123 1093 1123 1092 1124 1087 1124 1089 1124 1094 1125 1095 1125 1092 1125 1096 1126 29 1126 31 1126 1097 1127 29 1127 1096 1127 1097 1128 1091 1128 27 1128 1097 1129 27 1129 29 1129 1097 1130 1098 1130 1091 1130 1097 1131 1099 1131 1098 1131 1100 1132 1101 1132 1102 1132 1100 1133 1093 1133 1101 1133 1100 1134 1092 1134 1093 1134 1100 1135 1094 1135 1092 1135 1103 1136 1095 1136 1094 1136 1103 1137 1104 1137 1095 1137 1105 1138 1096 1138 31 1138 1105 1139 31 1139 0 1139 1106 1140 1099 1140 1097 1140 1106 1141 1107 1141 1099 1141 1106 1142 1108 1142 1107 1142 1109 1143 1102 1143 1110 1143 1109 1144 1100 1144 1102 1144 1109 1145 1110 1145 1111 1145 1112 1146 1104 1146 1103 1146 1112 1147 1113 1147 1104 1147 1114 1148 0 1148 2 1148 1114 1149 1105 1149 0 1149 1115 1150 1108 1150 1106 1150 1115 1151 1116 1151 1108 1151 1115 1152 1117 1152 1116 1152 1118 1153 1109 1153 1111 1153 1118 1154 1119 1154 1120 1154 1118 1155 1121 1155 1119 1155 1118 1156 1111 1156 1121 1156 1122 1157 1113 1157 1112 1157 1122 1158 1123 1158 1113 1158 1124 1159 2 1159 3 1159 1124 1160 1114 1160 2 1160 1125 1161 1117 1161 1115 1161 1125 1162 1126 1162 1117 1162 1125 1163 1127 1163 1126 1163 1128 1164 1118 1164 1120 1164 1128 1165 1120 1165 1129 1165 1130 1166 1123 1166 1122 1166 1130 1167 1131 1167 1123 1167 1132 1168 3 1168 5 1168 1132 1169 1124 1169 3 1169 1133 1170 1131 1170 1130 1170 1133 1171 1134 1171 1131 1171 1135 1172 5 1172 6 1172 1135 1173 1132 1173 5 1173 1136 1174 1134 1174 1133 1174 1136 1175 1137 1175 1138 1175 1136 1176 1138 1176 1134 1176 1139 1177 1135 1177 6 1177 1140 1178 6 1178 33 1178 1140 1179 1139 1179 6 1179 1141 1180 1137 1180 1136 1180 1141 1181 1142 1181 1137 1181 1143 1182 33 1182 34 1182 1143 1183 1140 1183 33 1183 1144 1184 1142 1184 1141 1184 1144 1185 1145 1185 1142 1185 1146 1186 34 1186 35 1186 1146 1187 1143 1187 34 1187 1147 1188 1148 1188 1145 1188 1147 1189 1145 1189 1144 1189 1149 1190 35 1190 36 1190 1149 1191 1146 1191 35 1191 1150 1192 1148 1192 1147 1192 1150 1193 1151 1193 1148 1193 1152 1194 36 1194 38 1194 1152 1195 1149 1195 36 1195 1153 1196 1154 1196 1155 1196 1156 1197 40 1197 41 1197 1157 1198 1151 1198 1150 1198 1157 1199 1158 1199 1151 1199 1159 1200 1152 1200 38 1200 1159 1201 38 1201 39 1201 1160 1202 1155 1202 1158 1202 1160 1203 1158 1203 1157 1203 1161 1204 40 1204 1156 1204 1162 1205 39 1205 40 1205 1162 1206 1159 1206 39 1206 1162 1207 40 1207 1161 1207 1163 1208 1153 1208 1155 1208 1163 1209 1164 1209 1153 1209 1163 1210 1155 1210 1160 1210 1165 1211 1162 1211 1161 1211 1166 1212 1164 1212 1163 1212 1167 1213 1168 1213 1169 1213 1167 1214 1170 1214 1168 1214 1167 1215 1171 1215 1170 1215 1172 1216 1173 1216 1174 1216 1172 1217 1175 1217 1173 1217 1176 1218 1175 1218 1172 1218 1176 1219 1128 1219 1129 1219 1176 1220 1177 1220 1175 1220 1176 1221 1129 1221 1177 1221 1178 1222 1167 1222 1169 1222 1178 1223 1127 1223 1125 1223 1178 1224 1125 1224 1179 1224 1178 1225 1169 1225 1127 1225 1180 1226 1171 1226 1167 1226 1180 1227 1181 1227 1171 1227 1180 1228 1182 1228 1181 1228 1183 1229 1172 1229 1174 1229 1183 1230 1184 1230 1185 1230 1183 1231 1186 1231 1184 1231 1183 1232 1174 1232 1186 1232 1187 1233 1188 1233 1128 1233 1187 1234 1128 1234 1176 1234 1189 1235 1179 1235 1190 1235 1189 1236 1178 1236 1179 1236 1191 1237 1182 1237 1180 1237 1191 1238 1192 1238 1182 1238 1191 1239 1193 1239 1192 1239 1194 1240 1193 1240 1191 1240 1194 1241 1183 1241 1185 1241 1194 1242 1185 1242 1193 1242 1195 1243 1188 1243 1187 1243 1195 1244 1196 1244 1188 1244 1197 1245 1189 1245 1190 1245 1197 1246 1190 1246 1198 1246 1199 1247 1194 1247 1191 1247 1200 1248 1194 1248 1199 1248 1201 1249 1202 1249 1196 1249 1201 1250 1196 1250 1195 1250 1203 1251 1198 1251 1204 1251 1203 1252 1197 1252 1198 1252 1205 1253 1200 1253 1199 1253 1206 1254 1200 1254 1205 1254 1207 1255 1208 1255 1202 1255 1207 1256 1202 1256 1201 1256 1209 1257 1204 1257 1210 1257 1209 1258 1203 1258 1204 1258 1211 1259 1206 1259 1205 1259 1212 1260 1206 1260 1211 1260 1213 1261 1214 1261 1208 1261 1213 1262 1208 1262 1207 1262 1215 1263 1210 1263 1216 1263 1215 1264 1209 1264 1210 1264 1217 1265 1212 1265 1211 1265 1218 1266 1212 1266 1217 1266 1219 1267 1220 1267 1214 1267 1219 1268 1214 1268 1213 1268 1221 1269 1216 1269 1222 1269 1221 1270 1215 1270 1216 1270 1223 1271 1218 1271 1217 1271 1224 1272 1218 1272 1223 1272 1225 1273 1226 1273 1227 1273 1225 1274 1227 1274 1220 1274 1225 1275 1220 1275 1219 1275 1228 1276 1221 1276 1222 1276 1229 1277 1224 1277 1223 1277 1230 1278 1224 1278 1229 1278 1231 1279 1222 1279 1232 1279 1231 1280 1228 1280 1222 1280 1233 1281 1226 1281 1225 1281 1233 1282 1234 1282 1226 1282 1235 1283 1230 1283 1229 1283 1235 1284 1236 1284 1230 1284 1237 1285 1232 1285 1238 1285 1237 1286 1231 1286 1232 1286 1239 1287 1240 1287 1234 1287 1239 1288 1234 1288 1233 1288 1241 1289 1236 1289 1235 1289 1242 1290 1237 1290 1238 1290 1242 1291 1238 1291 1243 1291 1244 1292 1241 1292 1235 1292 1245 1293 1240 1293 1239 1293 1245 1294 1246 1294 1240 1294 1247 1295 1242 1295 1243 1295 1247 1296 1243 1296 1248 1296 1249 1297 1241 1297 1244 1297 1250 1298 1246 1298 1245 1298 1250 1299 1251 1299 1246 1299 1252 1300 1249 1300 1244 1300 1253 1301 1247 1301 1248 1301 1253 1302 1248 1302 1254 1302 1255 1303 1256 1303 1251 1303 1255 1304 1251 1304 1250 1304 1257 1305 1249 1305 1252 1305 1258 1306 1257 1306 1252 1306 1259 1307 1253 1307 1254 1307 1259 1308 1254 1308 1260 1308 1261 1309 1256 1309 1255 1309 1261 1310 1262 1310 1256 1310 1263 1311 1257 1311 1258 1311 1264 1312 1259 1312 1260 1312 1264 1313 1260 1313 1265 1313 1266 1314 1263 1314 1258 1314 1267 1315 1262 1315 1261 1315 1268 1316 1269 1316 1262 1316 1268 1317 1262 1317 1267 1317 1270 1318 1265 1318 1271 1318 1272 1319 1264 1319 1265 1319 1272 1320 1265 1320 1270 1320 1273 1321 1268 1321 1267 1321 1274 1322 1264 1322 1272 1322 1275 1323 1273 1323 1267 1323 1276 1324 1263 1324 1266 1324 1277 1325 1276 1325 1266 1325 1278 1326 1276 1326 1277 1326 1279 1327 1278 1327 1277 1327 1280 1328 1278 1328 1279 1328 1281 1329 1280 1329 1279 1329 1282 1330 1280 1330 1281 1330 1282 1331 1283 1331 1280 1331 1284 1332 1281 1332 1285 1332 1284 1333 1282 1333 1281 1333 1065 1334 1286 1334 1059 1334 1059 1335 1286 1335 1047 1335 1047 1336 1287 1336 1039 1336 1039 1337 1287 1337 16 1337 1286 1338 1287 1338 1047 1338 428 1339 1288 1339 1065 1339 422 1340 1288 1340 428 1340 411 1341 1288 1341 422 1341 1065 1342 1288 1342 1286 1342 16 1343 1289 1343 14 1343 403 1344 1289 1344 411 1344 14 1345 1289 1345 403 1345 1286 1346 1289 1346 1287 1346 1287 1347 1289 1347 16 1347 411 1348 1289 1348 1288 1348 1288 1349 1289 1349 1286 1349 48 1350 488 1350 41 1350 41 1351 488 1351 1156 1351 1156 1352 493 1352 1161 1352 488 1353 493 1353 1156 1353 1161 1354 497 1354 1165 1354 493 1355 497 1355 1161 1355 1165 1356 1290 1356 1162 1356 1162 1357 1290 1357 1159 1357 1159 1358 1290 1358 1152 1358 1152 1359 1290 1359 1149 1359 1149 1360 1291 1360 1146 1360 1146 1361 1291 1361 1143 1361 1143 1362 1291 1362 1140 1362 1140 1363 1291 1363 1139 1363 1290 1364 1291 1364 1149 1364 497 1365 1292 1365 1165 1365 494 1366 1292 1366 497 1366 491 1367 1292 1367 494 1367 484 1368 1292 1368 491 1368 481 1369 1292 1369 484 1369 1165 1370 1292 1370 1290 1370 1139 1371 1293 1371 471 1371 478 1372 1293 1372 481 1372 475 1373 1293 1373 478 1373 472 1374 1293 1374 475 1374 471 1375 1293 1375 472 1375 1290 1376 1293 1376 1291 1376 1291 1377 1293 1377 1139 1377 1292 1378 1293 1378 1290 1378 481 1379 1293 1379 1292 1379 1139 1380 1294 1380 1135 1380 1135 1381 1294 1381 1132 1381 1132 1382 1295 1382 1124 1382 1124 1383 1295 1383 1114 1383 1294 1384 1295 1384 1132 1384 471 1385 1296 1385 1139 1385 467 1386 1296 1386 471 1386 464 1387 1296 1387 467 1387 1139 1388 1296 1388 1294 1388 1114 1389 1297 1389 457 1389 461 1390 1297 1390 464 1390 457 1391 1297 1391 461 1391 1294 1392 1297 1392 1295 1392 1295 1393 1297 1393 1114 1393 464 1394 1297 1394 1296 1394 1296 1395 1297 1395 1294 1395 457 1396 452 1396 1114 1396 1114 1397 452 1397 1105 1397 1105 1398 446 1398 1096 1398 452 1399 446 1399 1105 1399 1096 1400 447 1400 1097 1400 446 1401 447 1401 1096 1401 1097 1402 453 1402 1106 1402 447 1403 453 1403 1097 1403 1106 1404 458 1404 1115 1404 453 1405 458 1405 1106 1405 1115 1406 500 1406 1125 1406 1125 1407 500 1407 1179 1407 458 1408 500 1408 1115 1408 500 1409 506 1409 1179 1409 1179 1410 512 1410 1190 1410 506 1411 512 1411 1179 1411 1190 1412 518 1412 1198 1412 512 1413 518 1413 1190 1413 1198 1414 1298 1414 1204 1414 1204 1415 1298 1415 1210 1415 1210 1416 1299 1416 1216 1416 1216 1417 1299 1417 1222 1417 1298 1418 1299 1418 1210 1418 518 1419 1300 1419 1198 1419 524 1420 1300 1420 518 1420 530 1421 1300 1421 524 1421 1198 1422 1300 1422 1298 1422 1222 1423 1301 1423 542 1423 536 1424 1301 1424 530 1424 542 1425 1301 1425 536 1425 1299 1426 1301 1426 1222 1426 1298 1427 1301 1427 1299 1427 530 1428 1301 1428 1300 1428 1300 1429 1301 1429 1298 1429 1222 1430 1302 1430 1232 1430 1232 1431 1302 1431 1238 1431 1238 1432 1302 1432 1243 1432 1243 1433 1302 1433 1248 1433 1248 1434 1303 1434 1254 1434 1254 1435 1303 1435 1260 1435 1260 1436 1303 1436 1265 1436 1265 1437 1303 1437 1271 1437 1302 1438 1303 1438 1248 1438 542 1439 1304 1439 1222 1439 552 1440 1304 1440 542 1440 558 1441 1304 1441 552 1441 563 1442 1304 1442 558 1442 568 1443 1304 1443 563 1443 1222 1444 1304 1444 1302 1444 1271 1445 1305 1445 591 1445 574 1446 1305 1446 568 1446 580 1447 1305 1447 574 1447 585 1448 1305 1448 580 1448 591 1449 1305 1449 585 1449 1302 1450 1305 1450 1303 1450 1303 1451 1305 1451 1271 1451 1304 1452 1305 1452 1302 1452 568 1453 1305 1453 1304 1453 591 1454 590 1454 1271 1454 1271 1455 590 1455 1270 1455 1270 1456 592 1456 1272 1456 590 1457 592 1457 1270 1457 1272 1458 594 1458 1274 1458 592 1459 594 1459 1272 1459 1274 1460 1306 1460 1264 1460 1264 1461 1306 1461 1259 1461 1259 1462 1306 1462 1253 1462 1253 1463 1306 1463 1247 1463 1247 1464 1307 1464 1242 1464 1242 1465 1307 1465 1237 1465 1237 1466 1307 1466 1231 1466 1231 1467 1307 1467 1228 1467 1306 1468 1307 1468 1247 1468 594 1469 1308 1469 1274 1469 584 1470 1308 1470 594 1470 579 1471 1308 1471 584 1471 573 1472 1308 1472 579 1472 567 1473 1308 1473 573 1473 1274 1474 1308 1474 1306 1474 1228 1475 1309 1475 548 1475 562 1476 1309 1476 567 1476 557 1477 1309 1477 562 1477 551 1478 1309 1478 557 1478 548 1479 1309 1479 551 1479 1306 1480 1309 1480 1307 1480 1307 1481 1309 1481 1228 1481 1308 1482 1309 1482 1306 1482 567 1483 1309 1483 1308 1483 1228 1484 1310 1484 1221 1484 1221 1485 1310 1485 1215 1485 1215 1486 1311 1486 1209 1486 1209 1487 1311 1487 1203 1487 1310 1488 1311 1488 1215 1488 548 1489 1312 1489 1228 1489 541 1490 1312 1490 548 1490 535 1491 1312 1491 541 1491 1228 1492 1312 1492 1310 1492 1203 1493 1313 1493 523 1493 529 1494 1313 1494 535 1494 523 1495 1313 1495 529 1495 1310 1496 1313 1496 1311 1496 1311 1497 1313 1497 1203 1497 535 1498 1313 1498 1312 1498 1312 1499 1313 1499 1310 1499 523 1500 517 1500 1203 1500 1203 1501 517 1501 1197 1501 1197 1502 511 1502 1189 1502 1189 1503 511 1503 1178 1503 517 1504 511 1504 1197 1504 511 1505 505 1505 1178 1505 1178 1506 499 1506 1167 1506 505 1507 499 1507 1178 1507 1167 1508 507 1508 1180 1508 499 1509 507 1509 1167 1509 1180 1510 513 1510 1191 1510 507 1511 513 1511 1180 1511 1191 1512 519 1512 1199 1512 513 1513 519 1513 1191 1513 1199 1514 525 1514 1205 1514 519 1515 525 1515 1199 1515 1205 1516 531 1516 1211 1516 525 1517 531 1517 1205 1517 1211 1518 1314 1518 1217 1518 1217 1519 1314 1519 1223 1519 1223 1520 1315 1520 1229 1520 1229 1521 1315 1521 1235 1521 1314 1522 1315 1522 1223 1522 531 1523 1316 1523 1211 1523 537 1524 1316 1524 531 1524 543 1525 1316 1525 537 1525 1211 1526 1316 1526 1314 1526 1235 1527 1317 1527 555 1527 549 1528 1317 1528 543 1528 555 1529 1317 1529 549 1529 1315 1530 1317 1530 1235 1530 1314 1531 1317 1531 1315 1531 543 1532 1317 1532 1316 1532 1316 1533 1317 1533 1314 1533 1235 1534 1318 1534 1244 1534 1244 1535 1318 1535 1252 1535 1252 1536 1318 1536 1258 1536 1258 1537 1318 1537 1266 1537 1266 1538 1319 1538 1277 1538 1277 1539 1319 1539 1279 1539 1279 1540 1319 1540 1281 1540 1281 1541 1319 1541 1285 1541 1318 1542 1319 1542 1266 1542 555 1543 1320 1543 1235 1543 564 1544 1320 1544 555 1544 572 1545 1320 1545 564 1545 578 1546 1320 1546 572 1546 586 1547 1320 1547 578 1547 1235 1548 1320 1548 1318 1548 1285 1549 1321 1549 605 1549 597 1550 1321 1550 586 1550 599 1551 1321 1551 597 1551 601 1552 1321 1552 599 1552 605 1553 1321 1553 601 1553 1318 1554 1321 1554 1319 1554 1319 1555 1321 1555 1285 1555 1320 1556 1321 1556 1318 1556 586 1557 1321 1557 1320 1557 605 1558 604 1558 1285 1558 1285 1559 604 1559 1284 1559 1284 1560 602 1560 1282 1560 604 1561 602 1561 1284 1561 1282 1562 603 1562 1283 1562 602 1563 603 1563 1282 1563 1283 1564 1322 1564 1280 1564 1280 1565 1322 1565 1278 1565 1278 1566 1322 1566 1276 1566 1276 1567 1322 1567 1263 1567 1263 1568 1323 1568 1257 1568 1257 1569 1323 1569 1249 1569 1249 1570 1323 1570 1241 1570 1241 1571 1323 1571 1236 1571 1322 1572 1323 1572 1263 1572 603 1573 1324 1573 1283 1573 600 1574 1324 1574 603 1574 598 1575 1324 1575 600 1575 596 1576 1324 1576 598 1576 583 1577 1324 1577 596 1577 1283 1578 1324 1578 1322 1578 1236 1579 1325 1579 556 1579 577 1580 1325 1580 583 1580 569 1581 1325 1581 577 1581 561 1582 1325 1582 569 1582 556 1583 1325 1583 561 1583 1322 1584 1325 1584 1323 1584 1323 1585 1325 1585 1236 1585 1324 1586 1325 1586 1322 1586 583 1587 1325 1587 1324 1587 1236 1588 1326 1588 1230 1588 1230 1589 1326 1589 1224 1589 1224 1590 1327 1590 1218 1590 1218 1591 1327 1591 1212 1591 1326 1592 1327 1592 1224 1592 556 1593 1328 1593 1236 1593 550 1594 1328 1594 556 1594 544 1595 1328 1595 550 1595 1236 1596 1328 1596 1326 1596 1212 1597 1329 1597 532 1597 538 1598 1329 1598 544 1598 532 1599 1329 1599 538 1599 1326 1600 1329 1600 1327 1600 1327 1601 1329 1601 1212 1601 544 1602 1329 1602 1328 1602 1328 1603 1329 1603 1326 1603 532 1604 526 1604 1212 1604 1212 1605 526 1605 1206 1605 1206 1606 520 1606 1200 1606 526 1607 520 1607 1206 1607 1200 1608 514 1608 1194 1608 520 1609 514 1609 1200 1609 1194 1610 508 1610 1183 1610 1183 1611 508 1611 1172 1611 514 1612 508 1612 1194 1612 508 1613 501 1613 1172 1613 1172 1614 504 1614 1176 1614 1176 1615 504 1615 1187 1615 501 1616 504 1616 1172 1616 1187 1617 510 1617 1195 1617 504 1618 510 1618 1187 1618 1195 1619 516 1619 1201 1619 510 1620 516 1620 1195 1620 516 1621 522 1621 1201 1621 1201 1622 1330 1622 1207 1622 1207 1623 1330 1623 1213 1623 1213 1624 1331 1624 1219 1624 1219 1625 1331 1625 1225 1625 1330 1626 1331 1626 1213 1626 522 1627 1332 1627 1201 1627 528 1628 1332 1628 522 1628 534 1629 1332 1629 528 1629 1201 1630 1332 1630 1330 1630 1225 1631 1333 1631 546 1631 540 1632 1333 1632 534 1632 546 1633 1333 1633 540 1633 1331 1634 1333 1634 1225 1634 1330 1635 1333 1635 1331 1635 534 1636 1333 1636 1332 1636 1332 1637 1333 1637 1330 1637 1225 1638 1334 1638 1233 1638 1233 1639 1334 1639 1239 1639 1239 1640 1334 1640 1245 1640 1245 1641 1334 1641 1250 1641 1250 1642 1335 1642 1255 1642 1255 1643 1335 1643 1261 1643 1261 1644 1335 1644 1267 1644 1267 1645 1335 1645 1275 1645 1334 1646 1335 1646 1250 1646 546 1647 1336 1647 1225 1647 554 1648 1336 1648 546 1648 559 1649 1336 1649 554 1649 566 1650 1336 1650 559 1650 570 1651 1336 1651 566 1651 1225 1652 1336 1652 1334 1652 1275 1653 1337 1653 595 1653 576 1654 1337 1654 570 1654 582 1655 1337 1655 576 1655 587 1656 1337 1656 582 1656 595 1657 1337 1657 587 1657 1334 1658 1337 1658 1335 1658 1335 1659 1337 1659 1275 1659 1336 1660 1337 1660 1334 1660 570 1661 1337 1661 1336 1661 595 1662 593 1662 1275 1662 1275 1663 593 1663 1273 1663 1273 1664 589 1664 1268 1664 593 1665 589 1665 1273 1665 1268 1666 588 1666 1269 1666 589 1667 588 1667 1268 1667 1269 1668 1338 1668 1262 1668 1262 1669 1338 1669 1256 1669 1256 1670 1338 1670 1251 1670 1251 1671 1338 1671 1246 1671 1246 1672 1339 1672 1240 1672 1240 1673 1339 1673 1234 1673 1234 1674 1339 1674 1226 1674 1226 1675 1339 1675 1227 1675 1338 1676 1339 1676 1246 1676 588 1677 1340 1677 1269 1677 581 1678 1340 1678 588 1678 575 1679 1340 1679 581 1679 571 1680 1340 1680 575 1680 565 1681 1340 1681 571 1681 1269 1682 1340 1682 1338 1682 1227 1683 1341 1683 547 1683 560 1684 1341 1684 565 1684 553 1685 1341 1685 560 1685 545 1686 1341 1686 553 1686 547 1687 1341 1687 545 1687 1338 1688 1341 1688 1339 1688 1339 1689 1341 1689 1227 1689 1340 1690 1341 1690 1338 1690 565 1691 1341 1691 1340 1691 1227 1692 1342 1692 1220 1692 1220 1693 1342 1693 1214 1693 1214 1694 1343 1694 1208 1694 1208 1695 1343 1695 1202 1695 1342 1696 1343 1696 1214 1696 547 1697 1344 1697 1227 1697 539 1698 1344 1698 547 1698 533 1699 1344 1699 539 1699 1227 1700 1344 1700 1342 1700 1202 1701 1345 1701 521 1701 527 1702 1345 1702 533 1702 521 1703 1345 1703 527 1703 1342 1704 1345 1704 1343 1704 1343 1705 1345 1705 1202 1705 533 1706 1345 1706 1344 1706 1344 1707 1345 1707 1342 1707 521 1708 515 1708 1202 1708 1202 1709 515 1709 1196 1709 1196 1710 509 1710 1188 1710 515 1711 509 1711 1196 1711 1188 1712 503 1712 1128 1712 509 1713 503 1713 1188 1713 1128 1714 502 1714 1118 1714 503 1715 502 1715 1128 1715 1118 1716 454 1716 1109 1716 502 1717 454 1717 1118 1717 1109 1718 448 1718 1100 1718 454 1719 448 1719 1109 1719 1100 1720 444 1720 1094 1720 448 1721 444 1721 1100 1721 1094 1722 450 1722 1103 1722 444 1723 450 1723 1094 1723 1103 1724 455 1724 1112 1724 450 1725 455 1725 1103 1725 1112 1726 1346 1726 1122 1726 1122 1727 1346 1727 1130 1727 1130 1728 1347 1728 1133 1728 1133 1729 1347 1729 1136 1729 1346 1730 1347 1730 1130 1730 455 1731 1348 1731 1112 1731 459 1732 1348 1732 455 1732 462 1733 1348 1733 459 1733 1112 1734 1348 1734 1346 1734 1136 1735 1349 1735 468 1735 465 1736 1349 1736 462 1736 468 1737 1349 1737 465 1737 1347 1738 1349 1738 1136 1738 1346 1739 1349 1739 1347 1739 462 1740 1349 1740 1348 1740 1348 1741 1349 1741 1346 1741 1136 1742 1350 1742 1141 1742 1141 1743 1350 1743 1144 1743 1144 1744 1350 1744 1147 1744 1147 1745 1350 1745 1150 1745 1150 1746 1351 1746 1157 1746 1157 1747 1351 1747 1160 1747 1160 1748 1351 1748 1163 1748 1163 1749 1351 1749 1166 1749 1350 1750 1351 1750 1150 1750 468 1751 1352 1751 1136 1751 474 1752 1352 1752 468 1752 477 1753 1352 1753 474 1753 480 1754 1352 1754 477 1754 482 1755 1352 1755 480 1755 1136 1756 1352 1756 1350 1756 1166 1757 1353 1757 498 1757 489 1758 1353 1758 482 1758 492 1759 1353 1759 489 1759 495 1760 1353 1760 492 1760 498 1761 1353 1761 495 1761 1350 1762 1353 1762 1351 1762 1351 1763 1353 1763 1166 1763 1352 1764 1353 1764 1350 1764 482 1765 1353 1765 1352 1765 498 1766 496 1766 1166 1766 1166 1767 496 1767 1164 1767 1164 1768 486 1768 1153 1768 496 1769 486 1769 1164 1769 1153 1770 485 1770 1154 1770 486 1771 485 1771 1153 1771 1154 1772 1354 1772 1155 1772 1155 1773 1354 1773 1158 1773 1158 1774 1354 1774 1151 1774 1151 1775 1354 1775 1148 1775 1148 1776 1355 1776 1145 1776 1145 1777 1355 1777 1142 1777 1142 1778 1355 1778 1137 1778 1137 1779 1355 1779 1138 1779 1354 1780 1355 1780 1148 1780 485 1781 1356 1781 1154 1781 487 1782 1356 1782 485 1782 490 1783 1356 1783 487 1783 483 1784 1356 1784 490 1784 479 1785 1356 1785 483 1785 1154 1786 1356 1786 1354 1786 1138 1787 1357 1787 470 1787 476 1788 1357 1788 479 1788 473 1789 1357 1789 476 1789 469 1790 1357 1790 473 1790 470 1791 1357 1791 469 1791 1354 1792 1357 1792 1355 1792 1355 1793 1357 1793 1138 1793 1356 1794 1357 1794 1354 1794 479 1795 1357 1795 1356 1795 1138 1796 1358 1796 1134 1796 1134 1797 1358 1797 1131 1797 1131 1798 1359 1798 1123 1798 1123 1799 1359 1799 1113 1799 1358 1800 1359 1800 1131 1800 470 1801 1360 1801 1138 1801 466 1802 1360 1802 470 1802 463 1803 1360 1803 466 1803 1138 1804 1360 1804 1358 1804 1113 1805 1361 1805 456 1805 460 1806 1361 1806 463 1806 456 1807 1361 1807 460 1807 1358 1808 1361 1808 1359 1808 1359 1809 1361 1809 1113 1809 463 1810 1361 1810 1360 1810 1360 1811 1361 1811 1358 1811 456 1812 451 1812 1113 1812 1113 1813 451 1813 1104 1813 1104 1814 443 1814 1095 1814 451 1815 443 1815 1104 1815 1095 1816 445 1816 1092 1816 443 1817 445 1817 1095 1817 1092 1818 449 1818 1087 1818 445 1819 449 1819 1092 1819 1087 1820 442 1820 1081 1820 449 1821 442 1821 1087 1821 1081 1822 414 1822 1051 1822 1051 1823 414 1823 1036 1823 442 1824 414 1824 1081 1824 414 1825 399 1825 1036 1825 1036 1826 395 1826 1032 1826 399 1827 395 1827 1036 1827 1032 1828 391 1828 1027 1828 395 1829 391 1829 1032 1829 1027 1830 1362 1830 1037 1830 1037 1831 1362 1831 1045 1831 1045 1832 1363 1832 1057 1832 1057 1833 1363 1833 1066 1833 1362 1834 1363 1834 1045 1834 391 1835 1364 1835 1027 1835 402 1836 1364 1836 391 1836 410 1837 1364 1837 402 1837 1027 1838 1364 1838 1362 1838 1066 1839 1365 1839 430 1839 421 1840 1365 1840 410 1840 430 1841 1365 1841 421 1841 1363 1842 1365 1842 1066 1842 1362 1843 1365 1843 1363 1843 410 1844 1365 1844 1364 1844 1364 1845 1365 1845 1362 1845 1066 1846 1366 1846 1075 1846 1075 1847 1366 1847 1077 1847 1077 1848 1366 1848 1069 1848 1069 1849 1366 1849 1061 1849 1061 1850 1367 1850 1053 1850 1053 1851 1367 1851 1041 1851 1041 1852 1367 1852 1021 1852 1021 1853 1367 1853 1022 1853 1366 1854 1367 1854 1061 1854 430 1855 1368 1855 1066 1855 439 1856 1368 1856 430 1856 440 1857 1368 1857 439 1857 432 1858 1368 1858 440 1858 424 1859 1368 1859 432 1859 1066 1860 1368 1860 1366 1860 1022 1861 1369 1861 385 1861 416 1862 1369 1862 424 1862 405 1863 1369 1863 416 1863 384 1864 1369 1864 405 1864 385 1865 1369 1865 384 1865 1366 1866 1369 1866 1367 1866 1367 1867 1369 1867 1022 1867 1368 1868 1369 1868 1366 1868 424 1869 1369 1869 1368 1869 385 1870 386 1870 1022 1870 1022 1871 386 1871 1023 1871 1023 1872 378 1872 1014 1872 386 1873 378 1873 1023 1873 1014 1874 377 1874 1015 1874 378 1875 377 1875 1014 1875 1015 1876 1370 1876 1016 1876 1016 1877 1370 1877 1042 1877 1042 1878 1370 1878 1054 1878 1054 1879 1370 1879 1062 1879 1062 1880 1371 1880 1070 1880 1070 1881 1371 1881 1076 1881 1076 1882 1371 1882 1067 1882 1067 1883 1371 1883 1068 1883 1370 1884 1371 1884 1062 1884 377 1885 1372 1885 1015 1885 379 1886 1372 1886 377 1886 406 1887 1372 1887 379 1887 417 1888 1372 1888 406 1888 425 1889 1372 1889 417 1889 1015 1890 1372 1890 1370 1890 1068 1891 1373 1891 431 1891 433 1892 1373 1892 425 1892 438 1893 1373 1893 433 1893 429 1894 1373 1894 438 1894 431 1895 1373 1895 429 1895 1370 1896 1373 1896 1371 1896 1371 1897 1373 1897 1068 1897 1372 1898 1373 1898 1370 1898 425 1899 1373 1899 1372 1899 1068 1900 1374 1900 1058 1900 1058 1901 1374 1901 1046 1901 1046 1902 1375 1902 1038 1902 1038 1903 1375 1903 1028 1903 1374 1904 1375 1904 1046 1904 431 1905 1376 1905 1068 1905 420 1906 1376 1906 431 1906 409 1907 1376 1907 420 1907 1068 1908 1376 1908 1374 1908 1028 1909 1377 1909 390 1909 401 1910 1377 1910 409 1910 390 1911 1377 1911 401 1911 1374 1912 1377 1912 1375 1912 1375 1913 1377 1913 1028 1913 409 1914 1377 1914 1376 1914 1376 1915 1377 1915 1374 1915 390 1916 392 1916 1028 1916 1028 1917 392 1917 1029 1917 1029 1918 396 1918 1033 1918 392 1919 396 1919 1029 1919 1033 1920 400 1920 1011 1920 1011 1921 400 1921 1006 1921 396 1922 400 1922 1033 1922 400 1923 415 1923 1006 1923 1006 1924 375 1924 998 1924 998 1925 375 1925 993 1925 415 1926 375 1926 1006 1926 375 1927 372 1927 993 1927 993 1928 368 1928 989 1928 372 1929 368 1929 993 1929 989 1930 364 1930 985 1930 985 1931 364 1931 981 1931 368 1932 364 1932 989 1932 364 1933 360 1933 981 1933 981 1934 1378 1934 977 1934 977 1935 1378 1935 973 1935 973 1936 1379 1936 969 1936 969 1937 1379 1937 964 1937 1378 1938 1379 1938 973 1938 360 1939 1380 1939 981 1939 356 1940 1380 1940 360 1940 352 1941 1380 1941 356 1941 981 1942 1380 1942 1378 1942 964 1943 1381 1943 342 1943 348 1944 1381 1944 352 1944 342 1945 1381 1945 348 1945 1379 1946 1381 1946 964 1946 1378 1947 1381 1947 1379 1947 352 1948 1381 1948 1380 1948 1380 1949 1381 1949 1378 1949 964 1950 1382 1950 959 1950 959 1951 1382 1951 955 1951 955 1952 1382 1952 951 1952 951 1953 1382 1953 947 1953 947 1954 1383 1954 943 1954 943 1955 1383 1955 939 1955 939 1956 1383 1956 933 1956 933 1957 1383 1957 934 1957 1382 1958 1383 1958 947 1958 342 1959 1384 1959 964 1959 338 1960 1384 1960 342 1960 334 1961 1384 1961 338 1961 330 1962 1384 1962 334 1962 326 1963 1384 1963 330 1963 964 1964 1384 1964 1382 1964 934 1965 1385 1965 313 1965 322 1966 1385 1966 326 1966 318 1967 1385 1967 322 1967 312 1968 1385 1968 318 1968 313 1969 1385 1969 312 1969 1382 1970 1385 1970 1383 1970 1383 1971 1385 1971 934 1971 1384 1972 1385 1972 1382 1972 326 1973 1385 1973 1384 1973 313 1974 314 1974 934 1974 934 1975 314 1975 935 1975 935 1976 306 1976 924 1976 924 1977 306 1977 925 1977 314 1978 306 1978 935 1978 306 1979 305 1979 925 1979 925 1980 1386 1980 926 1980 926 1981 1386 1981 940 1981 940 1982 1386 1982 944 1982 944 1983 1386 1983 948 1983 948 1984 1387 1984 952 1984 952 1985 1387 1985 956 1985 956 1986 1387 1986 960 1986 960 1987 1387 1987 965 1987 1386 1988 1387 1988 948 1988 305 1989 1388 1989 925 1989 307 1990 1388 1990 305 1990 319 1991 1388 1991 307 1991 323 1992 1388 1992 319 1992 327 1993 1388 1993 323 1993 925 1994 1388 1994 1386 1994 965 1995 1389 1995 343 1995 331 1996 1389 1996 327 1996 335 1997 1389 1997 331 1997 339 1998 1389 1998 335 1998 343 1999 1389 1999 339 1999 1386 2000 1389 2000 1387 2000 1387 2001 1389 2001 965 2001 1388 2002 1389 2002 1386 2002 327 2003 1389 2003 1388 2003 965 2004 1390 2004 966 2004 966 2005 1390 2005 970 2005 970 2006 1391 2006 974 2006 974 2007 1391 2007 978 2007 1390 2008 1391 2008 970 2008 343 2009 1392 2009 965 2009 344 2010 1392 2010 343 2010 349 2011 1392 2011 344 2011 965 2012 1392 2012 1390 2012 978 2013 1393 2013 357 2013 353 2014 1393 2014 349 2014 357 2015 1393 2015 353 2015 1390 2016 1393 2016 1391 2016 1391 2017 1393 2017 978 2017 349 2018 1393 2018 1392 2018 1392 2019 1393 2019 1390 2019 357 2020 361 2020 978 2020 978 2021 361 2021 982 2021 982 2022 365 2022 986 2022 361 2023 365 2023 982 2023 986 2024 369 2024 920 2024 365 2025 369 2025 986 2025 920 2026 373 2026 915 2026 369 2027 373 2027 920 2027 915 2028 303 2028 906 2028 906 2029 303 2029 896 2029 373 2030 303 2030 915 2030 303 2031 300 2031 896 2031 896 2032 296 2032 891 2032 891 2033 296 2033 885 2033 300 2034 296 2034 896 2034 296 2035 292 2035 885 2035 885 2036 288 2036 878 2036 292 2037 288 2037 885 2037 878 2038 1394 2038 874 2038 874 2039 1394 2039 867 2039 867 2040 1395 2040 861 2040 861 2041 1395 2041 853 2041 1394 2042 1395 2042 867 2042 288 2043 1396 2043 878 2043 284 2044 1396 2044 288 2044 280 2045 1396 2045 284 2045 878 2046 1396 2046 1394 2046 853 2047 1397 2047 270 2047 276 2048 1397 2048 280 2048 270 2049 1397 2049 276 2049 1395 2050 1397 2050 853 2050 1394 2051 1397 2051 1395 2051 280 2052 1397 2052 1396 2052 1396 2053 1397 2053 1394 2053 853 2054 1398 2054 846 2054 846 2055 1398 2055 839 2055 839 2056 1398 2056 830 2056 830 2057 1398 2057 819 2057 819 2058 1399 2058 809 2058 809 2059 1399 2059 789 2059 789 2060 1399 2060 783 2060 783 2061 1399 2061 784 2061 1398 2062 1399 2062 819 2062 270 2063 1400 2063 853 2063 266 2064 1400 2064 270 2064 262 2065 1400 2065 266 2065 258 2066 1400 2066 262 2066 254 2067 1400 2067 258 2067 853 2068 1400 2068 1398 2068 784 2069 1401 2069 241 2069 250 2070 1401 2070 254 2070 246 2071 1401 2071 250 2071 240 2072 1401 2072 246 2072 241 2073 1401 2073 240 2073 1398 2074 1401 2074 1399 2074 1399 2075 1401 2075 784 2075 1400 2076 1401 2076 1398 2076 254 2077 1401 2077 1400 2077 241 2078 242 2078 784 2078 784 2079 242 2079 785 2079 785 2080 234 2080 776 2080 242 2081 234 2081 785 2081 776 2082 233 2082 777 2082 234 2083 233 2083 776 2083 777 2084 1402 2084 778 2084 778 2085 1402 2085 790 2085 790 2086 1402 2086 810 2086 810 2087 1402 2087 820 2087 820 2088 1403 2088 831 2088 831 2089 1403 2089 840 2089 840 2090 1403 2090 847 2090 847 2091 1403 2091 854 2091 1402 2092 1403 2092 820 2092 233 2093 1404 2093 777 2093 235 2094 1404 2094 233 2094 247 2095 1404 2095 235 2095 251 2096 1404 2096 247 2096 255 2097 1404 2097 251 2097 777 2098 1404 2098 1402 2098 854 2099 1405 2099 271 2099 259 2100 1405 2100 255 2100 263 2101 1405 2101 259 2101 267 2102 1405 2102 263 2102 271 2103 1405 2103 267 2103 1402 2104 1405 2104 1403 2104 1403 2105 1405 2105 854 2105 1404 2106 1405 2106 1402 2106 255 2107 1405 2107 1404 2107 854 2108 1406 2108 855 2108 855 2109 1406 2109 862 2109 862 2110 1407 2110 868 2110 868 2111 1407 2111 875 2111 1406 2112 1407 2112 862 2112 271 2113 1408 2113 854 2113 272 2114 1408 2114 271 2114 277 2115 1408 2115 272 2115 854 2116 1408 2116 1406 2116 875 2117 1409 2117 285 2117 281 2118 1409 2118 277 2118 285 2119 1409 2119 281 2119 1406 2120 1409 2120 1407 2120 1407 2121 1409 2121 875 2121 277 2122 1409 2122 1408 2122 1408 2123 1409 2123 1406 2123 285 2124 289 2124 875 2124 875 2125 289 2125 879 2125 879 2126 293 2126 886 2126 289 2127 293 2127 879 2127 886 2128 297 2128 892 2128 293 2129 297 2129 886 2129 892 2130 301 2130 888 2130 297 2131 301 2131 892 2131 888 2132 231 2132 870 2132 301 2133 231 2133 888 2133 870 2134 228 2134 775 2134 231 2135 228 2135 870 2135 775 2136 224 2136 771 2136 228 2137 224 2137 775 2137 771 2138 220 2138 767 2138 224 2139 220 2139 771 2139 767 2140 216 2140 763 2140 220 2141 216 2141 767 2141 763 2142 1410 2142 759 2142 759 2143 1410 2143 755 2143 755 2144 1411 2144 751 2144 751 2145 1411 2145 746 2145 1410 2146 1411 2146 755 2146 216 2147 1412 2147 763 2147 212 2148 1412 2148 216 2148 208 2149 1412 2149 212 2149 763 2150 1412 2150 1410 2150 746 2151 1413 2151 199 2151 204 2152 1413 2152 208 2152 199 2153 1413 2153 204 2153 1411 2154 1413 2154 746 2154 1410 2155 1413 2155 1411 2155 208 2156 1413 2156 1412 2156 1412 2157 1413 2157 1410 2157 746 2158 1414 2158 741 2158 741 2159 1414 2159 737 2159 737 2160 1414 2160 733 2160 733 2161 1414 2161 729 2161 729 2162 1415 2162 725 2162 725 2163 1415 2163 718 2163 718 2164 1415 2164 704 2164 704 2165 1415 2165 705 2165 1414 2166 1415 2166 729 2166 199 2167 1416 2167 746 2167 194 2168 1416 2168 199 2168 190 2169 1416 2169 194 2169 186 2170 1416 2170 190 2170 182 2171 1416 2171 186 2171 746 2172 1416 2172 1414 2172 705 2173 1417 2173 154 2173 178 2174 1417 2174 182 2174 167 2175 1417 2175 178 2175 153 2176 1417 2176 167 2176 154 2177 1417 2177 153 2177 1414 2178 1417 2178 1415 2178 1415 2179 1417 2179 705 2179 1416 2180 1417 2180 1414 2180 182 2181 1417 2181 1416 2181 154 2182 155 2182 705 2182 705 2183 155 2183 706 2183 706 2184 135 2184 685 2184 155 2185 135 2185 706 2185 685 2186 134 2186 686 2186 135 2187 134 2187 685 2187 686 2188 1418 2188 687 2188 687 2189 1418 2189 719 2189 719 2190 1418 2190 726 2190 726 2191 1418 2191 730 2191 730 2192 1419 2192 734 2192 734 2193 1419 2193 738 2193 738 2194 1419 2194 742 2194 742 2195 1419 2195 747 2195 1418 2196 1419 2196 730 2196 134 2197 1420 2197 686 2197 136 2198 1420 2198 134 2198 168 2199 1420 2199 136 2199 179 2200 1420 2200 168 2200 183 2201 1420 2201 179 2201 686 2202 1420 2202 1418 2202 747 2203 1421 2203 200 2203 187 2204 1421 2204 183 2204 191 2205 1421 2205 187 2205 195 2206 1421 2206 191 2206 200 2207 1421 2207 195 2207 1418 2208 1421 2208 1419 2208 1419 2209 1421 2209 747 2209 1420 2210 1421 2210 1418 2210 183 2211 1421 2211 1420 2211 747 2212 1422 2212 748 2212 748 2213 1422 2213 752 2213 752 2214 1423 2214 756 2214 756 2215 1423 2215 760 2215 1422 2216 1423 2216 752 2216 200 2217 1424 2217 747 2217 201 2218 1424 2218 200 2218 205 2219 1424 2219 201 2219 747 2220 1424 2220 1422 2220 760 2221 1425 2221 213 2221 209 2222 1425 2222 205 2222 213 2223 1425 2223 209 2223 1422 2224 1425 2224 1423 2224 1423 2225 1425 2225 760 2225 205 2226 1425 2226 1424 2226 1424 2227 1425 2227 1422 2227 213 2228 217 2228 760 2228 760 2229 217 2229 764 2229 764 2230 221 2230 768 2230 217 2231 221 2231 764 2231 768 2232 225 2232 772 2232 221 2233 225 2233 768 2233 772 2234 229 2234 835 2234 225 2235 229 2235 772 2235 835 2236 176 2236 826 2236 229 2237 176 2237 835 2237 826 2238 171 2238 722 2238 722 2239 171 2239 716 2239 176 2240 171 2240 826 2240 171 2241 165 2241 716 2241 716 2242 161 2242 712 2242 165 2243 161 2243 716 2243 712 2244 151 2244 702 2244 161 2245 151 2245 712 2245 702 2246 1426 2246 698 2246 698 2247 1426 2247 694 2247 694 2248 1427 2248 683 2248 683 2249 1427 2249 678 2249 1426 2250 1427 2250 694 2250 151 2251 1428 2251 702 2251 147 2252 1428 2252 151 2252 143 2253 1428 2253 147 2253 702 2254 1428 2254 1426 2254 678 2255 1429 2255 127 2255 132 2256 1429 2256 143 2256 127 2257 1429 2257 132 2257 1427 2258 1429 2258 678 2258 1426 2259 1429 2259 1427 2259 143 2260 1429 2260 1428 2260 1428 2261 1429 2261 1426 2261 678 2262 1430 2262 671 2262 671 2263 1430 2263 663 2263 663 2264 1430 2264 655 2264 655 2265 1430 2265 647 2265 647 2266 1431 2266 641 2266 641 2267 1431 2267 635 2267 635 2268 1431 2268 627 2268 627 2269 1431 2269 628 2269 1430 2270 1431 2270 647 2270 127 2271 1432 2271 678 2271 117 2272 1432 2272 127 2272 109 2273 1432 2273 117 2273 101 2274 1432 2274 109 2274 93 2275 1432 2275 101 2275 678 2276 1432 2276 1430 2276 628 2277 1433 2277 74 2277 87 2278 1433 2278 93 2278 81 2279 1433 2279 87 2279 73 2280 1433 2280 81 2280 74 2281 1433 2281 73 2281 1430 2282 1433 2282 1431 2282 1431 2283 1433 2283 628 2283 1432 2284 1433 2284 1430 2284 93 2285 1433 2285 1432 2285 74 2286 75 2286 628 2286 628 2287 75 2287 629 2287 629 2288 67 2288 622 2288 75 2289 67 2289 629 2289 622 2290 69 2290 623 2290 67 2291 69 2291 622 2291 623 2292 1434 2292 621 2292 621 2293 1434 2293 636 2293 636 2294 1434 2294 642 2294 642 2295 1434 2295 648 2295 648 2296 1435 2296 656 2296 656 2297 1435 2297 664 2297 664 2298 1435 2298 672 2298 672 2299 1435 2299 679 2299 1434 2300 1435 2300 648 2300 69 2301 1436 2301 623 2301 68 2302 1436 2302 69 2302 82 2303 1436 2303 68 2303 88 2304 1436 2304 82 2304 94 2305 1436 2305 88 2305 623 2306 1436 2306 1434 2306 679 2307 1437 2307 128 2307 102 2308 1437 2308 94 2308 110 2309 1437 2309 102 2309 118 2310 1437 2310 110 2310 128 2311 1437 2311 118 2311 1434 2312 1437 2312 1435 2312 1435 2313 1437 2313 679 2313 1436 2314 1437 2314 1434 2314 94 2315 1437 2315 1436 2315 679 2316 1438 2316 680 2316 680 2317 1438 2317 684 2317 684 2318 1439 2318 695 2318 695 2319 1439 2319 699 2319 1438 2320 1439 2320 684 2320 128 2321 1440 2321 679 2321 129 2322 1440 2322 128 2322 133 2323 1440 2323 129 2323 679 2324 1440 2324 1438 2324 699 2325 1441 2325 148 2325 144 2326 1441 2326 133 2326 148 2327 1441 2327 144 2327 1438 2328 1441 2328 1439 2328 1439 2329 1441 2329 699 2329 133 2330 1441 2330 1440 2330 1440 2331 1441 2331 1438 2331 148 2332 152 2332 699 2332 699 2333 152 2333 703 2333 703 2334 162 2334 713 2334 152 2335 162 2335 703 2335 713 2336 166 2336 717 2336 162 2337 166 2337 713 2337 717 2338 172 2338 803 2338 166 2339 172 2339 717 2339 803 2340 124 2340 798 2340 172 2341 124 2341 803 2341 798 2342 120 2342 674 2342 124 2343 120 2343 798 2343 674 2344 116 2344 670 2344 120 2345 116 2345 674 2345 670 2346 114 2346 668 2346 116 2347 114 2347 670 2347 668 2348 108 2348 662 2348 114 2349 108 2349 668 2349 662 2350 1442 2350 660 2350 660 2351 1442 2351 654 2351 654 2352 1443 2352 650 2352 650 2353 1443 2353 645 2353 1442 2354 1443 2354 654 2354 108 2355 1444 2355 662 2355 106 2356 1444 2356 108 2356 100 2357 1444 2357 106 2357 662 2358 1444 2358 1442 2358 645 2359 1445 2359 91 2359 96 2360 1445 2360 100 2360 91 2361 1445 2361 96 2361 1443 2362 1445 2362 645 2362 1442 2363 1445 2363 1443 2363 100 2364 1445 2364 1444 2364 1444 2365 1445 2365 1442 2365 645 2366 1446 2366 639 2366 639 2367 1446 2367 633 2367 633 2368 1446 2368 625 2368 625 2369 1446 2369 620 2369 620 2370 1447 2370 614 2370 614 2371 1447 2371 612 2371 612 2372 1447 2372 606 2372 606 2373 1447 2373 607 2373 1446 2374 1447 2374 620 2374 91 2375 1448 2375 645 2375 85 2376 1448 2376 91 2376 79 2377 1448 2377 85 2377 71 2378 1448 2378 79 2378 66 2379 1448 2379 71 2379 645 2380 1448 2380 1446 2380 607 2381 1449 2381 52 2381 60 2382 1449 2382 66 2382 58 2383 1449 2383 60 2383 53 2384 1449 2384 58 2384 52 2385 1449 2385 53 2385 1446 2386 1449 2386 1447 2386 1447 2387 1449 2387 607 2387 1448 2388 1449 2388 1446 2388 66 2389 1449 2389 1448 2389 52 2390 54 2390 607 2390 607 2391 54 2391 608 2391 608 2392 55 2392 609 2392 54 2393 55 2393 608 2393 609 2394 57 2394 611 2394 55 2395 57 2395 609 2395 611 2396 1450 2396 610 2396 610 2397 1450 2397 613 2397 613 2398 1450 2398 615 2398 615 2399 1450 2399 624 2399 624 2400 1451 2400 626 2400 626 2401 1451 2401 634 2401 634 2402 1451 2402 640 2402 640 2403 1451 2403 646 2403 1450 2404 1451 2404 624 2404 57 2405 1452 2405 611 2405 56 2406 1452 2406 57 2406 59 2407 1452 2407 56 2407 61 2408 1452 2408 59 2408 70 2409 1452 2409 61 2409 611 2410 1452 2410 1450 2410 646 2411 1453 2411 92 2411 72 2412 1453 2412 70 2412 80 2413 1453 2413 72 2413 86 2414 1453 2414 80 2414 92 2415 1453 2415 86 2415 1450 2416 1453 2416 1451 2416 1451 2417 1453 2417 646 2417 1452 2418 1453 2418 1450 2418 70 2419 1453 2419 1452 2419 646 2420 1454 2420 649 2420 649 2421 1454 2421 653 2421 653 2422 1455 2422 659 2422 659 2423 1455 2423 661 2423 1454 2424 1455 2424 653 2424 92 2425 1456 2425 646 2425 95 2426 1456 2426 92 2426 99 2427 1456 2427 95 2427 646 2428 1456 2428 1454 2428 661 2429 1457 2429 107 2429 105 2430 1457 2430 99 2430 107 2431 1457 2431 105 2431 1454 2432 1457 2432 1455 2432 1455 2433 1457 2433 661 2433 99 2434 1457 2434 1456 2434 1456 2435 1457 2435 1454 2435 107 2436 113 2436 661 2436 661 2437 113 2437 667 2437 667 2438 115 2438 669 2438 669 2439 115 2439 673 2439 113 2440 115 2440 667 2440 673 2441 119 2441 796 2441 115 2442 119 2442 673 2442 119 2443 123 2443 796 2443 796 2444 125 2444 805 2444 123 2445 125 2445 796 2445 805 2446 170 2446 721 2446 125 2447 170 2447 805 2447 721 2448 164 2448 715 2448 170 2449 164 2449 721 2449 715 2450 160 2450 711 2450 164 2451 160 2451 715 2451 711 2452 150 2452 701 2452 160 2453 150 2453 711 2453 701 2454 1458 2454 697 2454 697 2455 1458 2455 693 2455 693 2456 1459 2456 682 2456 682 2457 1459 2457 676 2457 1458 2458 1459 2458 693 2458 150 2459 1460 2459 701 2459 146 2460 1460 2460 150 2460 142 2461 1460 2461 146 2461 701 2462 1460 2462 1458 2462 676 2463 1461 2463 122 2463 131 2464 1461 2464 142 2464 122 2465 1461 2465 131 2465 1459 2466 1461 2466 676 2466 1458 2467 1461 2467 1459 2467 142 2468 1461 2468 1460 2468 1460 2469 1461 2469 1458 2469 676 2470 1462 2470 666 2470 666 2471 1462 2471 658 2471 658 2472 1462 2472 652 2472 652 2473 1462 2473 644 2473 644 2474 1463 2474 638 2474 638 2475 1463 2475 631 2475 631 2476 1463 2476 616 2476 616 2477 1463 2477 617 2477 1462 2478 1463 2478 644 2478 122 2479 1464 2479 676 2479 112 2480 1464 2480 122 2480 104 2481 1464 2481 112 2481 97 2482 1464 2482 104 2482 89 2483 1464 2483 97 2483 676 2484 1464 2484 1462 2484 617 2485 1465 2485 62 2485 83 2486 1465 2486 89 2486 76 2487 1465 2487 83 2487 63 2488 1465 2488 76 2488 62 2489 1465 2489 63 2489 1462 2490 1465 2490 1463 2490 1463 2491 1465 2491 617 2491 1464 2492 1465 2492 1462 2492 89 2493 1465 2493 1464 2493 62 2494 64 2494 617 2494 617 2495 64 2495 618 2495 618 2496 65 2496 619 2496 619 2497 65 2497 632 2497 64 2498 65 2498 618 2498 65 2499 78 2499 632 2499 632 2500 1466 2500 630 2500 630 2501 1466 2501 637 2501 637 2502 1466 2502 643 2502 643 2503 1466 2503 651 2503 651 2504 1467 2504 657 2504 657 2505 1467 2505 665 2505 665 2506 1467 2506 675 2506 675 2507 1467 2507 677 2507 1466 2508 1467 2508 651 2508 78 2509 1468 2509 632 2509 77 2510 1468 2510 78 2510 84 2511 1468 2511 77 2511 90 2512 1468 2512 84 2512 98 2513 1468 2513 90 2513 632 2514 1468 2514 1466 2514 677 2515 1469 2515 126 2515 103 2516 1469 2516 98 2516 111 2517 1469 2517 103 2517 121 2518 1469 2518 111 2518 126 2519 1469 2519 121 2519 1466 2520 1469 2520 1467 2520 1467 2521 1469 2521 677 2521 1468 2522 1469 2522 1466 2522 98 2523 1469 2523 1468 2523 677 2524 1470 2524 681 2524 681 2525 1470 2525 692 2525 692 2526 1471 2526 696 2526 696 2527 1471 2527 700 2527 1470 2528 1471 2528 692 2528 126 2529 1472 2529 677 2529 130 2530 1472 2530 126 2530 141 2531 1472 2531 130 2531 677 2532 1472 2532 1470 2532 700 2533 1473 2533 149 2533 145 2534 1473 2534 141 2534 149 2535 1473 2535 145 2535 1470 2536 1473 2536 1471 2536 1471 2537 1473 2537 700 2537 141 2538 1473 2538 1472 2538 1472 2539 1473 2539 1470 2539 149 2540 159 2540 700 2540 700 2541 159 2541 710 2541 710 2542 163 2542 714 2542 159 2543 163 2543 710 2543 714 2544 169 2544 720 2544 163 2545 169 2545 714 2545 720 2546 175 2546 822 2546 169 2547 175 2547 720 2547 822 2548 177 2548 837 2548 175 2549 177 2549 822 2549 837 2550 227 2550 774 2550 774 2551 227 2551 770 2551 177 2552 227 2552 837 2552 227 2553 223 2553 770 2553 770 2554 219 2554 766 2554 223 2555 219 2555 770 2555 766 2556 214 2556 762 2556 219 2557 214 2557 766 2557 762 2558 1474 2558 758 2558 758 2559 1474 2559 754 2559 754 2560 1475 2560 750 2560 750 2561 1475 2561 744 2561 1474 2562 1475 2562 754 2562 214 2563 1476 2563 762 2563 210 2564 1476 2564 214 2564 206 2565 1476 2565 210 2565 762 2566 1476 2566 1474 2566 744 2567 1477 2567 196 2567 202 2568 1477 2568 206 2568 196 2569 1477 2569 202 2569 1475 2570 1477 2570 744 2570 1474 2571 1477 2571 1475 2571 206 2572 1477 2572 1476 2572 1476 2573 1477 2573 1474 2573 744 2574 1478 2574 740 2574 740 2575 1478 2575 736 2575 736 2576 1478 2576 732 2576 732 2577 1478 2577 728 2577 728 2578 1479 2578 724 2578 724 2579 1479 2579 708 2579 708 2580 1479 2580 689 2580 689 2581 1479 2581 690 2581 1478 2582 1479 2582 728 2582 196 2583 1480 2583 744 2583 193 2584 1480 2584 196 2584 188 2585 1480 2585 193 2585 185 2586 1480 2586 188 2586 180 2587 1480 2587 185 2587 744 2588 1480 2588 1478 2588 690 2589 1481 2589 139 2589 173 2590 1481 2590 180 2590 156 2591 1481 2591 173 2591 137 2592 1481 2592 156 2592 139 2593 1481 2593 137 2593 1478 2594 1481 2594 1479 2594 1479 2595 1481 2595 690 2595 1480 2596 1481 2596 1478 2596 180 2597 1481 2597 1480 2597 139 2598 138 2598 690 2598 690 2599 138 2599 688 2599 688 2600 140 2600 691 2600 138 2601 140 2601 688 2601 691 2602 158 2602 709 2602 140 2603 158 2603 691 2603 709 2604 1482 2604 707 2604 707 2605 1482 2605 723 2605 723 2606 1482 2606 727 2606 727 2607 1482 2607 731 2607 731 2608 1483 2608 735 2608 735 2609 1483 2609 739 2609 739 2610 1483 2610 743 2610 743 2611 1483 2611 745 2611 1482 2612 1483 2612 731 2612 158 2613 1484 2613 709 2613 157 2614 1484 2614 158 2614 174 2615 1484 2615 157 2615 181 2616 1484 2616 174 2616 184 2617 1484 2617 181 2617 709 2618 1484 2618 1482 2618 745 2619 1485 2619 198 2619 189 2620 1485 2620 184 2620 192 2621 1485 2621 189 2621 197 2622 1485 2622 192 2622 198 2623 1485 2623 197 2623 1482 2624 1485 2624 1483 2624 1483 2625 1485 2625 745 2625 1484 2626 1485 2626 1482 2626 184 2627 1485 2627 1484 2627 745 2628 1486 2628 749 2628 749 2629 1486 2629 753 2629 753 2630 1487 2630 757 2630 757 2631 1487 2631 761 2631 1486 2632 1487 2632 753 2632 198 2633 1488 2633 745 2633 203 2634 1488 2634 198 2634 207 2635 1488 2635 203 2635 745 2636 1488 2636 1486 2636 761 2637 1489 2637 215 2637 211 2638 1489 2638 207 2638 215 2639 1489 2639 211 2639 1486 2640 1489 2640 1487 2640 1487 2641 1489 2641 761 2641 207 2642 1489 2642 1488 2642 1488 2643 1489 2643 1486 2643 215 2644 218 2644 761 2644 761 2645 218 2645 765 2645 765 2646 222 2646 769 2646 218 2647 222 2647 765 2647 769 2648 226 2648 773 2648 222 2649 226 2649 769 2649 773 2650 230 2650 864 2650 226 2651 230 2651 773 2651 864 2652 232 2652 882 2652 230 2653 232 2653 864 2653 882 2654 298 2654 895 2654 895 2655 298 2655 890 2655 232 2656 298 2656 882 2656 298 2657 295 2657 890 2657 890 2658 291 2658 884 2658 295 2659 291 2659 890 2659 884 2660 287 2660 877 2660 291 2661 287 2661 884 2661 877 2662 1490 2662 873 2662 873 2663 1490 2663 866 2663 866 2664 1491 2664 860 2664 860 2665 1491 2665 850 2665 1490 2666 1491 2666 866 2666 287 2667 1492 2667 877 2667 283 2668 1492 2668 287 2668 279 2669 1492 2669 283 2669 877 2670 1492 2670 1490 2670 850 2671 1493 2671 269 2671 274 2672 1493 2672 279 2672 269 2673 1493 2673 274 2673 1491 2674 1493 2674 850 2674 1490 2675 1493 2675 1491 2675 279 2676 1493 2676 1492 2676 1492 2677 1493 2677 1490 2677 850 2678 1494 2678 843 2678 843 2679 1494 2679 833 2679 833 2680 1494 2680 824 2680 824 2681 1494 2681 813 2681 813 2682 1495 2682 792 2682 792 2683 1495 2683 787 2683 787 2684 1495 2684 780 2684 780 2685 1495 2685 781 2685 1494 2686 1495 2686 813 2686 269 2687 1496 2687 850 2687 265 2688 1496 2688 269 2688 261 2689 1496 2689 265 2689 257 2690 1496 2690 261 2690 253 2691 1496 2691 257 2691 850 2692 1496 2692 1494 2692 781 2693 1497 2693 238 2693 249 2694 1497 2694 253 2694 244 2695 1497 2695 249 2695 236 2696 1497 2696 244 2696 238 2697 1497 2697 236 2697 1494 2698 1497 2698 1495 2698 1495 2699 1497 2699 781 2699 1496 2700 1497 2700 1494 2700 253 2701 1497 2701 1496 2701 238 2702 237 2702 781 2702 781 2703 237 2703 779 2703 779 2704 239 2704 782 2704 237 2705 239 2705 779 2705 782 2706 245 2706 788 2706 239 2707 245 2707 782 2707 788 2708 1498 2708 786 2708 786 2709 1498 2709 791 2709 791 2710 1498 2710 812 2710 812 2711 1498 2711 823 2711 823 2712 1499 2712 832 2712 832 2713 1499 2713 842 2713 842 2714 1499 2714 849 2714 849 2715 1499 2715 856 2715 1498 2716 1499 2716 823 2716 245 2717 1500 2717 788 2717 243 2718 1500 2718 245 2718 248 2719 1500 2719 243 2719 252 2720 1500 2720 248 2720 256 2721 1500 2721 252 2721 788 2722 1500 2722 1498 2722 856 2723 1501 2723 273 2723 260 2724 1501 2724 256 2724 264 2725 1501 2725 260 2725 268 2726 1501 2726 264 2726 273 2727 1501 2727 268 2727 1498 2728 1501 2728 1499 2728 1499 2729 1501 2729 856 2729 1500 2730 1501 2730 1498 2730 256 2731 1501 2731 1500 2731 856 2732 1502 2732 859 2732 859 2733 1502 2733 865 2733 865 2734 1503 2734 872 2734 872 2735 1503 2735 876 2735 1502 2736 1503 2736 865 2736 273 2737 1504 2737 856 2737 275 2738 1504 2738 273 2738 278 2739 1504 2739 275 2739 856 2740 1504 2740 1502 2740 876 2741 1505 2741 286 2741 282 2742 1505 2742 278 2742 286 2743 1505 2743 282 2743 1502 2744 1505 2744 1503 2744 1503 2745 1505 2745 876 2745 278 2746 1505 2746 1504 2746 1504 2747 1505 2747 1502 2747 286 2748 290 2748 876 2748 876 2749 290 2749 883 2749 883 2750 294 2750 889 2750 889 2751 294 2751 894 2751 290 2752 294 2752 883 2752 294 2753 299 2753 894 2753 894 2754 302 2754 908 2754 299 2755 302 2755 894 2755 908 2756 304 2756 913 2756 302 2757 304 2757 908 2757 913 2758 371 2758 922 2758 304 2759 371 2759 913 2759 922 2760 367 2760 988 2760 371 2761 367 2761 922 2761 988 2762 363 2762 984 2762 367 2763 363 2763 988 2763 984 2764 358 2764 980 2764 363 2765 358 2765 984 2765 980 2766 1506 2766 976 2766 976 2767 1506 2767 972 2767 972 2768 1507 2768 968 2768 968 2769 1507 2769 962 2769 1506 2770 1507 2770 972 2770 358 2771 1508 2771 980 2771 354 2772 1508 2772 358 2772 350 2773 1508 2773 354 2773 980 2774 1508 2774 1506 2774 962 2775 1509 2775 340 2775 346 2776 1509 2776 350 2776 340 2777 1509 2777 346 2777 1507 2778 1509 2778 962 2778 1506 2779 1509 2779 1507 2779 350 2780 1509 2780 1508 2780 1508 2781 1509 2781 1506 2781 962 2782 1510 2782 958 2782 958 2783 1510 2783 954 2783 954 2784 1510 2784 950 2784 950 2785 1510 2785 946 2785 946 2786 1511 2786 942 2786 942 2787 1511 2787 937 2787 937 2788 1511 2788 928 2788 928 2789 1511 2789 929 2789 1510 2790 1511 2790 946 2790 340 2791 1512 2791 962 2791 336 2792 1512 2792 340 2792 332 2793 1512 2793 336 2793 328 2794 1512 2794 332 2794 324 2795 1512 2795 328 2795 962 2796 1512 2796 1510 2796 929 2797 1513 2797 310 2797 320 2798 1513 2798 324 2798 315 2799 1513 2799 320 2799 308 2800 1513 2800 315 2800 310 2801 1513 2801 308 2801 1510 2802 1513 2802 1511 2802 1511 2803 1513 2803 929 2803 1512 2804 1513 2804 1510 2804 324 2805 1513 2805 1512 2805 310 2806 309 2806 929 2806 929 2807 309 2807 927 2807 927 2808 311 2808 932 2808 932 2809 311 2809 938 2809 309 2810 311 2810 927 2810 311 2811 317 2811 938 2811 938 2812 1514 2812 936 2812 936 2813 1514 2813 941 2813 941 2814 1514 2814 945 2814 945 2815 1514 2815 949 2815 949 2816 1515 2816 953 2816 953 2817 1515 2817 957 2817 957 2818 1515 2818 961 2818 961 2819 1515 2819 963 2819 1514 2820 1515 2820 949 2820 317 2821 1516 2821 938 2821 316 2822 1516 2822 317 2822 321 2823 1516 2823 316 2823 325 2824 1516 2824 321 2824 329 2825 1516 2825 325 2825 938 2826 1516 2826 1514 2826 963 2827 1517 2827 345 2827 333 2828 1517 2828 329 2828 337 2829 1517 2829 333 2829 341 2830 1517 2830 337 2830 345 2831 1517 2831 341 2831 1514 2832 1517 2832 1515 2832 1515 2833 1517 2833 963 2833 1516 2834 1517 2834 1514 2834 329 2835 1517 2835 1516 2835 963 2836 1518 2836 967 2836 967 2837 1518 2837 971 2837 971 2838 1519 2838 975 2838 975 2839 1519 2839 979 2839 1518 2840 1519 2840 971 2840 345 2841 1520 2841 963 2841 347 2842 1520 2842 345 2842 351 2843 1520 2843 347 2843 963 2844 1520 2844 1518 2844 979 2845 1521 2845 359 2845 355 2846 1521 2846 351 2846 359 2847 1521 2847 355 2847 1518 2848 1521 2848 1519 2848 1519 2849 1521 2849 979 2849 351 2850 1521 2850 1520 2850 1520 2851 1521 2851 1518 2851 359 2852 362 2852 979 2852 979 2853 362 2853 983 2853 983 2854 366 2854 987 2854 362 2855 366 2855 983 2855 987 2856 370 2856 990 2856 366 2857 370 2857 987 2857 990 2858 374 2858 995 2858 370 2859 374 2859 990 2859 995 2860 376 2860 1002 2860 374 2861 376 2861 995 2861 1002 2862 413 2862 1009 2862 376 2863 413 2863 1002 2863 1009 2864 398 2864 1035 2864 1035 2865 398 2865 1034 2865 413 2866 398 2866 1009 2866 398 2867 397 2867 1034 2867 1034 2868 393 2868 1030 2868 397 2869 393 2869 1034 2869 1030 2870 1522 2870 1031 2870 1031 2871 1522 2871 1040 2871 1040 2872 1523 2872 1048 2872 1048 2873 1523 2873 1060 2873 1522 2874 1523 2874 1040 2874 393 2875 1524 2875 1030 2875 394 2876 1524 2876 393 2876 404 2877 1524 2877 394 2877 1030 2878 1524 2878 1522 2878 1060 2879 1525 2879 423 2879 412 2880 1525 2880 404 2880 423 2881 1525 2881 412 2881 1523 2882 1525 2882 1060 2882 1522 2883 1525 2883 1523 2883 404 2884 1525 2884 1524 2884 1524 2885 1525 2885 1522 2885 1060 2886 1526 2886 1074 2886 1074 2887 1526 2887 1072 2887 1072 2888 1526 2888 1064 2888 1064 2889 1526 2889 1056 2889 1056 2890 1527 2890 1044 2890 1044 2891 1527 2891 1025 2891 1025 2892 1527 2892 1018 2892 1018 2893 1527 2893 1019 2893 1526 2894 1527 2894 1056 2894 423 2895 1528 2895 1060 2895 437 2896 1528 2896 423 2896 435 2897 1528 2897 437 2897 427 2898 1528 2898 435 2898 419 2899 1528 2899 427 2899 1060 2900 1528 2900 1526 2900 1019 2901 1529 2901 382 2901 408 2902 1529 2902 419 2902 388 2903 1529 2903 408 2903 380 2904 1529 2904 388 2904 382 2905 1529 2905 380 2905 1526 2906 1529 2906 1527 2906 1527 2907 1529 2907 1019 2907 1528 2908 1529 2908 1526 2908 419 2909 1529 2909 1528 2909 382 2910 381 2910 1019 2910 1019 2911 381 2911 1017 2911 1017 2912 383 2912 1020 2912 381 2913 383 2913 1017 2913 1020 2914 389 2914 1026 2914 383 2915 389 2915 1020 2915 1026 2916 1530 2916 1024 2916 1024 2917 1530 2917 1043 2917 1043 2918 1530 2918 1055 2918 1055 2919 1530 2919 1063 2919 1063 2920 1531 2920 1071 2920 1071 2921 1531 2921 1078 2921 1078 2922 1531 2922 1073 2922 1073 2923 1531 2923 1065 2923 1530 2924 1531 2924 1063 2924 389 2925 1532 2925 1026 2925 387 2926 1532 2926 389 2926 407 2927 1532 2927 387 2927 418 2928 1532 2928 407 2928 426 2929 1532 2929 418 2929 1026 2930 1532 2930 1530 2930 1065 2931 1533 2931 428 2931 434 2932 1533 2932 426 2932 441 2933 1533 2933 434 2933 436 2934 1533 2934 441 2934 428 2935 1533 2935 436 2935 1530 2936 1533 2936 1531 2936 1531 2937 1533 2937 1065 2937 1532 2938 1533 2938 1530 2938 426 2939 1533 2939 1532 2939 1091 2940 1098 2940 1534 2940 1534 2941 1098 2941 1535 2941 1535 2942 1099 2942 1536 2942 1098 2943 1099 2943 1535 2943 1536 2944 1107 2944 1537 2944 1099 2945 1107 2945 1536 2945 1537 2946 1108 2946 1538 2946 1107 2947 1108 2947 1537 2947 1538 2948 1116 2948 1539 2948 1108 2949 1116 2949 1538 2949 1539 2950 1117 2950 1540 2950 1540 2951 1117 2951 1541 2951 1116 2952 1117 2952 1539 2952 1117 2953 1126 2953 1541 2953 1541 2954 1127 2954 1542 2954 1126 2955 1127 2955 1541 2955 1542 2956 1169 2956 1543 2956 1127 2957 1169 2957 1542 2957 1543 2958 1168 2958 1544 2958 1169 2959 1168 2959 1543 2959 1168 2960 1170 2960 1544 2960 1544 2961 1170 2961 1545 2961 1170 2962 1171 2962 1545 2962 1545 2963 1171 2963 1546 2963 1171 2964 1181 2964 1546 2964 1546 2965 1181 2965 1547 2965 1181 2966 1182 2966 1547 2966 1547 2967 1182 2967 1548 2967 1548 2968 1192 2968 1549 2968 1182 2969 1192 2969 1548 2969 1549 2970 1193 2970 1550 2970 1192 2971 1193 2971 1549 2971 1550 2972 1185 2972 1551 2972 1193 2973 1185 2973 1550 2973 1551 2974 1184 2974 1552 2974 1185 2975 1184 2975 1551 2975 1552 2976 1186 2976 1553 2976 1553 2977 1186 2977 1554 2977 1184 2978 1186 2978 1552 2978 1554 2979 1174 2979 1555 2979 1186 2980 1174 2980 1554 2980 1174 2981 1173 2981 1555 2981 1555 2982 1175 2982 1556 2982 1173 2983 1175 2983 1555 2983 1556 2984 1177 2984 1557 2984 1175 2985 1177 2985 1556 2985 1557 2986 1129 2986 1558 2986 1177 2987 1129 2987 1557 2987 1558 2988 1120 2988 1559 2988 1129 2989 1120 2989 1558 2989 1559 2990 1119 2990 1560 2990 1120 2991 1119 2991 1559 2991 1560 2992 1121 2992 1561 2992 1119 2993 1121 2993 1560 2993 1561 2994 1111 2994 1562 2994 1121 2995 1111 2995 1561 2995 1562 2996 1110 2996 1563 2996 1111 2997 1110 2997 1562 2997 1563 2998 1102 2998 1564 2998 1110 2999 1102 2999 1563 2999 1564 3000 1101 3000 1565 3000 1102 3001 1101 3001 1564 3001 1565 3002 1093 3002 1566 3002 1566 3003 1093 3003 1567 3003 1101 3004 1093 3004 1565 3004 1093 3005 1089 3005 1567 3005 1567 3006 1088 3006 1568 3006 1089 3007 1088 3007 1567 3007 1568 3008 1083 3008 1569 3008 1088 3009 1083 3009 1568 3009 1569 3010 1082 3010 1570 3010 1083 3011 1082 3011 1569 3011 1570 3012 1084 3012 1571 3012 1082 3013 1084 3013 1570 3013 1084 3014 1052 3014 1571 3014 1571 3015 1052 3015 1572 3015 1052 3016 1013 3016 1572 3016 1572 3017 1013 3017 1573 3017 1013 3018 1012 3018 1573 3018 1573 3019 1012 3019 1574 3019 1012 3020 1008 3020 1574 3020 1574 3021 1008 3021 1575 3021 1575 3022 1008 3022 1576 3022 1008 3023 1007 3023 1576 3023 1007 3024 1000 3024 1576 3024 1576 3025 1000 3025 1577 3025 1000 3026 999 3026 1577 3026 1577 3027 999 3027 1578 3027 999 3028 1001 3028 1578 3028 1578 3029 1001 3029 1579 3029 1001 3030 994 3030 1579 3030 1579 3031 994 3031 1580 3031 994 3032 931 3032 1580 3032 1580 3033 931 3033 1581 3033 1581 3034 923 3034 1582 3034 931 3035 923 3035 1581 3035 1582 3036 919 3036 1583 3036 923 3037 919 3037 1582 3037 1583 3038 917 3038 1584 3038 919 3039 917 3039 1583 3039 1584 3040 914 3040 1585 3040 917 3041 914 3041 1584 3041 1585 3042 911 3042 1586 3042 914 3043 911 3043 1585 3043 1586 3044 909 3044 1587 3044 911 3045 909 3045 1586 3045 1587 3046 905 3046 1588 3046 909 3047 905 3047 1587 3047 1588 3048 903 3048 1589 3048 905 3049 903 3049 1588 3049 1589 3050 901 3050 1590 3050 903 3051 901 3051 1589 3051 1590 3052 899 3052 1591 3052 901 3053 899 3053 1590 3053 1591 3054 897 3054 1592 3054 899 3055 897 3055 1591 3055 1592 3056 887 3056 1593 3056 897 3057 887 3057 1592 3057 1593 3058 880 3058 1594 3058 887 3059 880 3059 1593 3059 1594 3060 869 3060 1595 3060 880 3061 869 3061 1594 3061 869 3062 858 3062 1595 3062 1595 3063 858 3063 1596 3063 858 3064 852 3064 1596 3064 1596 3065 852 3065 1597 3065 852 3066 848 3066 1597 3066 1597 3067 848 3067 1598 3067 848 3068 844 3068 1598 3068 1598 3069 844 3069 1599 3069 844 3070 838 3070 1599 3070 1599 3071 838 3071 1600 3071 838 3072 834 3072 1600 3072 1600 3073 834 3073 1601 3073 834 3074 828 3074 1601 3074 1601 3075 828 3075 1602 3075 828 3076 825 3076 1602 3076 1602 3077 825 3077 1603 3077 825 3078 818 3078 1603 3078 1603 3079 818 3079 1604 3079 818 3080 816 3080 1604 3080 1604 3081 816 3081 1605 3081 816 3082 814 3082 1605 3082 1605 3083 814 3083 1606 3083 814 3084 808 3084 1606 3084 1606 3085 808 3085 1607 3085 1607 3086 808 3086 1608 3086 808 3087 806 3087 1608 3087 806 3088 802 3088 1608 3088 1608 3089 802 3089 1609 3089 802 3090 800 3090 1609 3090 1609 3091 800 3091 1610 3091 800 3092 797 3092 1610 3092 1610 3093 797 3093 1611 3093 797 3094 794 3094 1611 3094 1611 3095 794 3095 1612 3095 794 3096 793 3096 1612 3096 1612 3097 793 3097 1613 3097 793 3098 795 3098 1613 3098 1613 3099 795 3099 1614 3099 795 3100 799 3100 1614 3100 1614 3101 799 3101 1615 3101 799 3102 801 3102 1615 3102 1615 3103 801 3103 1616 3103 1616 3104 804 3104 1617 3104 801 3105 804 3105 1616 3105 1617 3106 807 3106 1618 3106 804 3107 807 3107 1617 3107 1618 3108 811 3108 1619 3108 807 3109 811 3109 1618 3109 1619 3110 815 3110 1620 3110 811 3111 815 3111 1619 3111 1620 3112 817 3112 1621 3112 815 3113 817 3113 1620 3113 817 3114 821 3114 1621 3114 1621 3115 821 3115 1622 3115 821 3116 827 3116 1622 3116 1622 3117 827 3117 1623 3117 827 3118 829 3118 1623 3118 1623 3119 829 3119 1624 3119 829 3120 836 3120 1624 3120 1624 3121 836 3121 1625 3121 836 3122 841 3122 1625 3122 1625 3123 841 3123 1626 3123 841 3124 845 3124 1626 3124 1626 3125 845 3125 1627 3125 845 3126 851 3126 1627 3126 1627 3127 851 3127 1628 3127 851 3128 857 3128 1628 3128 1628 3129 857 3129 1629 3129 857 3130 863 3130 1629 3130 1629 3131 863 3131 1630 3131 863 3132 871 3132 1630 3132 1630 3133 871 3133 1631 3133 871 3134 881 3134 1631 3134 1631 3135 881 3135 1632 3135 881 3136 893 3136 1632 3136 1632 3137 893 3137 1633 3137 1633 3138 898 3138 1634 3138 893 3139 898 3139 1633 3139 1634 3140 900 3140 1635 3140 898 3141 900 3141 1634 3141 1635 3142 902 3142 1636 3142 900 3143 902 3143 1635 3143 1636 3144 904 3144 1637 3144 902 3145 904 3145 1636 3145 1637 3146 907 3146 1638 3146 904 3147 907 3147 1637 3147 1638 3148 910 3148 1639 3148 907 3149 910 3149 1638 3149 1639 3150 912 3150 1640 3150 910 3151 912 3151 1639 3151 1640 3152 916 3152 1641 3152 912 3153 916 3153 1640 3153 1641 3154 918 3154 1642 3154 916 3155 918 3155 1641 3155 1642 3156 921 3156 1643 3156 918 3157 921 3157 1642 3157 1643 3158 930 3158 1644 3158 921 3159 930 3159 1643 3159 1644 3160 991 3160 1645 3160 930 3161 991 3161 1644 3161 1645 3162 992 3162 1646 3162 991 3163 992 3163 1645 3163 992 3164 996 3164 1646 3164 1646 3165 996 3165 1647 3165 996 3166 997 3166 1647 3166 1647 3167 997 3167 1648 3167 997 3168 1003 3168 1648 3168 1648 3169 1003 3169 1649 3169 1003 3170 1004 3170 1649 3170 1649 3171 1004 3171 1650 3171 1650 3172 1005 3172 1651 3172 1004 3173 1005 3173 1650 3173 1651 3174 1010 3174 1652 3174 1005 3175 1010 3175 1651 3175 1652 3176 1049 3176 1653 3176 1010 3177 1049 3177 1652 3177 1653 3178 1050 3178 1654 3178 1049 3179 1050 3179 1653 3179 1654 3180 1079 3180 1655 3180 1050 3181 1079 3181 1654 3181 1655 3182 1080 3182 1656 3182 1079 3183 1080 3183 1655 3183 1656 3184 1085 3184 1657 3184 1080 3185 1085 3185 1656 3185 1657 3186 1086 3186 1658 3186 1085 3187 1086 3187 1657 3187 1658 3188 1090 3188 1659 3188 1086 3189 1090 3189 1658 3189 1659 3190 1091 3190 1534 3190 1090 3191 1091 3191 1659 3191 1609 3192 1610 3192 1611 3192 1609 3193 1611 3193 1612 3193 1607 3194 1608 3194 1609 3194 1619 3195 1612 3195 1613 3195 1619 3196 1613 3196 1614 3196 1619 3197 1614 3197 1615 3197 1619 3198 1615 3198 1616 3198 1619 3199 1616 3199 1617 3199 1619 3200 1617 3200 1618 3200 1605 3201 1607 3201 1609 3201 1605 3202 1606 3202 1607 3202 1622 3203 1619 3203 1620 3203 1622 3204 1620 3204 1621 3204 1602 3205 1603 3205 1604 3205 1602 3206 1604 3206 1605 3206 1600 3207 1601 3207 1602 3207 1626 3208 1624 3208 1625 3208 1627 3209 1624 3209 1626 3209 1629 3210 1624 3210 1627 3210 1629 3211 1622 3211 1623 3211 1629 3212 1623 3212 1624 3212 1629 3213 1627 3213 1628 3213 1595 3214 1596 3214 1597 3214 1595 3215 1597 3215 1598 3215 1595 3216 1598 3216 1599 3216 1595 3217 1599 3217 1600 3217 1595 3218 1600 3218 1602 3218 1632 3219 1629 3219 1630 3219 1632 3220 1630 3220 1631 3220 1593 3221 1594 3221 1595 3221 1633 3222 1629 3222 1632 3222 1592 3223 1593 3223 1595 3223 1635 3224 1629 3224 1633 3224 1635 3225 1633 3225 1634 3225 1637 3226 1635 3226 1636 3226 1588 3227 1589 3227 1590 3227 1588 3228 1590 3228 1591 3228 1639 3229 1637 3229 1638 3229 1640 3230 1637 3230 1639 3230 1585 3231 1586 3231 1587 3231 1642 3232 1640 3232 1641 3232 1642 3233 1637 3233 1640 3233 1582 3234 1583 3234 1584 3234 1582 3235 1584 3235 1585 3235 1644 3236 1642 3236 1643 3236 1645 3237 1642 3237 1644 3237 1645 3238 1637 3238 1642 3238 1579 3239 1580 3239 1581 3239 1579 3240 1581 3240 1582 3240 1578 3241 1579 3241 1582 3241 1648 3242 1645 3242 1646 3242 1648 3243 1646 3243 1647 3243 1649 3244 1645 3244 1648 3244 1576 3245 1585 3245 1587 3245 1576 3246 1577 3246 1578 3246 1576 3247 1582 3247 1585 3247 1576 3248 1578 3248 1582 3248 1575 3249 1576 3249 1587 3249 1651 3250 1635 3250 1637 3250 1651 3251 1649 3251 1650 3251 1651 3252 1637 3252 1645 3252 1651 3253 1645 3253 1649 3253 1572 3254 1573 3254 1574 3254 1654 3255 1629 3255 1635 3255 1654 3256 1651 3256 1652 3256 1654 3257 1652 3257 1653 3257 1654 3258 1635 3258 1651 3258 1571 3259 1574 3259 1575 3259 1571 3260 1575 3260 1587 3260 1571 3261 1572 3261 1574 3261 1656 3262 1654 3262 1655 3262 1569 3263 1570 3263 1571 3263 1657 3264 1654 3264 1656 3264 1567 3265 1568 3265 1569 3265 1659 3266 1654 3266 1657 3266 1659 3267 1657 3267 1658 3267 1659 3268 1629 3268 1654 3268 1564 3269 1567 3269 1569 3269 1564 3270 1565 3270 1566 3270 1564 3271 1566 3271 1567 3271 1562 3272 1563 3272 1564 3272 1538 3273 1536 3273 1537 3273 1561 3274 1562 3274 1564 3274 1539 3275 1534 3275 1535 3275 1539 3276 1535 3276 1536 3276 1539 3277 1659 3277 1534 3277 1539 3278 1536 3278 1538 3278 1540 3279 1659 3279 1539 3279 1559 3280 1560 3280 1561 3280 1559 3281 1561 3281 1564 3281 1541 3282 1659 3282 1540 3282 1558 3283 1569 3283 1571 3283 1558 3284 1564 3284 1569 3284 1558 3285 1559 3285 1564 3285 1542 3286 1659 3286 1541 3286 1543 3287 1659 3287 1542 3287 1556 3288 1557 3288 1558 3288 1556 3289 1558 3289 1571 3289 1546 3290 1544 3290 1545 3290 1553 3291 1554 3291 1555 3291 1553 3292 1555 3292 1556 3292 1547 3293 1544 3293 1546 3293 1548 3294 1544 3294 1547 3294 1551 3295 1552 3295 1553 3295 1549 3296 1659 3296 1543 3296 1549 3297 1543 3297 1544 3297 1549 3298 1629 3298 1659 3298 1549 3299 1609 3299 1612 3299 1549 3300 1612 3300 1619 3300 1549 3301 1587 3301 1588 3301 1549 3302 1605 3302 1609 3302 1549 3303 1619 3303 1622 3303 1549 3304 1591 3304 1592 3304 1549 3305 1602 3305 1605 3305 1549 3306 1571 3306 1587 3306 1549 3307 1544 3307 1548 3307 1549 3308 1622 3308 1629 3308 1549 3309 1592 3309 1595 3309 1549 3310 1588 3310 1591 3310 1549 3311 1595 3311 1602 3311 1550 3312 1556 3312 1571 3312 1550 3313 1553 3313 1556 3313 1550 3314 1551 3314 1553 3314 1550 3315 1571 3315 1549 3315</p>
        </triangles>
      </mesh>
    </geometry>
  </library_geometries>
  <library_materials>
    <material id="mat_Body003" name="Body003">
      <instance_effect url="#effect_Body003"/>
    </material>
  </library_materials>
  <library_visual_scenes>
    <visual_scene id="myscene">
      <node id="node0" name="node0">
        <instance_geometry url="#geometry0">
          <bind_material>
            <technique_common>
              <instance_material symbol="ref_Body003" target="#mat_Body003"/>
            </technique_common>
          </bind_material>
        </instance_geometry>
      </node>
    </visual_scene>
  </library_visual_scenes>
  <scene>
    <instance_visual_scene url="#myscene"/>
  </scene>
</COLLADA>
