<COLLADA xmlns="http://www.collada.org/2005/11/COLLADASchema" version="1.4.1">
  <asset>
    <contributor/>
    <created>2025-12-20T13:10:52.598392</created>
    <modified>2025-12-20T13:10:52.598392</modified>
    <unit name="meter" meter="1.0"/>
    <up_axis>Z_UP</up_axis>
  </asset>
  <library_effects>
    <effect id="effect_Body" name="effect_Body">
      <profile_COMMON>
        <technique sid="common">
          <phong>
            <emission>
              <color>0.0 0.0 0.0 1.0</color>
            </emission>
            <ambient>
              <color>0.0 0.0 0.0 1.0</color>
            </ambient>
            <diffuse>
              <color>0.4470588266849518 0.4745098054409027 0.501960813999176 1.0</color>
            </diffuse>
            <specular>
              <color>1 1 1 1.0</color>
            </specular>
            <shininess>
              <float>0.0</float>
            </shininess>
            <reflective>
              <color>0.0 0.0 0.0 1.0</color>
            </reflective>
            <reflectivity>
              <float>0.0</float>
            </reflectivity>
            <transparent>
              <color>0.0 0.0 0.0 1.0</color>
            </transparent>
            <transparency>
              <float>1.0</float>
            </transparency>
          </phong>
        </technique>
        <extra>
          <technique profile="GOOGLEEARTH">
            <double_sided>0</double_sided>
          </technique>
        </extra>
      </profile_COMMON>
    </effect>
  </library_effects>
  <library_geometries>
    <geometry id="geometry0" name="Body">
      <mesh>
        <source id="cubeverts-array0">
          <float_array count="7272" id="cubeverts-array0-array">-0.0005017293 0.007322445 -0.002 -0.0007514476 0.005822445 -0.002 -0.0005017293 0.007322445 -0.0005 -0.0007514476 0.005822445 -0.0005 0.0004982707 0.007322445 -0.002 0.0004982707 0.007322445 -0.0005 -0.001030614 0.005779544 -0.002 -0.001030614 0.005779544 -0.0005 -0.001307394 0.005723266 -0.002 -0.001307394 0.005723266 -0.0005 -0.001581147 0.005653741 -0.002 -0.001581147 0.005653741 -0.0005 -0.001851239 0.00557113 -0.002 -0.001851239 0.00557113 -0.0005 -0.002117046 0.005475624 -0.002 -0.002117046 0.005475624 -0.0005 -0.002377951 0.005367445 -0.002 -0.002377951 0.005367445 -0.0005 -0.002633352 0.005246841 -0.002 -0.002633352 0.005246841 -0.0005 -0.002882656 0.005114094 -0.002 -0.002882656 0.005114094 -0.0005 -0.003125287 0.004969511 -0.0005 -0.003125287 0.004969511 -0.002 -0.003360684 0.004813424 -0.002 -0.003360684 0.004813424 -0.0005 -0.003588301 0.004646197 -0.0005 -0.003588301 0.004646197 -0.002 -0.004646194 -0.003588302 -0.002 -0.003840302 -0.003937268 -0.002 -0.005530239 -0.004826097 -0.002 -0.004823132 -0.005532685 -0.002 -0.003585587 -0.004648291 -0.002 -0.004031785 -0.00374095 -0.002 -0.003639272 -0.004123796 -0.002 -0.004213244 -0.003535332 -0.002 -0.003429194 -0.004300073 -0.002 -0.004813392 -0.003360677 -0.002 -0.004384229 -0.003320924 -0.002 -0.00321059 -0.004465659 -0.002 -0.003357872 -0.004815385 -0.002 -0.004969449 -0.003125273 -0.002 -0.004544313 -0.00309826 -0.002 -0.002984004 -0.004620142 -0.002 -0.003122384 -0.004971334 -0.002 -0.005114003 -0.002882637 -0.002 -0.0046931 -0.002867894 -0.002 -0.00275 -0.00476314 -0.002 -0.002879668 -0.005115777 -0.002 -0.005246721 -0.002633329 -0.002 -0.004830219 -0.002630397 -0.002 -0.002509159 -0.004894295 -0.002 -0.002630286 -0.005248378 -0.002 -0.005367296 -0.002377927 -0.002 -0.004955329 -0.002386361 -0.002 -0.002262079 -0.005013282 -0.002 -0.002374815 -0.005368832 -0.002 -0.005475448 -0.002117022 -0.002 -0.005068119 -0.002136391 -0.002 -0.002009376 -0.005119806 -0.002 -0.002113846 -0.00547686 -0.002 -0.005570926 -0.001851217 -0.002 -0.005168309 -0.001881111 -0.002 -0.001751677 -0.005213601 -0.002 -0.001847983 -0.00557221 -0.002 -0.005255651 -0.001621153 -0.002 -0.005653511 -0.001581128 -0.002 -0.001489623 -0.005294434 -0.002 -0.001577842 -0.005654664 -0.002 -0.005329925 -0.001357166 -0.002 -0.005723011 -0.001307379 -0.002 -0.001223865 -0.005362103 -0.002 -0.001304049 -0.005724029 -0.002 -0.001027235 -0.005780145 -0.002 -0.005390949 -0.001089804 -0.002 -0.005779264 -0.001030605 -0.002 -0.000955065 -0.005416443 -0.002 -0.0007480432 -0.005822883 -0.002 -0.00543857 -0.0008197325 -0.002 -0.005822142 -0.0007514457 -0.002 -0.0006838904 -0.005457315 -0.002 -0.005472669 -0.0005476232 -0.002 -0.0004110155 -0.005484621 -0.002 -0.005493163 -0.0002741524 -0.002 -0.0001371188 -0.005498291 -0.002 -0.000498271 -0.007322669 -0.002 -0.007322669 0.000498271 -0.002 -0.0055 1.886637e-17 -0.002 -0.007322239 -0.000501729 -0.002 0.0001371188 -0.005498291 -0.002 0.000501729 -0.007322027 -0.002 -0.00582258 0.0007480413 -0.002 -0.005493163 0.0002741524 -0.002 0.0004110155 -0.005484621 -0.002 0.0007514438 -0.005822231 -0.002 -0.005472669 0.0005476232 -0.002 0.0006838904 -0.005457315 -0.002 -0.005779866 0.001027226 -0.002 -0.00543857 0.0008197325 -0.002 0.000955065 -0.005416443 -0.002 0.001030606 -0.00577935 -0.002 -0.005723774 0.001304033 -0.002 -0.005390949 0.001089804 -0.002 0.001223865 -0.005362103 -0.002 0.001307384 -0.005723093 -0.002 0.001581134 -0.005653588 -0.002 -0.005654435 0.001577822 -0.002 -0.005329925 0.001357166 -0.002 0.001489623 -0.005294434 -0.002 0.001851226 -0.005570997 -0.002 -0.005572008 0.00184796 -0.002 -0.005255651 0.001621153 -0.002 0.001751677 -0.005213601 -0.002 0.002117032 -0.005475511 -0.002 -0.005476685 0.00211382 -0.002 -0.005168309 0.001881111 -0.002 0.002009376 -0.005119806 -0.002 0.002377938 -0.005367351 -0.002 -0.005068119 0.002136391 -0.002 -0.005368686 0.002374789 -0.002 0.002262079 -0.005013282 -0.002 0.002633339 -0.005246767 -0.002 -0.004955329 0.002386361 -0.002 -0.00524826 0.002630262 -0.002 0.002509159 -0.004894295 -0.002 0.002882646 -0.005114039 -0.002 -0.005115688 0.002879647 -0.002 -0.004830219 0.002630397 -0.002 0.00275 -0.00476314 -0.002 0.00312528 -0.004969473 -0.002 -0.004971275 0.003122368 -0.002 -0.0046931 0.002867894 -0.002 0.002984004 -0.004620142 -0.002 0.00336068 -0.004813405 -0.002 -0.004815356 0.003357862 -0.002 -0.004544313 0.00309826 -0.002 0.00321059 -0.004465659 -0.002 -0.004384229 0.003320924 -0.002 -0.004648292 0.003585586 -0.002 0.003588302 -0.004646195 -0.002 0.003429194 -0.004300073 -0.002 -0.004213244 0.003535332 -0.002 0.003639272 -0.004123796 -0.002 -0.004031785 0.00374095 -0.002 0.003840302 -0.003937268 -0.002 0.004826098 -0.005530239 -0.002 -0.005532685 0.004823132 -0.002 -0.003840302 0.003937268 -0.002 -0.004826098 0.005530239 -0.002 0.005532685 -0.004823132 -0.002 -0.003639272 0.004123796 -0.002 -0.003429194 0.004300073 -0.002 0.004213244 -0.003535332 -0.002 0.004648293 -0.003585584 -0.002 0.004031785 -0.00374095 -0.002 0.004384229 -0.003320924 -0.002 -0.00321059 0.004465659 -0.002 0.004544313 -0.00309826 -0.002 0.004815381 -0.00335787 -0.002 -0.002984004 0.004620142 -0.002 0.0046931 -0.002867894 -0.002 0.004971323 -0.003122382 -0.002 -0.00275 0.00476314 -0.002 0.004830219 -0.002630397 -0.002 0.005115757 -0.002879667 -0.002 -0.002509159 0.004894295 -0.002 0.00524835 -0.002630284 -0.002 0.004955329 -0.002386361 -0.002 -0.002262079 0.005013282 -0.002 0.005068119 -0.002136391 -0.002 0.005368793 -0.002374813 -0.002 -0.002009376 0.005119806 -0.002 0.005168309 -0.001881111 -0.002 0.005476809 -0.002113844 -0.002 -0.001751677 0.005213601 -0.002 0.005255651 -0.001621153 -0.002 0.005572146 -0.001847981 -0.002 -0.001489623 0.005294434 -0.002 0.005329925 -0.001357166 -0.002 0.005654586 -0.001577841 -0.002 -0.001223865 0.005362103 -0.002 0.005390949 -0.001089804 -0.002 0.005723936 -0.001304047 -0.002 -0.000955065 0.005416443 -0.002 0.005780036 -0.001027235 -0.002 0.00543857 -0.0008197325 -0.002 -0.0006838904 0.005457315 -0.002 -0.0004110155 0.005484621 -0.002 0.005472669 -0.0005476232 -0.002 0.005822757 -0.0007480451 -0.002 0.005493163 -0.0002741524 -0.002 -0.0001371188 0.005498291 -0.002 0.0055 0 -0.002 0.0001371188 0.005498291 -0.002 0.0007480453 0.005822454 -0.002 0.0004110155 0.005484621 -0.002 0.0006838904 0.005457315 -0.002 0.000955065 0.005416443 -0.002 0.00543857 0.0008197325 -0.002 0.005821915 0.000751403 -0.002 0.005472669 0.0005476232 -0.002 0.005493163 0.0002741524 -0.002 0.001027228 0.005779757 -0.002 0.001223865 0.005362103 -0.002 0.005779044 0.001030514 -0.002 0.005390949 0.001089804 -0.002 0.007322669 -0.000498271 -0.002 0.001304034 0.005723681 -0.002 0.005722799 0.00130724 -0.002 0.005329925 0.001357166 -0.002 0.001577822 0.005654357 -0.002 0.001489623 0.005294434 -0.002 0.005255651 0.001621153 -0.002 0.005653312 0.001580941 -0.002 0.00184796 0.005571944 -0.002 0.001751677 0.005213601 -0.002 0.005168309 0.001881111 -0.002 0.005570742 0.001850983 -0.002 0.00211382 0.005476633 -0.002 0.002009376 0.005119806 -0.002 0.005068119 0.002136391 -0.002 0.005475281 0.002116742 -0.002 0.002374789 0.005368646 -0.002 0.002262079 0.005013282 -0.002 0.004955329 0.002386361 -0.002 0.005367151 0.002377604 -0.002 0.007321844 0.000501729 -0.002 0.002630261 0.00524823 -0.002 0.002509159 0.004894295 -0.002 0.004830219 0.002630397 -0.002 0.0052466 0.002632963 -0.002 0.002879647 0.005115667 -0.002 0.00275 0.00476314 -0.002 0.0046931 0.002867894 -0.002 0.005113908 0.002882229 -0.002 0.003122367 0.004971263 -0.002 0.002984004 0.004620142 -0.002 0.004544313 0.00309826 -0.002 0.004969383 0.003124826 -0.002 0.003357862 0.004815351 -0.002 0.00321059 0.004465659 -0.002 0.004384229 0.003320924 -0.002 0.004813358 0.003360191 -0.002 0.003585584 0.004648293 -0.002 0.003429194 0.004300073 -0.002 0.003639272 0.004123796 -0.002 0.003840302 0.003937268 -0.002 0.004646195 0.003587781 -0.002 0.004031785 0.00374095 -0.002 0.004213244 0.003535332 -0.002 0.005530239 0.004825578 -0.002 0.004823132 0.005532685 -0.002 -0.003840302 -0.003937268 -0.0005 -0.004646194 -0.003588302 -0.0005 -0.005530239 -0.004826097 -0.0005 -0.004823132 -0.005532685 -0.0005 -0.003585587 -0.004648291 -0.0005 -0.004031785 -0.00374095 -0.0005 -0.003639272 -0.004123796 -0.0005 -0.004213244 -0.003535332 -0.0005 -0.003429194 -0.004300073 -0.0005 -0.004384229 -0.003320924 -0.0005 -0.004813392 -0.003360677 -0.0005 -0.00321059 -0.004465659 -0.0005 -0.003357872 -0.004815385 -0.0005 -0.004544313 -0.00309826 -0.0005 -0.004969449 -0.003125273 -0.0005 -0.002984004 -0.004620142 -0.0005 -0.003122384 -0.004971334 -0.0005 -0.0046931 -0.002867894 -0.0005 -0.005114003 -0.002882637 -0.0005 -0.00275 -0.00476314 -0.0005 -0.002879668 -0.005115777 -0.0005 -0.004830219 -0.002630397 -0.0005 -0.005246721 -0.002633329 -0.0005 -0.002509159 -0.004894295 -0.0005 -0.002630286 -0.005248378 -0.0005 -0.004955329 -0.002386361 -0.0005 -0.005367296 -0.002377927 -0.0005 -0.002262079 -0.005013282 -0.0005 -0.002374815 -0.005368832 -0.0005 -0.005068119 -0.002136391 -0.0005 -0.005475448 -0.002117022 -0.0005 -0.002009376 -0.005119806 -0.0005 -0.002113846 -0.00547686 -0.0005 -0.005168309 -0.001881111 -0.0005 -0.005570926 -0.001851217 -0.0005 -0.001751677 -0.005213601 -0.0005 -0.001847983 -0.00557221 -0.0005 -0.005255651 -0.001621153 -0.0005 -0.005653511 -0.001581128 -0.0005 -0.001489623 -0.005294434 -0.0005 -0.001577842 -0.005654664 -0.0005 -0.005329925 -0.001357166 -0.0005 -0.005723011 -0.001307379 -0.0005 -0.001223865 -0.005362103 -0.0005 -0.001304049 -0.005724029 -0.0005 -0.001027235 -0.005780145 -0.0005 -0.005390949 -0.001089804 -0.0005 -0.005779264 -0.001030605 -0.0005 -0.000955065 -0.005416443 -0.0005 -0.0007480432 -0.005822883 -0.0005 -0.00543857 -0.0008197325 -0.0005 -0.005822142 -0.0007514457 -0.0005 -0.0006838904 -0.005457315 -0.0005 -0.005472669 -0.0005476232 -0.0005 -0.0004110155 -0.005484621 -0.0005 -0.005493163 -0.0002741524 -0.0005 -0.0001371188 -0.005498291 -0.0005 -0.000498271 -0.007322669 -0.0005 -0.0055 -1.886637e-17 -0.0005 -0.007322669 0.000498271 -0.0005 -0.007322239 -0.000501729 -0.0005 0.0001371188 -0.005498291 -0.0005 0.000501729 -0.007322027 -0.0005 -0.00582258 0.0007480413 -0.0005 -0.005493163 0.0002741524 -0.0005 0.0007514438 -0.005822231 -0.0005 0.0004110155 -0.005484621 -0.0005 -0.005472669 0.0005476232 -0.0005 0.0006838904 -0.005457315 -0.0005 -0.00543857 0.0008197325 -0.0005 -0.005779866 0.001027226 -0.0005 0.000955065 -0.005416443 -0.0005 0.001030606 -0.00577935 -0.0005 -0.005390949 0.001089804 -0.0005 -0.005723774 0.001304033 -0.0005 0.001223865 -0.005362103 -0.0005 0.001307384 -0.005723093 -0.0005 0.001581134 -0.005653588 -0.0005 -0.005329925 0.001357166 -0.0005 -0.005654435 0.001577822 -0.0005 0.001489623 -0.005294434 -0.0005 0.001851226 -0.005570997 -0.0005 -0.005255651 0.001621153 -0.0005 -0.005572008 0.00184796 -0.0005 0.001751677 -0.005213601 -0.0005 0.002117032 -0.005475511 -0.0005 -0.005168309 0.001881111 -0.0005 -0.005476685 0.00211382 -0.0005 0.002009376 -0.005119806 -0.0005 0.002377938 -0.005367351 -0.0005 -0.005068119 0.002136391 -0.0005 -0.005368686 0.002374789 -0.0005 0.002262079 -0.005013282 -0.0005 0.002633339 -0.005246767 -0.0005 -0.004955329 0.002386361 -0.0005 -0.00524826 0.002630262 -0.0005 0.002509159 -0.004894295 -0.0005 0.002882646 -0.005114039 -0.0005 -0.004830219 0.002630397 -0.0005 -0.005115688 0.002879647 -0.0005 0.00275 -0.00476314 -0.0005 0.00312528 -0.004969473 -0.0005 -0.0046931 0.002867894 -0.0005 -0.004971275 0.003122368 -0.0005 0.002984004 -0.004620142 -0.0005 0.00336068 -0.004813405 -0.0005 -0.004544313 0.00309826 -0.0005 -0.004815356 0.003357862 -0.0005 0.00321059 -0.004465659 -0.0005 -0.004384229 0.003320924 -0.0005 -0.004648292 0.003585586 -0.0005 0.003588302 -0.004646195 -0.0005 0.003429194 -0.004300073 -0.0005 -0.004213244 0.003535332 -0.0005 0.003639272 -0.004123796 -0.0005 -0.004031785 0.00374095 -0.0005 0.003840302 -0.003937268 -0.0005 0.004826098 -0.005530239 -0.0005 -0.003840302 0.003937268 -0.0005 -0.005532685 0.004823132 -0.0005 -0.004826098 0.005530239 -0.0005 0.005532685 -0.004823132 -0.0005 -0.003639272 0.004123796 -0.0005 -0.003429194 0.004300073 -0.0005 0.004648293 -0.003585584 -0.0005 0.004031785 -0.00374095 -0.0005 0.004213244 -0.003535332 -0.0005 0.004384229 -0.003320924 -0.0005 -0.00321059 0.004465659 -0.0005 0.004815381 -0.00335787 -0.0005 0.004544313 -0.00309826 -0.0005 -0.002984004 0.004620142 -0.0005 0.004971323 -0.003122382 -0.0005 0.0046931 -0.002867894 -0.0005 -0.00275 0.00476314 -0.0005 0.005115757 -0.002879667 -0.0005 0.004830219 -0.002630397 -0.0005 -0.002509159 0.004894295 -0.0005 0.00524835 -0.002630284 -0.0005 0.004955329 -0.002386361 -0.0005 -0.002262079 0.005013282 -0.0005 0.005368793 -0.002374813 -0.0005 0.005068119 -0.002136391 -0.0005 -0.002009376 0.005119806 -0.0005 0.005476809 -0.002113844 -0.0005 0.005168309 -0.001881111 -0.0005 -0.001751677 0.005213601 -0.0005 0.005572146 -0.001847981 -0.0005 0.005255651 -0.001621153 -0.0005 -0.001489623 0.005294434 -0.0005 0.005654586 -0.001577841 -0.0005 0.005329925 -0.001357166 -0.0005 -0.001223865 0.005362103 -0.0005 0.005723936 -0.001304047 -0.0005 0.005390949 -0.001089804 -0.0005 -0.000955065 0.005416443 -0.0005 0.005780036 -0.001027235 -0.0005 0.00543857 -0.0008197325 -0.0005 -0.0006838904 0.005457315 -0.0005 -0.0004110155 0.005484621 -0.0005 0.005822757 -0.0007480451 -0.0005 0.005472669 -0.0005476232 -0.0005 0.005493163 -0.0002741524 -0.0005 -0.0001371188 0.005498291 -0.0005 0.0055 0 -0.0005 0.0007480453 0.005822454 -0.0005 0.0006838904 0.005457315 -0.0005 0.000955065 0.005416443 -0.0005 0.0004110155 0.005484621 -0.0005 0.0001371188 0.005498291 -0.0005 0.005821915 0.000751403 -0.0005 0.005493163 0.0002741524 -0.0005 0.005472669 0.0005476232 -0.0005 0.00543857 0.0008197325 -0.0005 0.001027228 0.005779757 -0.0005 0.001223865 0.005362103 -0.0005 0.005779044 0.001030514 -0.0005 0.005390949 0.001089804 -0.0005 0.007322669 -0.000498271 -0.0005 0.001304034 0.005723681 -0.0005 0.005722799 0.00130724 -0.0005 0.005329925 0.001357166 -0.0005 0.001577822 0.005654357 -0.0005 0.001489623 0.005294434 -0.0005 0.005653312 0.001580941 -0.0005 0.005255651 0.001621153 -0.0005 0.00184796 0.005571944 -0.0005 0.001751677 0.005213601 -0.0005 0.005570742 0.001850983 -0.0005 0.005168309 0.001881111 -0.0005 0.00211382 0.005476633 -0.0005 0.002009376 0.005119806 -0.0005 0.005475281 0.002116742 -0.0005 0.005068119 0.002136391 -0.0005 0.002374789 0.005368646 -0.0005 0.002262079 0.005013282 -0.0005 0.005367151 0.002377604 -0.0005 0.004955329 0.002386361 -0.0005 0.007321844 0.000501729 -0.0005 0.002630261 0.00524823 -0.0005 0.002509159 0.004894295 -0.0005 0.0052466 0.002632963 -0.0005 0.004830219 0.002630397 -0.0005 0.002879647 0.005115667 -0.0005 0.00275 0.00476314 -0.0005 0.005113908 0.002882229 -0.0005 0.0046931 0.002867894 -0.0005 0.003122367 0.004971263 -0.0005 0.002984004 0.004620142 -0.0005 0.004969383 0.003124826 -0.0005 0.004544313 0.00309826 -0.0005 0.003357862 0.004815351 -0.0005 0.00321059 0.004465659 -0.0005 0.004813358 0.003360191 -0.0005 0.004384229 0.003320924 -0.0005 0.003585584 0.004648293 -0.0005 0.003639272 0.004123796 -0.0005 0.003840302 0.003937268 -0.0005 0.003429194 0.004300073 -0.0005 0.004646195 0.003587781 -0.0005 0.004213244 0.003535332 -0.0005 0.004031785 0.00374095 -0.0005 0.005530239 0.004825578 -0.0005 0.004823132 0.005532685 -0.0005 0.0055 0 -0.003 0.005493163 -0.0002741524 -0.003 0.005472669 -0.0005476232 -0.003 0.00543857 -0.0008197325 -0.003 0.005390949 -0.001089804 -0.003 0.005329925 -0.001357166 -0.003 0.005255651 -0.001621153 -0.003 0.005168309 -0.001881111 -0.003 0.005068119 -0.002136391 -0.003 0.004955329 -0.002386361 -0.003 0.004830219 -0.002630397 -0.003 0.0046931 -0.002867894 -0.003 0.004544313 -0.00309826 -0.003 0.004384229 -0.003320924 -0.003 0.004213244 -0.003535332 -0.003 0.004031785 -0.00374095 -0.003 0.003840302 -0.003937268 -0.003 0.003639272 -0.004123796 -0.003 0.003429194 -0.004300073 -0.003 0.00321059 -0.004465659 -0.003 0.002984004 -0.004620142 -0.003 0.00275 -0.00476314 -0.003 0.002509159 -0.004894295 -0.003 0.002262079 -0.005013282 -0.003 0.002009376 -0.005119806 -0.003 0.001751677 -0.005213601 -0.003 0.001489623 -0.005294434 -0.003 0.001223865 -0.005362103 -0.003 0.000955065 -0.005416443 -0.003 0.0006838904 -0.005457315 -0.003 0.0004110155 -0.005484621 -0.003 0.0001371188 -0.005498291 -0.003 -0.0001371188 -0.005498291 -0.003 -0.0004110155 -0.005484621 -0.003 -0.0006838904 -0.005457315 -0.003 -0.000955065 -0.005416443 -0.003 -0.001223865 -0.005362103 -0.003 -0.001489623 -0.005294434 -0.003 -0.001751677 -0.005213601 -0.003 -0.002009376 -0.005119806 -0.003 -0.002262079 -0.005013282 -0.003 -0.002509159 -0.004894295 -0.003 -0.00275 -0.00476314 -0.003 -0.002984004 -0.004620142 -0.003 -0.00321059 -0.004465659 -0.003 -0.003429194 -0.004300073 -0.003 -0.003639272 -0.004123796 -0.003 -0.003840302 -0.003937268 -0.003 -0.004031785 -0.00374095 -0.003 -0.004213244 -0.003535332 -0.003 -0.004384229 -0.003320924 -0.003 -0.004544313 -0.00309826 -0.003 -0.0046931 -0.002867894 -0.003 -0.004830219 -0.002630397 -0.003 -0.004955329 -0.002386361 -0.003 -0.005068119 -0.002136391 -0.003 -0.005168309 -0.001881111 -0.003 -0.005255651 -0.001621153 -0.003 -0.005329925 -0.001357166 -0.003 -0.005390949 -0.001089804 -0.003 -0.00543857 -0.0008197325 -0.003 -0.005472669 -0.0005476232 -0.003 -0.005493163 -0.0002741524 -0.003 -0.0055 1.886637e-17 -0.003 -0.005493163 0.0002741524 -0.003 -0.005472669 0.0005476232 -0.003 -0.00543857 0.0008197325 -0.003 -0.005390949 0.001089804 -0.003 -0.005329925 0.001357166 -0.003 -0.005255651 0.001621153 -0.003 -0.005168309 0.001881111 -0.003 -0.005068119 0.002136391 -0.003 -0.004955329 0.002386361 -0.003 -0.004830219 0.002630397 -0.003 -0.0046931 0.002867894 -0.003 -0.004544313 0.00309826 -0.003 -0.004384229 0.003320924 -0.003 -0.004213244 0.003535332 -0.003 -0.004031785 0.00374095 -0.003 -0.003840302 0.003937268 -0.003 -0.003639272 0.004123796 -0.003 -0.003429194 0.004300073 -0.003 -0.00321059 0.004465659 -0.003 -0.002984004 0.004620142 -0.003 -0.00275 0.00476314 -0.003 -0.002509159 0.004894295 -0.003 -0.002262079 0.005013282 -0.003 -0.002009376 0.005119806 -0.003 -0.001751677 0.005213601 -0.003 -0.001489623 0.005294434 -0.003 -0.001223865 0.005362103 -0.003 -0.000955065 0.005416443 -0.003 -0.0006838904 0.005457315 -0.003 -0.0004110155 0.005484621 -0.003 -0.0001371188 0.005498291 -0.003 0.0001371188 0.005498291 -0.003 0.0004110155 0.005484621 -0.003 0.0006838904 0.005457315 -0.003 0.000955065 0.005416443 -0.003 0.001223865 0.005362103 -0.003 0.001489623 0.005294434 -0.003 0.001751677 0.005213601 -0.003 0.002009376 0.005119806 -0.003 0.002262079 0.005013282 -0.003 0.002509159 0.004894295 -0.003 0.00275 0.00476314 -0.003 0.002984004 0.004620142 -0.003 0.00321059 0.004465659 -0.003 0.003429194 0.004300073 -0.003 0.003639272 0.004123796 -0.003 0.003840302 0.003937268 -0.003 0.004031785 0.00374095 -0.003 0.004213244 0.003535332 -0.003 0.004384229 0.003320924 -0.003 0.004544313 0.00309826 -0.003 0.0046931 0.002867894 -0.003 0.004830219 0.002630397 -0.003 0.004955329 0.002386361 -0.003 0.005068119 0.002136391 -0.003 0.005168309 0.001881111 -0.003 0.005255651 0.001621153 -0.003 0.005329925 0.001357166 -0.003 0.005390949 0.001089804 -0.003 0.00543857 0.0008197325 -0.003 0.005472669 0.0005476232 -0.003 0.005493163 0.0002741524 -0.003 0.0055 0 0.0005 0.005493163 0.0002741524 0.0005 0.005472669 0.0005476232 0.0005 0.00543857 0.0008197325 0.0005 0.005390949 0.001089804 0.0005 0.005329925 0.001357166 0.0005 0.005255651 0.001621153 0.0005 0.005168309 0.001881111 0.0005 0.005068119 0.002136391 0.0005 0.004955329 0.002386361 0.0005 0.004830219 0.002630397 0.0005 0.0046931 0.002867894 0.0005 0.004544313 0.00309826 0.0005 0.004384229 0.003320924 0.0005 0.004213244 0.003535332 0.0005 0.004031785 0.00374095 0.0005 0.003840302 0.003937268 0.0005 0.003639272 0.004123796 0.0005 0.003429194 0.004300073 0.0005 0.00321059 0.004465659 0.0005 0.002984004 0.004620142 0.0005 0.00275 0.00476314 0.0005 0.002509159 0.004894295 0.0005 0.002262079 0.005013282 0.0005 0.002009376 0.005119806 0.0005 0.001751677 0.005213601 0.0005 0.001489623 0.005294434 0.0005 0.001223865 0.005362103 0.0005 0.000955065 0.005416443 0.0005 0.0006838904 0.005457315 0.0005 0.0004110155 0.005484621 0.0005 0.0001371188 0.005498291 0.0005 -0.0001371188 0.005498291 0.0005 -0.0004110155 0.005484621 0.0005 -0.0006838904 0.005457315 0.0005 -0.000955065 0.005416443 0.0005 -0.001223865 0.005362103 0.0005 -0.001489623 0.005294434 0.0005 -0.001751677 0.005213601 0.0005 -0.002009376 0.005119806 0.0005 -0.002262079 0.005013282 0.0005 -0.002509159 0.004894295 0.0005 -0.00275 0.00476314 0.0005 -0.002984004 0.004620142 0.0005 -0.00321059 0.004465659 0.0005 -0.003429194 0.004300073 0.0005 -0.003639272 0.004123796 0.0005 -0.003840302 0.003937268 0.0005 -0.004031785 0.00374095 0.0005 -0.004213244 0.003535332 0.0005 -0.004384229 0.003320924 0.0005 -0.004544313 0.00309826 0.0005 -0.0046931 0.002867894 0.0005 -0.004830219 0.002630397 0.0005 -0.004955329 0.002386361 0.0005 -0.005068119 0.002136391 0.0005 -0.005168309 0.001881111 0.0005 -0.005255651 0.001621153 0.0005 -0.005329925 0.001357166 0.0005 -0.005390949 0.001089804 0.0005 -0.00543857 0.0008197325 0.0005 -0.005472669 0.0005476232 0.0005 -0.005493163 0.0002741524 0.0005 -0.0055 -1.886637e-17 0.0005 -0.005493163 -0.0002741524 0.0005 -0.005472669 -0.0005476232 0.0005 -0.00543857 -0.0008197325 0.0005 -0.005390949 -0.001089804 0.0005 -0.005329925 -0.001357166 0.0005 -0.005255651 -0.001621153 0.0005 -0.005168309 -0.001881111 0.0005 -0.005068119 -0.002136391 0.0005 -0.004955329 -0.002386361 0.0005 -0.004830219 -0.002630397 0.0005 -0.0046931 -0.002867894 0.0005 -0.004544313 -0.00309826 0.0005 -0.004384229 -0.003320924 0.0005 -0.004213244 -0.003535332 0.0005 -0.004031785 -0.00374095 0.0005 -0.003840302 -0.003937268 0.0005 -0.003639272 -0.004123796 0.0005 -0.003429194 -0.004300073 0.0005 -0.00321059 -0.004465659 0.0005 -0.002984004 -0.004620142 0.0005 -0.00275 -0.00476314 0.0005 -0.002509159 -0.004894295 0.0005 -0.002262079 -0.005013282 0.0005 -0.002009376 -0.005119806 0.0005 -0.001751677 -0.005213601 0.0005 -0.001489623 -0.005294434 0.0005 -0.001223865 -0.005362103 0.0005 -0.000955065 -0.005416443 0.0005 -0.0006838904 -0.005457315 0.0005 -0.0004110155 -0.005484621 0.0005 -0.0001371188 -0.005498291 0.0005 0.0001371188 -0.005498291 0.0005 0.0004110155 -0.005484621 0.0005 0.0006838904 -0.005457315 0.0005 0.000955065 -0.005416443 0.0005 0.001223865 -0.005362103 0.0005 0.001489623 -0.005294434 0.0005 0.001751677 -0.005213601 0.0005 0.002009376 -0.005119806 0.0005 0.002262079 -0.005013282 0.0005 0.002509159 -0.004894295 0.0005 0.00275 -0.00476314 0.0005 0.002984004 -0.004620142 0.0005 0.00321059 -0.004465659 0.0005 0.003429194 -0.004300073 0.0005 0.003639272 -0.004123796 0.0005 0.003840302 -0.003937268 0.0005 0.004031785 -0.00374095 0.0005 0.004213244 -0.003535332 0.0005 0.004384229 -0.003320924 0.0005 0.004544313 -0.00309826 0.0005 0.0046931 -0.002867894 0.0005 0.004830219 -0.002630397 0.0005 0.004955329 -0.002386361 0.0005 0.005068119 -0.002136391 0.0005 0.005168309 -0.001881111 0.0005 0.005255651 -0.001621153 0.0005 0.005329925 -0.001357166 0.0005 0.005390949 -0.001089804 0.0005 0.00543857 -0.0008197325 0.0005 0.005472669 -0.0005476232 0.0005 0.005493163 -0.0002741524 0.0005 -0.003298733 -0.003060777 -0.003 -0.003142066 -0.003221401 -0.003 -0.002977586 -0.003374015 -0.003 -0.0034472 -0.002892544 -0.003 -0.002805704 -0.003518242 -0.003 -0.003587096 -0.00271712 -0.003 -0.002626847 -0.003653721 -0.003 -0.003718075 -0.00253494 -0.003 -0.002441458 -0.003780117 -0.003 -0.003839809 -0.002346458 -0.003 -0.00225 -0.003897114 -0.003 -0.003951997 -0.002152143 -0.003 -0.002052948 -0.004004423 -0.003 -0.00405436 -0.001952477 -0.003 -0.001850792 -0.004101776 -0.003 -0.004146643 -0.001747957 -0.003 -0.001644035 -0.004188932 -0.003 -0.004228617 -0.001539091 -0.003 -0.00143319 -0.004265673 -0.003 -0.004300077 -0.001326398 -0.003 -0.001218782 -0.004331809 -0.003 -0.004360848 -0.001110408 -0.003 -0.001001344 -0.004387176 -0.003 -0.004410776 -0.0008916577 -0.003 -0.0007814168 -0.004431635 -0.003 -0.004449739 -0.0006706902 -0.003 -0.0005595466 -0.004465076 -0.003 -0.004477639 -0.0004480553 -0.003 -0.0003362854 -0.004487417 -0.003 -0.004494406 -0.0002243065 -0.003 -0.0001121881 -0.004498601 -0.003 -0.0045 1.543612e-17 -0.003 0.0001121881 -0.004498601 -0.003 -0.004494406 0.0002243065 -0.003 0.0003362854 -0.004487417 -0.003 -0.004477639 0.0004480553 -0.003 0.0005595466 -0.004465076 -0.003 -0.004449739 0.0006706902 -0.003 0.0007814168 -0.004431635 -0.003 -0.004410776 0.0008916577 -0.003 0.001001344 -0.004387176 -0.003 -0.004360848 0.001110408 -0.003 0.001218782 -0.004331809 -0.003 -0.004300077 0.001326398 -0.003 0.00143319 -0.004265673 -0.003 -0.004228617 0.001539091 -0.003 0.001644035 -0.004188932 -0.003 -0.004146643 0.001747957 -0.003 0.001850792 -0.004101776 -0.003 -0.00405436 0.001952477 -0.003 0.002052948 -0.004004423 -0.003 -0.003951997 0.002152143 -0.003 0.00225 -0.003897114 -0.003 -0.003839809 0.002346458 -0.003 0.002441458 -0.003780117 -0.003 -0.003718075 0.00253494 -0.003 0.002626847 -0.003653721 -0.003 -0.003587096 0.00271712 -0.003 0.002805704 -0.003518242 -0.003 -0.0034472 0.002892544 -0.003 0.002977586 -0.003374015 -0.003 -0.003298733 0.003060777 -0.003 0.003142066 -0.003221401 -0.003 -0.003142066 0.003221401 -0.003 0.003298733 -0.003060777 -0.003 -0.002977586 0.003374015 -0.003 0.0034472 -0.002892544 -0.003 -0.002805704 0.003518242 -0.003 0.003587096 -0.00271712 -0.003 -0.002626847 0.003653721 -0.003 0.003718075 -0.00253494 -0.003 0.003839809 -0.002346458 -0.003 -0.002441458 0.003780117 -0.003 -0.00225 0.003897114 -0.003 0.003951997 -0.002152143 -0.003 -0.002052948 0.004004423 -0.003 -0.001850792 0.004101776 -0.003 0.00405436 -0.001952477 -0.003 0.004146643 -0.001747957 -0.003 -0.001644035 0.004188932 -0.003 0.004300077 -0.001326398 -0.003 0.004228617 -0.001539091 -0.003 -0.00143319 0.004265673 -0.003 -0.001218782 0.004331809 -0.003 0.004360848 -0.001110408 -0.003 -0.001001344 0.004387176 -0.003 0.004410776 -0.0008916577 -0.003 -0.0007814168 0.004431635 -0.003 0.004449739 -0.0006706902 -0.003 -0.0005595466 0.004465076 -0.003 0.004477639 -0.0004480553 -0.003 -0.0003362854 0.004487417 -0.003 -0.0001121881 0.004498601 -0.003 0.0045 0 -0.003 0.004494406 -0.0002243065 -0.003 0.0001121881 0.004498601 -0.003 0.0003362854 0.004487417 -0.003 0.004477639 0.0004480553 -0.003 0.004494406 0.0002243065 -0.003 0.0005595466 0.004465076 -0.003 0.0007814168 0.004431635 -0.003 0.004410776 0.0008916577 -0.003 0.004449739 0.0006706902 -0.003 0.001001344 0.004387176 -0.003 0.004360848 0.001110408 -0.003 0.001218782 0.004331809 -0.003 0.004228617 0.001539091 -0.003 0.004300077 0.001326398 -0.003 0.00143319 0.004265673 -0.003 0.001644035 0.004188932 -0.003 0.004146643 0.001747957 -0.003 0.001850792 0.004101776 -0.003 0.00405436 0.001952477 -0.003 0.002052948 0.004004423 -0.003 0.003951997 0.002152143 -0.003 0.00225 0.003897114 -0.003 0.002441458 0.003780117 -0.003 0.003718075 0.00253494 -0.003 0.003839809 0.002346458 -0.003 0.002626847 0.003653721 -0.003 0.002805704 0.003518242 -0.003 0.003587096 0.00271712 -0.003 0.003298733 0.003060777 -0.003 0.0034472 0.002892544 -0.003 0.002977586 0.003374015 -0.003 0.003142066 0.003221401 -0.003 -0.003298733 -0.003060777 0.0005 -0.003142066 -0.003221401 0.0005 -0.002977586 -0.003374015 0.0005 -0.0034472 -0.002892544 0.0005 -0.002805704 -0.003518242 0.0005 -0.003587096 -0.00271712 0.0005 -0.002626847 -0.003653721 0.0005 -0.003718075 -0.00253494 0.0005 -0.002441458 -0.003780117 0.0005 -0.003839809 -0.002346458 0.0005 -0.00225 -0.003897114 0.0005 -0.003951997 -0.002152143 0.0005 -0.002052948 -0.004004423 0.0005 -0.00405436 -0.001952477 0.0005 -0.001850792 -0.004101776 0.0005 -0.004146643 -0.001747957 0.0005 -0.001644035 -0.004188932 0.0005 -0.004228617 -0.001539091 0.0005 -0.00143319 -0.004265673 0.0005 -0.004300077 -0.001326398 0.0005 -0.001218782 -0.004331809 0.0005 -0.004360848 -0.001110408 0.0005 -0.001001344 -0.004387176 0.0005 -0.004410776 -0.0008916577 0.0005 -0.0007814168 -0.004431635 0.0005 -0.004449739 -0.0006706902 0.0005 -0.0005595466 -0.004465076 0.0005 -0.004477639 -0.0004480553 0.0005 -0.0003362854 -0.004487417 0.0005 -0.004494406 -0.0002243065 0.0005 -0.0001121881 -0.004498601 0.0005 -0.0045 -1.543612e-17 0.0005 0.0001121881 -0.004498601 0.0005 -0.004494406 0.0002243065 0.0005 0.0003362854 -0.004487417 0.0005 -0.004477639 0.0004480553 0.0005 0.0005595466 -0.004465076 0.0005 -0.004449739 0.0006706902 0.0005 0.0007814168 -0.004431635 0.0005 -0.004410776 0.0008916577 0.0005 0.001001344 -0.004387176 0.0005 -0.004360848 0.001110408 0.0005 0.001218782 -0.004331809 0.0005 -0.004300077 0.001326398 0.0005 0.00143319 -0.004265673 0.0005 -0.004228617 0.001539091 0.0005 0.001644035 -0.004188932 0.0005 -0.004146643 0.001747957 0.0005 0.001850792 -0.004101776 0.0005 -0.00405436 0.001952477 0.0005 0.002052948 -0.004004423 0.0005 -0.003951997 0.002152143 0.0005 0.00225 -0.003897114 0.0005 -0.003839809 0.002346458 0.0005 0.002441458 -0.003780117 0.0005 -0.003718075 0.00253494 0.0005 0.002626847 -0.003653721 0.0005 -0.003587096 0.00271712 0.0005 0.002805704 -0.003518242 0.0005 -0.0034472 0.002892544 0.0005 0.002977586 -0.003374015 0.0005 -0.003298733 0.003060777 0.0005 0.003142066 -0.003221401 0.0005 -0.003142066 0.003221401 0.0005 0.003298733 -0.003060777 0.0005 -0.002977586 0.003374015 0.0005 0.0034472 -0.002892544 0.0005 -0.002805704 0.003518242 0.0005 0.003587096 -0.00271712 0.0005 -0.002626847 0.003653721 0.0005 0.003718075 -0.00253494 0.0005 -0.002441458 0.003780117 0.0005 0.003839809 -0.002346458 0.0005 -0.00225 0.003897114 0.0005 0.003951997 -0.002152143 0.0005 -0.002052948 0.004004423 0.0005 0.00405436 -0.001952477 0.0005 0.004146643 -0.001747957 0.0005 -0.001850792 0.004101776 0.0005 -0.001644035 0.004188932 0.0005 0.004228617 -0.001539091 0.0005 0.004300077 -0.001326398 0.0005 -0.00143319 0.004265673 0.0005 -0.001218782 0.004331809 0.0005 -0.001001344 0.004387176 0.0005 0.004360848 -0.001110408 0.0005 0.004410776 -0.0008916577 0.0005 -0.0007814168 0.004431635 0.0005 0.004449739 -0.0006706902 0.0005 -0.0005595466 0.004465076 0.0005 0.004477639 -0.0004480553 0.0005 0.004494406 -0.0002243065 0.0005 -0.0003362854 0.004487417 0.0005 -0.0001121881 0.004498601 0.0005 0.0001121881 0.004498601 0.0005 0.004494406 0.0002243065 0.0005 0.0045 0 0.0005 0.004477639 0.0004480553 0.0005 0.0003362854 0.004487417 0.0005 0.0005595466 0.004465076 0.0005 0.004449739 0.0006706902 0.0005 0.0007814168 0.004431635 0.0005 0.004410776 0.0008916577 0.0005 0.004360848 0.001110408 0.0005 0.001001344 0.004387176 0.0005 0.001218782 0.004331809 0.0005 0.00143319 0.004265673 0.0005 0.004300077 0.001326398 0.0005 0.004228617 0.001539091 0.0005 0.001644035 0.004188932 0.0005 0.004146643 0.001747957 0.0005 0.00405436 0.001952477 0.0005 0.001850792 0.004101776 0.0005 0.002052948 0.004004423 0.0005 0.003951997 0.002152143 0.0005 0.00225 0.003897114 0.0005 0.003839809 0.002346458 0.0005 0.002441458 0.003780117 0.0005 0.003718075 0.00253494 0.0005 0.002626847 0.003653721 0.0005 0.002805704 0.003518242 0.0005 0.003587096 0.00271712 0.0005 0.0034472 0.002892544 0.0005 0.003298733 0.003060777 0.0005 0.002977586 0.003374015 0.0005 0.003142066 0.003221401 0.0005 0.0045 0 -0.0131 0.004494406 -0.0002243065 -0.0131 0.004477639 -0.0004480553 -0.0131 0.004449739 -0.0006706902 -0.0131 0.004410776 -0.0008916577 -0.0131 0.004360848 -0.001110408 -0.0131 0.004300077 -0.001326398 -0.0131 0.004228617 -0.001539091 -0.0131 0.004146643 -0.001747957 -0.0131 0.00405436 -0.001952477 -0.0131 0.003951997 -0.002152143 -0.0131 0.003839809 -0.002346458 -0.0131 0.003718075 -0.00253494 -0.0131 0.003587096 -0.00271712 -0.0131 0.0034472 -0.002892544 -0.0131 0.003298733 -0.003060777 -0.0131 0.003142066 -0.003221401 -0.0131 0.002977586 -0.003374015 -0.0131 0.002805704 -0.003518242 -0.0131 0.002626847 -0.003653721 -0.0131 0.002441458 -0.003780117 -0.0131 0.00225 -0.003897114 -0.0131 0.002052948 -0.004004423 -0.0131 0.001850792 -0.004101776 -0.0131 0.001644035 -0.004188932 -0.0131 0.00143319 -0.004265673 -0.0131 0.001218782 -0.004331809 -0.0131 0.001001344 -0.004387176 -0.0131 0.0007814168 -0.004431635 -0.0131 0.0005595466 -0.004465076 -0.0131 0.0003362854 -0.004487417 -0.0131 0.0001121881 -0.004498601 -0.0131 -0.0001121881 -0.004498601 -0.0131 -0.0003362854 -0.004487417 -0.0131 -0.0005595466 -0.004465076 -0.0131 -0.0007814168 -0.004431635 -0.0131 -0.001001344 -0.004387176 -0.0131 -0.001218782 -0.004331809 -0.0131 -0.00143319 -0.004265673 -0.0131 -0.001644035 -0.004188932 -0.0131 -0.001850792 -0.004101776 -0.0131 -0.002052948 -0.004004423 -0.0131 -0.00225 -0.003897114 -0.0131 -0.002441458 -0.003780117 -0.0131 -0.002626847 -0.003653721 -0.0131 -0.002805704 -0.003518242 -0.0131 -0.002977586 -0.003374015 -0.0131 -0.003142066 -0.003221401 -0.0131 -0.003298733 -0.003060777 -0.0131 -0.0034472 -0.002892544 -0.0131 -0.003587096 -0.00271712 -0.0131 -0.003718075 -0.00253494 -0.0131 -0.003839809 -0.002346458 -0.0131 -0.003951997 -0.002152143 -0.0131 -0.00405436 -0.001952477 -0.0131 -0.004146643 -0.001747957 -0.0131 -0.004228617 -0.001539091 -0.0131 -0.004300077 -0.001326398 -0.0131 -0.004360848 -0.001110408 -0.0131 -0.004410776 -0.0008916577 -0.0131 -0.004449739 -0.0006706902 -0.0131 -0.004477639 -0.0004480553 -0.0131 -0.004494406 -0.0002243065 -0.0131 -0.0045 1.543612e-17 -0.0131 -0.004494406 0.0002243065 -0.0131 -0.004477639 0.0004480553 -0.0131 -0.004449739 0.0006706902 -0.0131 -0.004410776 0.0008916577 -0.0131 -0.004360848 0.001110408 -0.0131 -0.004300077 0.001326398 -0.0131 -0.004228617 0.001539091 -0.0131 -0.004146643 0.001747957 -0.0131 -0.00405436 0.001952477 -0.0131 -0.003951997 0.002152143 -0.0131 -0.003839809 0.002346458 -0.0131 -0.003718075 0.00253494 -0.0131 -0.003587096 0.00271712 -0.0131 -0.0034472 0.002892544 -0.0131 -0.003298733 0.003060777 -0.0131 -0.003142066 0.003221401 -0.0131 -0.002977586 0.003374015 -0.0131 -0.002805704 0.003518242 -0.0131 -0.002626847 0.003653721 -0.0131 -0.002441458 0.003780117 -0.0131 -0.00225 0.003897114 -0.0131 -0.002052948 0.004004423 -0.0131 -0.001850792 0.004101776 -0.0131 -0.001644035 0.004188932 -0.0131 -0.00143319 0.004265673 -0.0131 -0.001218782 0.004331809 -0.0131 -0.001001344 0.004387176 -0.0131 -0.0007814168 0.004431635 -0.0131 -0.0005595466 0.004465076 -0.0131 -0.0003362854 0.004487417 -0.0131 -0.0001121881 0.004498601 -0.0131 0.0001121881 0.004498601 -0.0131 0.0003362854 0.004487417 -0.0131 0.0005595466 0.004465076 -0.0131 0.0007814168 0.004431635 -0.0131 0.001001344 0.004387176 -0.0131 0.001218782 0.004331809 -0.0131 0.00143319 0.004265673 -0.0131 0.001644035 0.004188932 -0.0131 0.001850792 0.004101776 -0.0131 0.002052948 0.004004423 -0.0131 0.00225 0.003897114 -0.0131 0.002441458 0.003780117 -0.0131 0.002626847 0.003653721 -0.0131 0.002805704 0.003518242 -0.0131 0.002977586 0.003374015 -0.0131 0.003142066 0.003221401 -0.0131 0.003298733 0.003060777 -0.0131 0.0034472 0.002892544 -0.0131 0.003587096 0.00271712 -0.0131 0.003718075 0.00253494 -0.0131 0.003839809 0.002346458 -0.0131 0.003951997 0.002152143 -0.0131 0.00405436 0.001952477 -0.0131 0.004146643 0.001747957 -0.0131 0.004228617 0.001539091 -0.0131 0.004300077 0.001326398 -0.0131 0.004360848 0.001110408 -0.0131 0.004410776 0.0008916577 -0.0131 0.004449739 0.0006706902 -0.0131 0.004477639 0.0004480553 -0.0131 0.004494406 0.0002243065 -0.0131 0.0045 0 0.025 0.004494406 0.0002243065 0.025 0.004477639 0.0004480553 0.025 0.004449739 0.0006706902 0.025 0.004410776 0.0008916577 0.025 0.004360848 0.001110408 0.025 0.004300077 0.001326398 0.025 0.004228617 0.001539091 0.025 0.004146643 0.001747957 0.025 0.00405436 0.001952477 0.025 0.003951997 0.002152143 0.025 0.003839809 0.002346458 0.025 0.003718075 0.00253494 0.025 0.003587096 0.00271712 0.025 0.0034472 0.002892544 0.025 0.003298733 0.003060777 0.025 0.003142066 0.003221401 0.025 0.002977586 0.003374015 0.025 0.002805704 0.003518242 0.025 0.002626847 0.003653721 0.025 0.002441458 0.003780117 0.025 0.00225 0.003897114 0.025 0.002052948 0.004004423 0.025 0.001850792 0.004101776 0.025 0.001644035 0.004188932 0.025 0.00143319 0.004265673 0.025 0.001218782 0.004331809 0.025 0.001001344 0.004387176 0.025 0.0007814168 0.004431635 0.025 0.0005595466 0.004465076 0.025 0.0003362854 0.004487417 0.025 0.0001121881 0.004498601 0.025 -0.0001121881 0.004498601 0.025 -0.0003362854 0.004487417 0.025 -0.0005595466 0.004465076 0.025 -0.0007814168 0.004431635 0.025 -0.001001344 0.004387176 0.025 -0.001218782 0.004331809 0.025 -0.00143319 0.004265673 0.025 -0.001644035 0.004188932 0.025 -0.001850792 0.004101776 0.025 -0.002052948 0.004004423 0.025 -0.00225 0.003897114 0.025 -0.002441458 0.003780117 0.025 -0.002626847 0.003653721 0.025 -0.002805704 0.003518242 0.025 -0.002977586 0.003374015 0.025 -0.003142066 0.003221401 0.025 -0.003298733 0.003060777 0.025 -0.0034472 0.002892544 0.025 -0.003587096 0.00271712 0.025 -0.003718075 0.00253494 0.025 -0.003839809 0.002346458 0.025 -0.003951997 0.002152143 0.025 -0.00405436 0.001952477 0.025 -0.004146643 0.001747957 0.025 -0.004228617 0.001539091 0.025 -0.004300077 0.001326398 0.025 -0.004360848 0.001110408 0.025 -0.004410776 0.0008916577 0.025 -0.004449739 0.0006706902 0.025 -0.004477639 0.0004480553 0.025 -0.004494406 0.0002243065 0.025 -0.0045 -1.543612e-17 0.025 -0.004494406 -0.0002243065 0.025 -0.004477639 -0.0004480553 0.025 -0.004449739 -0.0006706902 0.025 -0.004410776 -0.0008916577 0.025 -0.004360848 -0.001110408 0.025 -0.004300077 -0.001326398 0.025 -0.004228617 -0.001539091 0.025 -0.004146643 -0.001747957 0.025 -0.00405436 -0.001952477 0.025 -0.003951997 -0.002152143 0.025 -0.003839809 -0.002346458 0.025 -0.003718075 -0.00253494 0.025 -0.003587096 -0.00271712 0.025 -0.0034472 -0.002892544 0.025 -0.003298733 -0.003060777 0.025 -0.003142066 -0.003221401 0.025 -0.002977586 -0.003374015 0.025 -0.002805704 -0.003518242 0.025 -0.002626847 -0.003653721 0.025 -0.002441458 -0.003780117 0.025 -0.00225 -0.003897114 0.025 -0.002052948 -0.004004423 0.025 -0.001850792 -0.004101776 0.025 -0.001644035 -0.004188932 0.025 -0.00143319 -0.004265673 0.025 -0.001218782 -0.004331809 0.025 -0.001001344 -0.004387176 0.025 -0.0007814168 -0.004431635 0.025 -0.0005595466 -0.004465076 0.025 -0.0003362854 -0.004487417 0.025 -0.0001121881 -0.004498601 0.025 0.0001121881 -0.004498601 0.025 0.0003362854 -0.004487417 0.025 0.0005595466 -0.004465076 0.025 0.0007814168 -0.004431635 0.025 0.001001344 -0.004387176 0.025 0.001218782 -0.004331809 0.025 0.00143319 -0.004265673 0.025 0.001644035 -0.004188932 0.025 0.001850792 -0.004101776 0.025 0.002052948 -0.004004423 0.025 0.00225 -0.003897114 0.025 0.002441458 -0.003780117 0.025 0.002626847 -0.003653721 0.025 0.002805704 -0.003518242 0.025 0.002977586 -0.003374015 0.025 0.003142066 -0.003221401 0.025 0.003298733 -0.003060777 0.025 0.0034472 -0.002892544 0.025 0.003587096 -0.00271712 0.025 0.003718075 -0.00253494 0.025 0.003839809 -0.002346458 0.025 0.003951997 -0.002152143 0.025 0.00405436 -0.001952477 0.025 0.004146643 -0.001747957 0.025 0.004228617 -0.001539091 0.025 0.004300077 -0.001326398 0.025 0.004360848 -0.001110408 0.025 0.004410776 -0.0008916577 0.025 0.004449739 -0.0006706902 0.025 0.004477639 -0.0004480553 0.025 0.004494406 -0.0002243065 0.025 -0.0035 -0.001023156 -0.0131 -0.002115382 -0.002131389 -0.0131 -0.002217409 -0.002025119 -0.0131 -0.002008264 -0.002232526 -0.0131 -0.002314099 -0.001913971 -0.0131 -0.001896313 -0.002328286 -0.0131 -0.002405219 -0.001798212 -0.0131 -0.001779799 -0.002418437 -0.0131 -0.00249055 -0.001678123 -0.0131 -0.001659001 -0.002502764 -0.0131 -0.002569887 -0.001553991 -0.0131 -0.001534212 -0.002581062 -0.0131 -0.002643037 -0.001426117 -0.0131 -0.001405732 -0.002653143 -0.0131 -0.002709826 -0.001294807 -0.0131 -0.00127387 -0.002718834 -0.0131 -0.002770092 -0.001160379 -0.0131 -0.001138944 -0.002777976 -0.0131 -0.002823689 -0.001023156 -0.0131 -0.001001278 -0.002830427 -0.0131 -0.000861205 -0.00287606 -0.0131 -0.0007190616 -0.002914767 -0.0131 -0.0005751904 -0.002946452 -0.0131 -0.0004299379 -0.002971041 -0.0131 -0.0002836539 -0.002988474 -0.0131 -0.0001366908 -0.002998708 -0.0131 1.059745e-05 -0.00300172 -0.0131 0.0001578561 -0.002997501 -0.0131 0.0003047304 -0.002986063 -0.0131 -0.0035 0.000976844 -0.0131 0.0004508667 -0.002967433 -0.0131 0.0005959128 -0.002941655 -0.0131 0.0007395196 -0.002908791 -0.0131 0.000881341 -0.002868922 -0.0131 0.001021036 -0.002822142 -0.0131 -0.002784808 0.001115731 -0.0131 -0.002836508 0.000976844 -0.0131 0.001158267 -0.002768565 -0.0131 -0.002726313 0.001251895 -0.0131 0.001292704 -0.002708319 -0.0131 -0.002661165 0.001385004 -0.0131 0.001424023 -0.00264155 -0.0131 -0.002589524 0.001514734 -0.0131 0.001551909 -0.002568419 -0.0131 -0.002511563 0.001640768 -0.0131 0.001676052 -0.0024891 -0.0131 -0.002427474 0.001762798 -0.0131 0.001796154 -0.002403787 -0.0131 -0.002337461 0.001880527 -0.0131 0.001911926 -0.002312684 -0.0131 -0.002241745 0.001993667 -0.0131 0.002023089 -0.002216011 -0.0131 -0.002140558 0.002101943 -0.0131 0.002129375 -0.002114 -0.0131 -0.002034148 0.002205089 -0.0131 0.002230527 -0.002006897 -0.0131 -0.001922773 0.002302855 -0.0131 0.002326303 -0.00189496 -0.0131 -0.001806707 0.002395001 -0.0131 0.002416472 -0.001778459 -0.0131 -0.001686232 0.002481304 -0.0131 0.002500817 -0.001657674 -0.0131 -0.001561642 0.002561552 -0.0131 0.002579133 -0.001532897 -0.0131 -0.001433242 0.00263555 -0.0131 0.002651234 -0.001404427 -0.0131 -0.001301344 0.002703116 -0.0131 -0.00116627 0.002764087 -0.0131 0.0035 -0.001 -0.0131 0.002716944 -0.001272575 -0.0131 0.002776106 -0.001137658 -0.0131 0.002828578 -0.001 -0.0131 -0.00102835 0.002818313 -0.0131 -0.0008879204 0.002865662 -0.0131 -0.0007453241 0.002906018 -0.0131 -0.0006009089 0.002939284 -0.0131 -0.0004550271 0.002965378 -0.0131 -0.0003080348 0.002984235 -0.0131 -0.0001602905 0.002995811 -0.0131 -1.215492e-05 0.003000077 -0.0131 0.00277581 0.001138459 -0.0131 0.0035 0.001 -0.0131 0.002828643 0.001 -0.0131 0.002716204 0.001274141 -0.0131 0.00264997 0.001406713 -0.0131 0.0001360106 0.002997022 -0.0131 0.0002838446 0.002986655 -0.0131 0.0004309861 0.002968999 -0.0131 0.0005770763 0.002944099 -0.0131 0.0007217587 0.002912015 -0.0131 0.0008646801 0.002872825 -0.0131 0.001005492 0.002826626 -0.0131 0.00114385 0.002773529 -0.0131 0.001279418 0.002713665 -0.0131 0.001411864 0.002647179 -0.0131 0.00257727 0.001535853 -0.0131 0.001540866 0.002574233 -0.0131 0.002498282 0.001661246 -0.0131 0.001666107 0.002495007 -0.0131 0.002413198 0.001782584 -0.0131 0.001787284 0.002409692 -0.0131 0.002322226 0.001899573 -0.0131 0.001904099 0.002318497 -0.0131 0.002225588 0.002011927 -0.0131 0.002016269 0.002221645 -0.0131 0.002123519 0.002119372 -0.0131 -0.003840302 -0.003937268 0.025 -0.003639272 -0.004123796 0.025 -0.004031785 -0.00374095 0.025 -0.003429194 -0.004300073 0.025 -0.004213244 -0.003535332 0.025 -0.00321059 -0.004465659 0.025 -0.004384229 -0.003320924 0.025 -0.002984004 -0.004620142 0.025 -0.004544313 -0.00309826 0.025 -0.00275 -0.00476314 0.025 -0.0046931 -0.002867894 0.025 -0.002509159 -0.004894295 0.025 -0.004830219 -0.002630397 0.025 -0.002262079 -0.005013282 0.025 -0.004955329 -0.002386361 0.025 -0.002009376 -0.005119806 0.025 -0.005068119 -0.002136391 0.025 -0.001751677 -0.005213601 0.025 -0.005168309 -0.001881111 0.025 -0.001489623 -0.005294434 0.025 -0.005255651 -0.001621153 0.025 -0.001223865 -0.005362103 0.025 -0.005329925 -0.001357166 0.025 -0.000955065 -0.005416443 0.025 -0.005390949 -0.001089804 0.025 -0.0006838904 -0.005457315 0.025 -0.00543857 -0.0008197325 0.025 -0.0004110155 -0.005484621 0.025 -0.005472669 -0.0005476232 0.025 -0.0001371188 -0.005498291 0.025 -0.005493163 -0.0002741524 0.025 0.0001371188 -0.005498291 0.025 -0.0055 1.886637e-17 0.025 0.0004110155 -0.005484621 0.025 -0.005493163 0.0002741524 0.025 0.0006838904 -0.005457315 0.025 -0.005472669 0.0005476232 0.025 0.000955065 -0.005416443 0.025 -0.00543857 0.0008197325 0.025 0.001223865 -0.005362103 0.025 -0.005390949 0.001089804 0.025 0.001489623 -0.005294434 0.025 -0.005329925 0.001357166 0.025 0.001751677 -0.005213601 0.025 -0.005255651 0.001621153 0.025 0.002009376 -0.005119806 0.025 -0.005168309 0.001881111 0.025 0.002262079 -0.005013282 0.025 -0.005068119 0.002136391 0.025 0.002509159 -0.004894295 0.025 -0.004955329 0.002386361 0.025 0.00275 -0.00476314 0.025 -0.004830219 0.002630397 0.025 0.002984004 -0.004620142 0.025 -0.0046931 0.002867894 0.025 0.00321059 -0.004465659 0.025 -0.004544313 0.00309826 0.025 0.003429194 -0.004300073 0.025 -0.004384229 0.003320924 0.025 -0.004213244 0.003535332 0.025 0.003639272 -0.004123796 0.025 -0.004031785 0.00374095 0.025 0.003840302 -0.003937268 0.025 -0.003840302 0.003937268 0.025 0.004031785 -0.00374095 0.025 -0.003639272 0.004123796 0.025 0.004213244 -0.003535332 0.025 -0.003429194 0.004300073 0.025 0.004384229 -0.003320924 0.025 -0.00321059 0.004465659 0.025 0.004544313 -0.00309826 0.025 -0.002984004 0.004620142 0.025 0.0046931 -0.002867894 0.025 -0.00275 0.00476314 0.025 0.004830219 -0.002630397 0.025 -0.002509159 0.004894295 0.025 0.004955329 -0.002386361 0.025 -0.002262079 0.005013282 0.025 0.005068119 -0.002136391 0.025 -0.002009376 0.005119806 0.025 0.005168309 -0.001881111 0.025 -0.001751677 0.005213601 0.025 0.005255651 -0.001621153 0.025 -0.001489623 0.005294434 0.025 0.005329925 -0.001357166 0.025 -0.001223865 0.005362103 0.025 0.005390949 -0.001089804 0.025 -0.000955065 0.005416443 0.025 0.00543857 -0.0008197325 0.025 -0.0006838904 0.005457315 0.025 0.005472669 -0.0005476232 0.025 -0.0004110155 0.005484621 0.025 0.005493163 -0.0002741524 0.025 -0.0001371188 0.005498291 0.025 0.0055 0 0.025 0.0001371188 0.005498291 0.025 0.005493163 0.0002741524 0.025 0.0004110155 0.005484621 0.025 0.005472669 0.0005476232 0.025 0.0006838904 0.005457315 0.025 0.00543857 0.0008197325 0.025 0.000955065 0.005416443 0.025 0.005390949 0.001089804 0.025 0.001223865 0.005362103 0.025 0.005329925 0.001357166 0.025 0.001489623 0.005294434 0.025 0.005255651 0.001621153 0.025 0.001751677 0.005213601 0.025 0.005168309 0.001881111 0.025 0.002009376 0.005119806 0.025 0.005068119 0.002136391 0.025 0.002262079 0.005013282 0.025 0.004955329 0.002386361 0.025 0.002509159 0.004894295 0.025 0.004830219 0.002630397 0.025 0.00275 0.00476314 0.025 0.0046931 0.002867894 0.025 0.002984004 0.004620142 0.025 0.004544313 0.00309826 0.025 0.00321059 0.004465659 0.025 0.004384229 0.003320924 0.025 0.003429194 0.004300073 0.025 0.004213244 0.003535332 0.025 0.003639272 0.004123796 0.025 0.004031785 0.00374095 0.025 0.003840302 0.003937268 0.025 0.0035 -0.001 0.0349 0.0035 0.001 0.0349 0.002828643 0.001 0.0349 0.00277581 0.001138459 0.0349 0.002716204 0.001274141 0.0349 0.00264997 0.001406713 0.0349 0.00257727 0.001535853 0.0349 0.002498282 0.001661246 0.0349 0.002413198 0.001782584 0.0349 0.002322226 0.001899573 0.0349 0.002225588 0.002011927 0.0349 0.002123519 0.002119372 0.0349 0.002016269 0.002221645 0.0349 0.001904099 0.002318497 0.0349 0.001787284 0.002409692 0.0349 0.001666107 0.002495007 0.0349 0.001540866 0.002574233 0.0349 0.001411864 0.002647179 0.0349 0.001279418 0.002713665 0.0349 0.00114385 0.002773529 0.0349 0.001005492 0.002826626 0.0349 0.0008646801 0.002872825 0.0349 0.0007217587 0.002912015 0.0349 0.0005770763 0.002944099 0.0349 0.0004309861 0.002968999 0.0349 0.0002838446 0.002986655 0.0349 0.0001360106 0.002997022 0.0349 -1.215492e-05 0.003000077 0.0349 -0.0001602905 0.002995811 0.0349 -0.0003080348 0.002984235 0.0349 -0.0004550271 0.002965378 0.0349 -0.0006009089 0.002939284 0.0349 -0.0007453241 0.002906018 0.0349 -0.0008879204 0.002865662 0.0349 -0.00102835 0.002818313 0.0349 -0.00116627 0.002764087 0.0349 -0.001301344 0.002703116 0.0349 -0.001433242 0.00263555 0.0349 -0.001561642 0.002561552 0.0349 -0.001686232 0.002481304 0.0349 -0.001806707 0.002395001 0.0349 -0.001922773 0.002302855 0.0349 -0.002034148 0.002205089 0.0349 -0.002140558 0.002101943 0.0349 -0.002241745 0.001993667 0.0349 -0.002337461 0.001880527 0.0349 -0.002427474 0.001762798 0.0349 -0.002511563 0.001640768 0.0349 -0.002589524 0.001514734 0.0349 -0.002661165 0.001385004 0.0349 -0.002726313 0.001251895 0.0349 -0.002784808 0.001115731 0.0349 -0.002836508 0.000976844 0.0349 -0.0035 0.000976844 0.0349 -0.0035 -0.001023156 0.0349 -0.002823689 -0.001023156 0.0349 -0.002770092 -0.001160379 0.0349 -0.002709826 -0.001294807 0.0349 -0.002643037 -0.001426117 0.0349 -0.002569887 -0.001553991 0.0349 -0.00249055 -0.001678123 0.0349 -0.002405219 -0.001798212 0.0349 -0.002314099 -0.001913971 0.0349 -0.002217409 -0.002025119 0.0349 -0.002115382 -0.002131389 0.0349 -0.002008264 -0.002232526 0.0349 -0.001896313 -0.002328286 0.0349 -0.001779799 -0.002418437 0.0349 -0.001659001 -0.002502764 0.0349 -0.001534212 -0.002581062 0.0349 -0.001405732 -0.002653143 0.0349 -0.00127387 -0.002718834 0.0349 -0.001138944 -0.002777976 0.0349 -0.001001278 -0.002830427 0.0349 -0.000861205 -0.00287606 0.0349 -0.0007190616 -0.002914767 0.0349 -0.0005751904 -0.002946452 0.0349 -0.0004299379 -0.002971041 0.0349 -0.0002836539 -0.002988474 0.0349 -0.0001366908 -0.002998708 0.0349 1.059745e-05 -0.00300172 0.0349 0.0001578561 -0.002997501 0.0349 0.0003047304 -0.002986063 0.0349 0.0004508667 -0.002967433 0.0349 0.0005959128 -0.002941655 0.0349 0.0007395196 -0.002908791 0.0349 0.000881341 -0.002868922 0.0349 0.001021036 -0.002822142 0.0349 0.001158267 -0.002768565 0.0349 0.001292704 -0.002708319 0.0349 0.001424023 -0.00264155 0.0349 0.001551909 -0.002568419 0.0349 0.001676052 -0.0024891 0.0349 0.001796154 -0.002403787 0.0349 0.001911926 -0.002312684 0.0349 0.002023089 -0.002216011 0.0349 0.002129375 -0.002114 0.0349 0.002230527 -0.002006897 0.0349 0.002326303 -0.00189496 0.0349 0.002416472 -0.001778459 0.0349 0.002500817 -0.001657674 0.0349 0.002579133 -0.001532897 0.0349 0.002651234 -0.001404427 0.0349 0.002716944 -0.001272575 0.0349 0.002776106 -0.001137658 0.0349 0.002828578 -0.001 0.0349 0.0055 0 0.026 0.005493163 -0.0002741524 0.026 0.005472669 -0.0005476232 0.026 0.00543857 -0.0008197325 0.026 0.005390949 -0.001089804 0.026 0.005329925 -0.001357166 0.026 0.005255651 -0.001621153 0.026 0.005168309 -0.001881111 0.026 0.005068119 -0.002136391 0.026 0.004955329 -0.002386361 0.026 0.004830219 -0.002630397 0.026 0.0046931 -0.002867894 0.026 0.004544313 -0.00309826 0.026 0.004384229 -0.003320924 0.026 0.004213244 -0.003535332 0.026 0.004031785 -0.00374095 0.026 0.003840302 -0.003937268 0.026 0.003639272 -0.004123796 0.026 0.003429194 -0.004300073 0.026 0.00321059 -0.004465659 0.026 0.002984004 -0.004620142 0.026 0.00275 -0.00476314 0.026 0.002509159 -0.004894295 0.026 0.002262079 -0.005013282 0.026 0.002009376 -0.005119806 0.026 0.001751677 -0.005213601 0.026 0.001489623 -0.005294434 0.026 0.001223865 -0.005362103 0.026 0.000955065 -0.005416443 0.026 0.0006838904 -0.005457315 0.026 0.0004110155 -0.005484621 0.026 0.0001371188 -0.005498291 0.026 -0.0001371188 -0.005498291 0.026 -0.0004110155 -0.005484621 0.026 -0.0006838904 -0.005457315 0.026 -0.000955065 -0.005416443 0.026 -0.001223865 -0.005362103 0.026 -0.001489623 -0.005294434 0.026 -0.001751677 -0.005213601 0.026 -0.002009376 -0.005119806 0.026 -0.002262079 -0.005013282 0.026 -0.002509159 -0.004894295 0.026 -0.00275 -0.00476314 0.026 -0.002984004 -0.004620142 0.026 -0.00321059 -0.004465659 0.026 -0.003429194 -0.004300073 0.026 -0.003639272 -0.004123796 0.026 -0.003840302 -0.003937268 0.026 -0.004031785 -0.00374095 0.026 -0.004213244 -0.003535332 0.026 -0.004384229 -0.003320924 0.026 -0.004544313 -0.00309826 0.026 -0.0046931 -0.002867894 0.026 -0.004830219 -0.002630397 0.026 -0.004955329 -0.002386361 0.026 -0.005068119 -0.002136391 0.026 -0.005168309 -0.001881111 0.026 -0.005255651 -0.001621153 0.026 -0.005329925 -0.001357166 0.026 -0.005390949 -0.001089804 0.026 -0.00543857 -0.0008197325 0.026 -0.005472669 -0.0005476232 0.026 -0.005493163 -0.0002741524 0.026 -0.0055 1.886637e-17 0.026 -0.005493163 0.0002741524 0.026 -0.005472669 0.0005476232 0.026 -0.00543857 0.0008197325 0.026 -0.005390949 0.001089804 0.026 -0.005329925 0.001357166 0.026 -0.005255651 0.001621153 0.026 -0.005168309 0.001881111 0.026 -0.005068119 0.002136391 0.026 -0.004955329 0.002386361 0.026 -0.004830219 0.002630397 0.026 -0.0046931 0.002867894 0.026 -0.004544313 0.00309826 0.026 -0.004384229 0.003320924 0.026 -0.004213244 0.003535332 0.026 -0.004031785 0.00374095 0.026 -0.003840302 0.003937268 0.026 -0.003639272 0.004123796 0.026 -0.003429194 0.004300073 0.026 -0.00321059 0.004465659 0.026 -0.002984004 0.004620142 0.026 -0.00275 0.00476314 0.026 -0.002509159 0.004894295 0.026 -0.002262079 0.005013282 0.026 -0.002009376 0.005119806 0.026 -0.001751677 0.005213601 0.026 -0.001489623 0.005294434 0.026 -0.001223865 0.005362103 0.026 -0.000955065 0.005416443 0.026 -0.0006838904 0.005457315 0.026 -0.0004110155 0.005484621 0.026 -0.0001371188 0.005498291 0.026 0.0001371188 0.005498291 0.026 0.0004110155 0.005484621 0.026 0.0006838904 0.005457315 0.026 0.000955065 0.005416443 0.026 0.001223865 0.005362103 0.026 0.001489623 0.005294434 0.026 0.001751677 0.005213601 0.026 0.002009376 0.005119806 0.026 0.002262079 0.005013282 0.026 0.002509159 0.004894295 0.026 0.00275 0.00476314 0.026 0.002984004 0.004620142 0.026 0.00321059 0.004465659 0.026 0.003429194 0.004300073 0.026 0.003639272 0.004123796 0.026 0.003840302 0.003937268 0.026 0.004031785 0.00374095 0.026 0.004213244 0.003535332 0.026 0.004384229 0.003320924 0.026 0.004544313 0.00309826 0.026 0.0046931 0.002867894 0.026 0.004830219 0.002630397 0.026 0.004955329 0.002386361 0.026 0.005068119 0.002136391 0.026 0.005168309 0.001881111 0.026 0.005255651 0.001621153 0.026 0.005329925 0.001357166 0.026 0.005390949 0.001089804 0.026 0.00543857 0.0008197325 0.026 0.005472669 0.0005476232 0.026 0.005493163 0.0002741524 0.026 -0.004494406 -0.0002243065 0.0349 -0.004477639 -0.0004480553 0.0349 -0.004449739 -0.0006706902 0.0349 -0.004410776 -0.0008916577 0.0349 -0.004360848 -0.001110408 0.0349 -0.004300077 -0.001326398 0.0349 -0.004228617 -0.001539091 0.0349 -0.004146643 -0.001747957 0.0349 -0.00405436 -0.001952477 0.0349 -0.003951997 -0.002152143 0.0349 -0.0045 -1.543612e-17 0.0349 -0.003298733 -0.003060777 0.0349 -0.003142066 -0.003221401 0.0349 -0.0034472 -0.002892544 0.0349 -0.002977586 -0.003374015 0.0349 -0.003587096 -0.00271712 0.0349 -0.002805704 -0.003518242 0.0349 -0.003718075 -0.00253494 0.0349 -0.002626847 -0.003653721 0.0349 -0.003839809 -0.002346458 0.0349 -0.002441458 -0.003780117 0.0349 -0.00225 -0.003897114 0.0349 -0.002052948 -0.004004423 0.0349 -0.001850792 -0.004101776 0.0349 -0.001644035 -0.004188932 0.0349 -0.00143319 -0.004265673 0.0349 -0.001218782 -0.004331809 0.0349 -0.001001344 -0.004387176 0.0349 -0.0007814168 -0.004431635 0.0349 -0.0005595466 -0.004465076 0.0349 -0.0003362854 -0.004487417 0.0349 -0.0001121881 -0.004498601 0.0349 0.0001121881 -0.004498601 0.0349 0.0003362854 -0.004487417 0.0349 0.0005595466 -0.004465076 0.0349 -0.004228617 0.001539091 0.0349 -0.004300077 0.001326398 0.0349 -0.004360848 0.001110408 0.0349 -0.004410776 0.0008916577 0.0349 -0.004449739 0.0006706902 0.0349 -0.004477639 0.0004480553 0.0349 -0.004494406 0.0002243065 0.0349 0.0007814168 -0.004431635 0.0349 -0.004146643 0.001747957 0.0349 0.001001344 -0.004387176 0.0349 0.001218782 -0.004331809 0.0349 -0.00405436 0.001952477 0.0349 0.00143319 -0.004265673 0.0349 0.001644035 -0.004188932 0.0349 -0.003951997 0.002152143 0.0349 0.001850792 -0.004101776 0.0349 0.002052948 -0.004004423 0.0349 0.00225 -0.003897114 0.0349 -0.003839809 0.002346458 0.0349 0.002441458 -0.003780117 0.0349 -0.003718075 0.00253494 0.0349 0.002626847 -0.003653721 0.0349 -0.003587096 0.00271712 0.0349 0.002805704 -0.003518242 0.0349 -0.0034472 0.002892544 0.0349 0.002977586 -0.003374015 0.0349 -0.003298733 0.003060777 0.0349 0.003142066 -0.003221401 0.0349 -0.003142066 0.003221401 0.0349 0.003298733 -0.003060777 0.0349 -0.002977586 0.003374015 0.0349 0.0034472 -0.002892544 0.0349 -0.002805704 0.003518242 0.0349 0.003587096 -0.00271712 0.0349 -0.002626847 0.003653721 0.0349 0.003718075 -0.00253494 0.0349 -0.002441458 0.003780117 0.0349 0.003839809 -0.002346458 0.0349 -0.00225 0.003897114 0.0349 0.003951997 -0.002152143 0.0349 -0.002052948 0.004004423 0.0349 -0.001850792 0.004101776 0.0349 0.00405436 -0.001952477 0.0349 0.004146643 -0.001747957 0.0349 -0.001644035 0.004188932 0.0349 0.004228617 -0.001539091 0.0349 -0.00143319 0.004265673 0.0349 0.004300077 -0.001326398 0.0349 -0.001218782 0.004331809 0.0349 0.004360848 -0.001110408 0.0349 -0.001001344 0.004387176 0.0349 0.004410776 -0.0008916577 0.0349 -0.0007814168 0.004431635 0.0349 0.004449739 -0.0006706902 0.0349 -0.0005595466 0.004465076 0.0349 0.004477639 -0.0004480553 0.0349 -0.0003362854 0.004487417 0.0349 0.004494406 -0.0002243065 0.0349 -0.0001121881 0.004498601 0.0349 0.0045 0 0.0349 0.0001121881 0.004498601 0.0349 0.004494406 0.0002243065 0.0349 0.0003362854 0.004487417 0.0349 0.004477639 0.0004480553 0.0349 0.0005595466 0.004465076 0.0349 0.004449739 0.0006706902 0.0349 0.0007814168 0.004431635 0.0349 0.004410776 0.0008916577 0.0349 0.001001344 0.004387176 0.0349 0.004360848 0.001110408 0.0349 0.001218782 0.004331809 0.0349 0.004300077 0.001326398 0.0349 0.00143319 0.004265673 0.0349 0.004228617 0.001539091 0.0349 0.001644035 0.004188932 0.0349 0.004146643 0.001747957 0.0349 0.001850792 0.004101776 0.0349 0.00405436 0.001952477 0.0349 0.002052948 0.004004423 0.0349 0.003951997 0.002152143 0.0349 0.00225 0.003897114 0.0349 0.003839809 0.002346458 0.0349 0.002441458 0.003780117 0.0349 0.003718075 0.00253494 0.0349 0.002626847 0.003653721 0.0349 0.003587096 0.00271712 0.0349 0.002805704 0.003518242 0.0349 0.0034472 0.002892544 0.0349 0.002977586 0.003374015 0.0349 0.003298733 0.003060777 0.0349 0.003142066 0.003221401 0.0349 -0.004646194 -0.003588302 0.026 -0.005530239 -0.004826097 0.026 -0.004823132 -0.005532685 0.026 -0.003585587 -0.004648291 0.026 -0.004813392 -0.003360677 0.026 -0.003357872 -0.004815385 0.026 -0.004969449 -0.003125273 0.026 -0.003122384 -0.004971334 0.026 -0.005114003 -0.002882637 0.026 -0.002879668 -0.005115777 0.026 -0.005246721 -0.002633329 0.026 -0.002630286 -0.005248378 0.026 -0.005367296 -0.002377927 0.026 -0.002374815 -0.005368832 0.026 -0.005475448 -0.002117022 0.026 -0.002113846 -0.00547686 0.026 -0.005570926 -0.001851217 0.026 -0.001847983 -0.00557221 0.026 -0.005653511 -0.001581128 0.026 -0.001577842 -0.005654664 0.026 -0.005723011 -0.001307379 0.026 -0.001304049 -0.005724029 0.026 -0.001027235 -0.005780145 0.026 -0.005779264 -0.001030605 0.026 -0.0007480432 -0.005822883 0.026 -0.005822142 -0.0007514457 0.026 -0.000498271 -0.007322669 0.026 -0.007322669 0.000498271 0.026 -0.007322239 -0.000501729 0.026 0.000501729 -0.007322027 0.026 -0.00582258 0.0007480413 0.026 0.0007514438 -0.005822231 0.026 -0.005779866 0.001027226 0.026 0.001030606 -0.00577935 0.026 -0.005723774 0.001304033 0.026 0.001307384 -0.005723093 0.026 0.001581134 -0.005653588 0.026 -0.005654435 0.001577822 0.026 0.001851226 -0.005570997 0.026 -0.005572008 0.00184796 0.026 0.002117032 -0.005475511 0.026 -0.005476685 0.00211382 0.026 0.002377938 -0.005367351 0.026 -0.005368686 0.002374789 0.026 0.002633339 -0.005246767 0.026 -0.00524826 0.002630262 0.026 0.002882646 -0.005114039 0.026 -0.005115688 0.002879647 0.026 0.00312528 -0.004969473 0.026 -0.004971275 0.003122368 0.026 0.00336068 -0.004813405 0.026 -0.004815356 0.003357862 0.026 -0.004648292 0.003585586 0.026 0.003588302 -0.004646195 0.026 0.004826098 -0.005530239 0.026 -0.005532685 0.004823132 0.026 -0.004826098 0.005530239 0.026 0.005532685 -0.004823132 0.026 -0.003588301 0.004646197 0.026 0.004648293 -0.003585584 0.026 -0.003360684 0.004813424 0.026 0.004815381 -0.00335787 0.026 -0.003125287 0.004969511 0.026 0.004971323 -0.003122382 0.026 -0.002882656 0.005114094 0.026 0.005115757 -0.002879667 0.026 -0.002633352 0.005246841 0.026 0.00524835 -0.002630284 0.026 -0.002377951 0.005367445 0.026 0.005368793 -0.002374813 0.026 -0.002117046 0.005475624 0.026 0.005476809 -0.002113844 0.026 -0.001851239 0.00557113 0.026 0.005572146 -0.001847981 0.026 -0.001581147 0.005653741 0.026 0.005654586 -0.001577841 0.026 -0.001307394 0.005723266 0.026 0.005723936 -0.001304047 0.026 -0.001030614 0.005779544 0.026 0.005780036 -0.001027235 0.026 -0.0007514476 0.005822445 0.026 0.005822757 -0.0007480451 0.026 0.0007480453 0.005822454 0.026 0.005821915 0.000751403 0.026 0.001027228 0.005779757 0.026 0.005779044 0.001030514 0.026 -0.0005017293 0.007322445 0.026 0.007322669 -0.000498271 0.026 0.001304034 0.005723681 0.026 0.005722799 0.00130724 0.026 0.001577822 0.005654357 0.026 0.005653312 0.001580941 0.026 0.00184796 0.005571944 0.026 0.005570742 0.001850983 0.026 0.00211382 0.005476633 0.026 0.005475281 0.002116742 0.026 0.002374789 0.005368646 0.026 0.005367151 0.002377604 0.026 0.0004982707 0.007322445 0.026 0.007321844 0.000501729 0.026 0.002630261 0.00524823 0.026 0.0052466 0.002632963 0.026 0.002879647 0.005115667 0.026 0.005113908 0.002882229 0.026 0.003122367 0.004971263 0.026 0.004969383 0.003124826 0.026 0.003357862 0.004815351 0.026 0.004813358 0.003360191 0.026 0.003585584 0.004648293 0.026 0.004646195 0.003587781 0.026 0.005530239 0.004825578 0.026 0.004823132 0.005532685 0.026 0.0045 0 0.0285 0.004494406 0.0002243065 0.0285 0.004477639 0.0004480553 0.0285 0.004449739 0.0006706902 0.0285 0.004410776 0.0008916577 0.0285 0.004360848 0.001110408 0.0285 0.004300077 0.001326398 0.0285 0.004228617 0.001539091 0.0285 0.004146643 0.001747957 0.0285 0.00405436 0.001952477 0.0285 0.003951997 0.002152143 0.0285 0.003839809 0.002346458 0.0285 0.003718075 0.00253494 0.0285 0.003587096 0.00271712 0.0285 0.0034472 0.002892544 0.0285 0.003298733 0.003060777 0.0285 0.003142066 0.003221401 0.0285 0.002977586 0.003374015 0.0285 0.002805704 0.003518242 0.0285 0.002626847 0.003653721 0.0285 0.002441458 0.003780117 0.0285 0.00225 0.003897114 0.0285 0.002052948 0.004004423 0.0285 0.001850792 0.004101776 0.0285 0.001644035 0.004188932 0.0285 0.00143319 0.004265673 0.0285 0.001218782 0.004331809 0.0285 0.001001344 0.004387176 0.0285 0.0007814168 0.004431635 0.0285 0.0005595466 0.004465076 0.0285 0.0003362854 0.004487417 0.0285 0.0001121881 0.004498601 0.0285 -0.0001121881 0.004498601 0.0285 -0.0003362854 0.004487417 0.0285 -0.0005595466 0.004465076 0.0285 -0.0007814168 0.004431635 0.0285 -0.001001344 0.004387176 0.0285 -0.001218782 0.004331809 0.0285 -0.00143319 0.004265673 0.0285 -0.001644035 0.004188932 0.0285 -0.001850792 0.004101776 0.0285 -0.002052948 0.004004423 0.0285 -0.00225 0.003897114 0.0285 -0.002441458 0.003780117 0.0285 -0.002626847 0.003653721 0.0285 -0.002805704 0.003518242 0.0285 -0.002977586 0.003374015 0.0285 -0.003142066 0.003221401 0.0285 -0.003298733 0.003060777 0.0285 -0.0034472 0.002892544 0.0285 -0.003587096 0.00271712 0.0285 -0.003718075 0.00253494 0.0285 -0.003839809 0.002346458 0.0285 -0.003951997 0.002152143 0.0285 -0.00405436 0.001952477 0.0285 -0.004146643 0.001747957 0.0285 -0.004228617 0.001539091 0.0285 -0.004300077 0.001326398 0.0285 -0.004360848 0.001110408 0.0285 -0.004410776 0.0008916577 0.0285 -0.004449739 0.0006706902 0.0285 -0.004477639 0.0004480553 0.0285 -0.004494406 0.0002243065 0.0285 -0.0045 -1.543612e-17 0.0285 -0.004494406 -0.0002243065 0.0285 -0.004477639 -0.0004480553 0.0285 -0.004449739 -0.0006706902 0.0285 -0.004410776 -0.0008916577 0.0285 -0.004360848 -0.001110408 0.0285 -0.004300077 -0.001326398 0.0285 -0.004228617 -0.001539091 0.0285 -0.004146643 -0.001747957 0.0285 -0.00405436 -0.001952477 0.0285 -0.003951997 -0.002152143 0.0285 -0.003839809 -0.002346458 0.0285 -0.003718075 -0.00253494 0.0285 -0.003587096 -0.00271712 0.0285 -0.0034472 -0.002892544 0.0285 -0.003298733 -0.003060777 0.0285 -0.003142066 -0.003221401 0.0285 -0.002977586 -0.003374015 0.0285 -0.002805704 -0.003518242 0.0285 -0.002626847 -0.003653721 0.0285 -0.002441458 -0.003780117 0.0285 -0.00225 -0.003897114 0.0285 -0.002052948 -0.004004423 0.0285 -0.001850792 -0.004101776 0.0285 -0.001644035 -0.004188932 0.0285 -0.00143319 -0.004265673 0.0285 -0.001218782 -0.004331809 0.0285 -0.001001344 -0.004387176 0.0285 -0.0007814168 -0.004431635 0.0285 -0.0005595466 -0.004465076 0.0285 -0.0003362854 -0.004487417 0.0285 -0.0001121881 -0.004498601 0.0285 0.0001121881 -0.004498601 0.0285 0.0003362854 -0.004487417 0.0285 0.0005595466 -0.004465076 0.0285 0.0007814168 -0.004431635 0.0285 0.001001344 -0.004387176 0.0285 0.001218782 -0.004331809 0.0285 0.00143319 -0.004265673 0.0285 0.001644035 -0.004188932 0.0285 0.001850792 -0.004101776 0.0285 0.002052948 -0.004004423 0.0285 0.00225 -0.003897114 0.0285 0.002441458 -0.003780117 0.0285 0.002626847 -0.003653721 0.0285 0.002805704 -0.003518242 0.0285 0.002977586 -0.003374015 0.0285 0.003142066 -0.003221401 0.0285 0.003298733 -0.003060777 0.0285 0.0034472 -0.002892544 0.0285 0.003587096 -0.00271712 0.0285 0.003718075 -0.00253494 0.0285 0.003839809 -0.002346458 0.0285 0.003951997 -0.002152143 0.0285 0.00405436 -0.001952477 0.0285 0.004146643 -0.001747957 0.0285 0.004228617 -0.001539091 0.0285 0.004300077 -0.001326398 0.0285 0.004360848 -0.001110408 0.0285 0.004410776 -0.0008916577 0.0285 0.004449739 -0.0006706902 0.0285 0.004477639 -0.0004480553 0.0285 0.004494406 -0.0002243065 0.0285 -0.0005017293 0.007322445 0.0275 -0.0007514476 0.005822445 0.0275 0.0004982707 0.007322445 0.0275 -0.001030614 0.005779544 0.0275 -0.001307394 0.005723266 0.0275 -0.001581147 0.005653741 0.0275 -0.001851239 0.00557113 0.0275 -0.002117046 0.005475624 0.0275 -0.002377951 0.005367445 0.0275 -0.002633352 0.005246841 0.0275 -0.002882656 0.005114094 0.0275 -0.003125287 0.004969511 0.0275 -0.003360684 0.004813424 0.0275 -0.003588301 0.004646197 0.0275 0.0007480453 0.005822454 0.0275 -0.004826098 0.005530239 0.0275 0.003585584 0.004648293 0.0275 0.003357862 0.004815351 0.0275 0.003122367 0.004971263 0.0275 0.002879647 0.005115667 0.0275 0.002630261 0.00524823 0.0275 0.002374789 0.005368646 0.0275 0.00211382 0.005476633 0.0275 0.00184796 0.005571944 0.0275 0.001577822 0.005654357 0.0275 0.001304034 0.005723681 0.0275 0.001027228 0.005779757 0.0275 -0.005532685 0.004823132 0.0275 0.004823132 0.005532685 0.0275 -0.004648292 0.003585586 0.0275 0.005530239 0.004825578 0.0275 -0.004815356 0.003357862 0.0275 -0.004971275 0.003122368 0.0275 -0.005115688 0.002879647 0.0275 -0.00524826 0.002630262 0.0275 -0.005368686 0.002374789 0.0275 -0.005476685 0.00211382 0.0275 -0.005572008 0.00184796 0.0275 -0.005654435 0.001577822 0.0275 -0.005723774 0.001304033 0.0275 -0.005779866 0.001027226 0.0275 -0.00582258 0.0007480413 0.0275 0.004646195 0.003587781 0.0275 -0.007322669 0.000498271 0.0275 0.005821915 0.000751403 0.0275 0.005779044 0.001030514 0.0275 0.005722799 0.00130724 0.0275 0.005653312 0.001580941 0.0275 0.005570742 0.001850983 0.0275 0.005475281 0.002116742 0.0275 0.005367151 0.002377604 0.0275 0.0052466 0.002632963 0.0275 0.005113908 0.002882229 0.0275 0.004969383 0.003124826 0.0275 0.004813358 0.003360191 0.0275 -0.007322239 -0.000501729 0.0275 0.007321844 0.000501729 0.0275 -0.005822142 -0.0007514457 0.0275 0.007322669 -0.000498271 0.0275 -0.005779264 -0.001030605 0.0275 -0.005723011 -0.001307379 0.0275 -0.005653511 -0.001581128 0.0275 -0.005570926 -0.001851217 0.0275 -0.005475448 -0.002117022 0.0275 -0.005367296 -0.002377927 0.0275 -0.005246721 -0.002633329 0.0275 -0.005114003 -0.002882637 0.0275 -0.004969449 -0.003125273 0.0275 -0.004813392 -0.003360677 0.0275 -0.004646194 -0.003588302 0.0275 0.005822757 -0.0007480451 0.0275 -0.005530239 -0.004826097 0.0275 0.004648293 -0.003585584 0.0275 0.004815381 -0.00335787 0.0275 0.004971323 -0.003122382 0.0275 0.005115757 -0.002879667 0.0275 0.00524835 -0.002630284 0.0275 0.005368793 -0.002374813 0.0275 0.005476809 -0.002113844 0.0275 0.005572146 -0.001847981 0.0275 0.005654586 -0.001577841 0.0275 0.005723936 -0.001304047 0.0275 0.005780036 -0.001027235 0.0275 -0.004823132 -0.005532685 0.0275 0.005532685 -0.004823132 0.0275 -0.003585587 -0.004648291 0.0275 0.004826098 -0.005530239 0.0275 -0.003357872 -0.004815385 0.0275 -0.003122384 -0.004971334 0.0275 -0.002879668 -0.005115777 0.0275 -0.002630286 -0.005248378 0.0275 -0.002374815 -0.005368832 0.0275 -0.002113846 -0.00547686 0.0275 -0.001847983 -0.00557221 0.0275 -0.001577842 -0.005654664 0.0275 -0.001304049 -0.005724029 0.0275 -0.001027235 -0.005780145 0.0275 -0.0007480432 -0.005822883 0.0275 0.003588302 -0.004646195 0.0275 -0.000498271 -0.007322669 0.0275 0.0007514438 -0.005822231 0.0275 0.001030606 -0.00577935 0.0275 0.001307384 -0.005723093 0.0275 0.001581134 -0.005653588 0.0275 0.001851226 -0.005570997 0.0275 0.002117032 -0.005475511 0.0275 0.002377938 -0.005367351 0.0275 0.002633339 -0.005246767 0.0275 0.002882646 -0.005114039 0.0275 0.00312528 -0.004969473 0.0275 0.00336068 -0.004813405 0.0275 0.000501729 -0.007322027 0.0275 -0.003905575 -0.003937268 0.0285 -0.003704544 -0.004123796 0.0285 -0.004097057 -0.00374095 0.0285 -0.003494466 -0.004300073 0.0285 -0.004278516 -0.003535332 0.0285 -0.003275862 -0.004465659 0.0285 -0.004449501 -0.003320924 0.0285 -0.003049276 -0.004620142 0.0285 -0.004609585 -0.00309826 0.0285 -0.002815272 -0.00476314 0.0285 -0.004758372 -0.002867894 0.0285 -0.002574431 -0.004894295 0.0285 -0.004895491 -0.002630397 0.0285 -0.002327351 -0.005013282 0.0285 -0.005020601 -0.002386361 0.0285 -0.002074648 -0.005119806 0.0285 -0.005133391 -0.002136391 0.0285 -0.001816949 -0.005213601 0.0285 -0.005233582 -0.001881111 0.0285 -0.001554895 -0.005294434 0.0285 -0.005320922 -0.001621153 0.0285 -0.001289137 -0.005362103 0.0285 -0.005395197 -0.001357166 0.0285 -0.001020337 -0.005416443 0.0285 -0.005456221 -0.001089804 0.0285 -0.0007491624 -0.005457315 0.0285 -0.005503841 -0.0008197325 0.0285 -0.0004762875 -0.005484621 0.0285 -0.005537941 -0.0005476232 0.0285 -0.0002023908 -0.005498291 0.0285 -0.005558435 -0.0002741524 0.0285 7.184681e-05 -0.005498291 0.0285 -0.005558435 0.0002741524 0.0285 -0.005565272 -1.886637e-17 0.0285 0.0003457435 -0.005484621 0.0285 -0.005537941 0.0005476232 0.0285 0.0006186184 -0.005457315 0.0285 -0.005503841 0.0008197325 0.0285 0.000889793 -0.005416443 0.0285 -0.005456221 0.001089804 0.0285 0.001158593 -0.005362103 0.0285 -0.005395197 0.001357166 0.0285 0.001424351 -0.005294434 0.0285 -0.005320922 0.001621153 0.0285 0.001686405 -0.005213601 0.0285 -0.005233582 0.001881111 0.0285 0.001944104 -0.005119806 0.0285 -0.005133391 0.002136391 0.0285 0.002196807 -0.005013282 0.0285 -0.005020601 0.002386361 0.0285 0.002443887 -0.004894295 0.0285 -0.004895491 0.002630397 0.0285 0.002684728 -0.00476314 0.0285 -0.004758372 0.002867894 0.0285 0.002918732 -0.004620142 0.0285 -0.004609585 0.00309826 0.0285 0.003145318 -0.004465659 0.0285 -0.004449501 0.003320924 0.0285 0.003363922 -0.004300073 0.0285 -0.004278516 0.003535332 0.0285 0.003574 -0.004123796 0.0285 -0.004097057 0.00374095 0.0285 0.003775031 -0.003937268 0.0285 -0.003905575 0.003937268 0.0285 0.003966513 -0.00374095 0.0285 -0.003704544 0.004123796 0.0285 0.004147973 -0.003535332 0.0285 -0.003494466 0.004300073 0.0285 0.004318957 -0.003320924 0.0285 -0.003275862 0.004465659 0.0285 0.004479041 -0.00309826 0.0285 -0.003049276 0.004620142 0.0285 0.004627828 -0.002867894 0.0285 -0.002815272 0.00476314 0.0285 0.004764946 -0.002630397 0.0285 -0.002574431 0.004894295 0.0285 0.004890057 -0.002386361 0.0285 -0.002327351 0.005013282 0.0285 0.005002847 -0.002136391 0.0285 -0.002074648 0.005119806 0.0285 0.005103037 -0.001881111 0.0285 -0.001816949 0.005213601 0.0285 0.005190379 -0.001621153 0.0285 -0.001554895 0.005294434 0.0285 0.005264653 -0.001357166 0.0285 -0.001289137 0.005362103 0.0285 0.005325677 -0.001089804 0.0285 -0.001020337 0.005416443 0.0285 0.005373298 -0.0008197325 0.0285 -0.0007491624 0.005457315 0.0285 0.005407397 -0.0005476232 0.0285 -0.0004762875 0.005484621 0.0285 0.005427891 -0.0002741524 0.0285 -0.0002023908 0.005498291 0.0285 0.005434728 0 0.0285 7.184681e-05 0.005498291 0.0285 0.005427891 0.0002741524 0.0285 0.0003457435 0.005484621 0.0285 0.005407397 0.0005476232 0.0285 0.0006186184 0.005457315 0.0285 0.005373298 0.0008197325 0.0285 0.000889793 0.005416443 0.0285 0.005325677 0.001089804 0.0285 0.001158593 0.005362103 0.0285 0.005264653 0.001357166 0.0285 0.001424351 0.005294434 0.0285 0.005190379 0.001621153 0.0285 0.001686405 0.005213601 0.0285 0.005103037 0.001881111 0.0285 0.001944104 0.005119806 0.0285 0.005002847 0.002136391 0.0285 0.002196807 0.005013282 0.0285 0.004890057 0.002386361 0.0285 0.002443887 0.004894295 0.0285 0.004764946 0.002630397 0.0285 0.002684728 0.00476314 0.0285 0.004627828 0.002867894 0.0285 0.002918732 0.004620142 0.0285 0.004479041 0.00309826 0.0285 0.003145318 0.004465659 0.0285 0.004318957 0.003320924 0.0285 0.003363922 0.004300073 0.0285 0.004147973 0.003535332 0.0285 0.003574 0.004123796 0.0285 0.003966513 0.00374095 0.0285 0.003775031 0.003937268 0.0285 -0.003905575 -0.003937268 0.0275 -0.004097057 -0.00374095 0.0275 -0.003704544 -0.004123796 0.0275 -0.004278516 -0.003535332 0.0275 -0.003494466 -0.004300073 0.0275 -0.004449501 -0.003320924 0.0275 -0.003275862 -0.004465659 0.0275 -0.004609585 -0.00309826 0.0275 -0.003049276 -0.004620142 0.0275 -0.004758372 -0.002867894 0.0275 -0.002815272 -0.00476314 0.0275 -0.004895491 -0.002630397 0.0275 -0.002574431 -0.004894295 0.0275 -0.005020601 -0.002386361 0.0275 -0.002327351 -0.005013282 0.0275 -0.005133391 -0.002136391 0.0275 -0.002074648 -0.005119806 0.0275 -0.005233582 -0.001881111 0.0275 -0.001816949 -0.005213601 0.0275 -0.005320922 -0.001621153 0.0275 -0.001554895 -0.005294434 0.0275 -0.005395197 -0.001357166 0.0275 -0.001289137 -0.005362103 0.0275 -0.005456221 -0.001089804 0.0275 -0.001020337 -0.005416443 0.0275 -0.005503841 -0.0008197325 0.0275 -0.0007491624 -0.005457315 0.0275 -0.005537941 -0.0005476232 0.0275 -0.0004762875 -0.005484621 0.0275 -0.005558435 -0.0002741524 0.0275 -0.0002023908 -0.005498291 0.0275 -0.005565272 -1.886637e-17 0.0275 7.184681e-05 -0.005498291 0.0275 -0.005558435 0.0002741524 0.0275 0.0003457435 -0.005484621 0.0275 -0.005537941 0.0005476232 0.0275 0.0006186184 -0.005457315 0.0275 -0.005503841 0.0008197325 0.0275 0.000889793 -0.005416443 0.0275 -0.005456221 0.001089804 0.0275 0.001158593 -0.005362103 0.0275 -0.005395197 0.001357166 0.0275 0.001424351 -0.005294434 0.0275 -0.005320922 0.001621153 0.0275 0.001686405 -0.005213601 0.0275 -0.005233582 0.001881111 0.0275 0.001944104 -0.005119806 0.0275 -0.005133391 0.002136391 0.0275 0.002196807 -0.005013282 0.0275 -0.005020601 0.002386361 0.0275 0.002443887 -0.004894295 0.0275 -0.004895491 0.002630397 0.0275 0.002684728 -0.00476314 0.0275 -0.004758372 0.002867894 0.0275 0.002918732 -0.004620142 0.0275 -0.004609585 0.00309826 0.0275 0.003145318 -0.004465659 0.0275 -0.004449501 0.003320924 0.0275 0.003363922 -0.004300073 0.0275 -0.004278516 0.003535332 0.0275 0.003574 -0.004123796 0.0275 -0.004097057 0.00374095 0.0275 0.003775031 -0.003937268 0.0275 -0.003905575 0.003937268 0.0275 -0.003704544 0.004123796 0.0275 -0.003494466 0.004300073 0.0275 0.003966513 -0.00374095 0.0275 0.004147973 -0.003535332 0.0275 0.004318957 -0.003320924 0.0275 -0.003275862 0.004465659 0.0275 0.004479041 -0.00309826 0.0275 -0.003049276 0.004620142 0.0275 0.004627828 -0.002867894 0.0275 -0.002815272 0.00476314 0.0275 0.004764946 -0.002630397 0.0275 -0.002574431 0.004894295 0.0275 0.004890057 -0.002386361 0.0275 -0.002327351 0.005013282 0.0275 0.005002847 -0.002136391 0.0275 -0.002074648 0.005119806 0.0275 0.005103037 -0.001881111 0.0275 -0.001816949 0.005213601 0.0275 0.005190379 -0.001621153 0.0275 -0.001554895 0.005294434 0.0275 -0.001289137 0.005362103 0.0275 0.005264653 -0.001357166 0.0275 -0.001020337 0.005416443 0.0275 0.005325677 -0.001089804 0.0275 -0.0007491624 0.005457315 0.0275 0.005373298 -0.0008197325 0.0275 -0.0004762875 0.005484621 0.0275 0.005407397 -0.0005476232 0.0275 0.005427891 -0.0002741524 0.0275 -0.0002023908 0.005498291 0.0275 0.005434728 0 0.0275 7.184681e-05 0.005498291 0.0275 0.0006186184 0.005457315 0.0275 0.000889793 0.005416443 0.0275 0.0003457435 0.005484621 0.0275 0.005427891 0.0002741524 0.0275 0.005407397 0.0005476232 0.0275 0.005373298 0.0008197325 0.0275 0.001158593 0.005362103 0.0275 0.005325677 0.001089804 0.0275 0.001424351 0.005294434 0.0275 0.005264653 0.001357166 0.0275 0.001686405 0.005213601 0.0275 0.005190379 0.001621153 0.0275 0.001944104 0.005119806 0.0275 0.005103037 0.001881111 0.0275 0.002196807 0.005013282 0.0275 0.005002847 0.002136391 0.0275 0.002443887 0.004894295 0.0275 0.004890057 0.002386361 0.0275 0.002684728 0.00476314 0.0275 0.004764946 0.002630397 0.0275 0.004627828 0.002867894 0.0275 0.002918732 0.004620142 0.0275 0.004479041 0.00309826 0.0275 0.003145318 0.004465659 0.0275 0.004318957 0.003320924 0.0275 0.003574 0.004123796 0.0275 0.003775031 0.003937268 0.0275 0.003363922 0.004300073 0.0275 0.004147973 0.003535332 0.0275 0.003966513 0.00374095 0.0275</float_array>
          <technique_common>
            <accessor count="2424" source="#cubeverts-array0-array" stride="3">
              <param type="float" name="X"/>
              <param type="float" name="Y"/>
              <param type="float" name="Z"/>
            </accessor>
          </technique_common>
        </source>
        <source id="cubenormals-array0">
          <float_array count="14544" id="cubenormals-array0-array">-0.986424 0.1642187 0 -0.986424 0.1642187 0 0 1 -0 0 1 0 -0.1518923 0.9883971 0 -0.1518923 0.9883971 0 -0.1992547 0.9799477 0 -0.1992547 0.9799477 0 -0.2461546 0.9692306 0 -0.2461546 0.9692306 0 -0.2924868 0.9562696 0 -0.2924868 0.9562696 0 -0.3381423 0.941095 0 -0.3381423 0.941095 0 -0.3830116 0.9237435 0 -0.3830116 0.9237435 0 -0.4269983 0.9042524 0 -0.4269983 0.9042524 0 -0.4699952 0.882669 0 -0.511903 0.8590432 0 -0.4699952 0.882669 0 -0.511903 0.8590432 0 -0.5526286 0.8334277 0 -0.5920728 0.8058845 0 -0.5526286 0.8334277 0 -0.5920728 0.8058845 0 0 -0 -1 0 0 -1 0 0 -1 0 0 -1 0 0 -1 0 0 -1 0 0 -1 0 0 -1 0 0 -1 0 0 -1 0 -0 -1 0 0 -1 0 0 -1 0 0 -1 0 -0 -1 0 0 -1 0 0 -1 0 0 -1 0 -0 -1 0 0 -1 0 0 -1 0 0 -1 0 -0 -1 0 0 -1 0 0 -1 0 -0 -1 0 0 -1 0 0 -1 0 0 -1 0 0 -1 0 -0 -1 0 0 -1 0 0 -1 0 0 -1 0 -0 -1 0 0 -1 0 0 -1 0 -0 -1 0 0 -1 0 0 -1 0 0 -1 0 -0 -1 0 0 -1 0 0 -1 0 0 -1 0 0 -1 0 0 -1 0 0 -1 0 0 -1 0 0 -1 0 0 -1 0 0 -1 0 -0 -1 0 0 -1 0 -0 -1 0 0 -1 0 0 -1 0 0 -1 0 0 -1 0 0 -1 0 -0 -1 0 0 -1 0 0 -1 0 -0 -1 0 0 -1 0 0 -1 0 0 -1 0 -0 -1 0 0 -1 0 0 -1 0 0 -1 0 -0 -1 0 0 -1 0 0 -1 0 0 -1 0 0 -1 0 -0 -1 0 0 -1 0 0 -1 0 0 -1 0 -0 -1 0 0 -1 0 0 -1 0 0 -1 0 -0 -1 0 0 -1 0 0 -1 0 0 -1 0 0 -1 0 -0 -1 0 0 -1 0 0 -1 0 0 -1 0 -0 -1 0 0 -1 0 0 -1 0 -0 -1 0 0 -1 0 0 -1 0 0 -1 0 -0 -1 0 0 -1 0 0 -1 0 0 -1 0 -0 -1 0 0 -1 0 0 -1 0 0 -1 0 0 -1 0 0 -1 0 0 -1 0 0 -1 0 0 -1 0 0 -1 0 0 -1 0 -0 -1 0 0 -1 0 0 -1 0 0 -1 0 0 -1 0 0 -1 0 0 -1 0 0 -1 0 -0 -1 0 -0 -1 0 0 -1 0 0 -1 0 0 -1 0 0 -1 0 -0 -1 0 0 -1 0 0 -1 0 0 -1 0 -0 -1 0 0 -1 0 0 -1 0 0 -1 0 -0 -1 0 0 -1 0 0 -1 0 0 -1 0 0 -1 0 -0 -1 0 0 -1 0 0 -1 0 -0 -1 0 0 -1 0 0 -1 0 0 -1 0 -0 -1 0 0 -1 0 0 -1 0 0 -1 0 -0 -1 0 0 -1 0 0 -1 0 0 -1 0 -0 -1 0 0 -1 0 0 -1 0 0 -1 0 -0 -1 0 0 -1 0 0 -1 0 0 -1 0 0 -1 0 -0 -1 0 0 -1 0 0 -1 0 0 -1 0 -0 -1 0 0 -1 0 0 -1 0 0 -1 0 0 -1 0 0 -1 0 0 -1 0 0 -1 0 0 -1 0 0 -1 0 0 -1 0 0 -1 0 0 -1 0 0 -1 0 0 -1 0 0 -1 0 0 -1 0 0 -1 0 0 -1 0 0 -1 0 0 -1 0 -0 -1 0 0 -1 0 0 -1 0 0 -1 0 -0 -1 0 0 -1 0 0 -1 0 0 -1 0 -0 -1 0 0 -1 0 0 -1 0 0 -1 0 -0 -1 0 0 -1 0 0 -1 0 0 -1 0 0 -1 0 0 -1 0 -0 -1 0 0 -1 0 0 -1 0 -0 -1 0 0 -1 0 0 -1 0 0 -1 0 -0 -1 0 0 -1 0 0 -1 0 0 -1 0 -0 -1 0 0 -1 0 0 -1 0 0 -1 0 -0 -1 0 0 -1 0 0 -1 0 0 -1 0 0 -1 0 0 -1 0 -0 -1 0 0 -1 0 0 -1 0 0 -1 0 0 -1 0 0 -1 0 0 -1 0 0 -1 0 0 1 0 0 1 0 0 1 0 0 1 0 0 1 0 0 1 0 0 1 0 0 1 0 0 1 0 0 1 0 0 1 0 0 1 0 0 1 0 0 1 0 0 1 0 0 1 0 0 1 0 0 1 0 0 1 0 0 1 0 0 1 0 0 1 0 0 1 0 0 1 0 0 1 0 0 1 0 0 1 0 0 1 0 0 1 0 0 1 0 0 1 0 0 1 0 0 1 0 0 1 0 0 1 0 0 1 0 0 1 0 0 1 0 0 1 0 0 1 0 0 1 0 0 1 0 0 1 0 0 1 0 0 1 0 0 1 0 0 1 0 0 1 0 0 1 0 0 1 0 0 1 0 0 1 0 0 1 0 0 1 0 0 1 0 0 1 0 0 1 0 0 1 0 0 1 0 0 1 0 0 1 0 0 1 0 0 1 0 0 1 0 0 1 0 0 1 0 0 1 0 0 1 0 0 1 0 0 1 0 0 1 0 0 1 0 0 1 0 0 1 0 0 1 0 0 1 0 0 1 0 0 1 0 0 1 0 0 1 0 0 1 0 0 1 0 0 1 0 0 1 0 0 1 0 0 1 0 0 1 0 0 1 0 0 1 0 0 1 0 0 1 0 0 1 0 0 1 0 0 1 0 0 1 0 0 1 0 0 1 0 0 1 0 0 1 0 0 1 0 0 1 0 0 1 0 0 1 0 0 1 0 0 1 0 0 1 0 0 1 0 0 1 0 0 1 0 0 1 0 0 1 0 0 1 0 0 1 0 0 1 0 0 1 0 0 1 0 0 1 0 0 1 0 0 1 0 0 1 0 0 1 0 0 1 0 0 1 0 0 1 0 0 1 0 0 1 0 0 1 0 0 1 0 0 1 0 0 1 0 0 1 0 0 1 0 0 1 0 0 1 0 0 1 0 0 1 0 0 1 0 0 1 0 0 1 0 0 1 0 0 1 0 0 1 0 0 1 0 0 1 0 0 1 0 0 1 0 0 1 0 0 1 0 0 1 0 0 1 0 0 1 0 0 1 0 0 1 0 0 1 0 0 1 0 0 1 0 0 1 0 0 1 0 0 1 0 0 1 0 0 1 0 0 1 0 0 1 0 0 1 0 0 1 0 0 1 0 0 1 0 0 1 0 0 1 0 0 1 0 0 1 0 0 1 0 0 1 0 0 1 0 0 1 0 0 1 0 0 1 0 0 1 0 0 1 0 0 1 0 0 1 0 0 1 0 0 1 0 0 1 0 0 1 0 0 1 0 0 1 0 0 1 0 0 1 0 0 1 0 0 1 0 0 1 0 0 1 0 0 1 0 0 1 0 0 1 0 0 1 0 0 1 0 0 1 0 0 1 0 0 1 0 0 1 0 0 1 0 0 1 0 0 1 0 0 1 0 0 1 0 0 1 0 0 1 0 0 1 0 0 1 0 0 1 0 0 1 0 0 1 0 0 1 0 0 1 0 0 1 0 0 1 0 0 1 0 0 1 0 0 1 0 0 1 0 0 1 0 0 1 0 0 1 0 0 1 0 0 1 0 0 1 0 0 1 0 0 1 0 0 1 0 0 1 0 0 1 0 0 1 0 0 1 0 0 1 0 0 1 0 0 1 0.9864178 0.1642558 -0 0.9864178 0.1642558 0 0.5811952 0.8137642 -0 0.5811952 0.8137642 0 0.591505 0.8063014 -0 0.591505 0.8063014 0 0.5520398 0.8338178 0 0.5520398 0.8338178 -0 0.5112953 0.8594051 0 0.5112953 0.8594051 -0 0.4693682 0.8830025 0 0.4693682 0.8830025 -0 0.4263558 0.9045556 0 0.4263558 0.9045556 -0 0.3823529 0.9240164 0 0.3823529 0.9240164 -0 0.3374681 0.941337 0 0.3374681 0.941337 -0 0.2918017 0.9564788 0 0.2918017 0.9564788 -0 0.2454583 0.9694071 0 0.1985493 0.9800909 0 0.2454583 0.9694071 -0 0.1985493 0.9800909 0 0.1511778 0.9885066 0 0.1511778 0.9885066 -0 -0.7073669 0.7068465 0 -0.7073669 0.7068465 0 -0.5814249 0.8136 0 -0.5814249 0.8136 0 -0.8135992 -0.581426 0 -0.8135992 -0.581426 0 0.7071065 0.707107 -0 0.7071065 0.707107 0 -0.806291 0.5915192 0 -0.806291 0.5915192 0 -0.8338066 0.5520566 0 -0.8338066 0.5520566 0 -0.8593927 0.5113161 0 -0.8593927 0.5113161 0 -0.8829884 0.4693949 0 -0.8829884 0.4693949 0 -0.9045419 0.4263848 0 -0.9240021 0.3823875 0 -0.9045419 0.4263848 0 -0.9240021 0.3823875 0 -0.9413226 0.3375083 0 -0.9413226 0.3375083 0 -0.9564658 0.2918447 0 -0.9564658 0.2918447 0 -0.9693944 0.2455085 0 -0.9693944 0.2455085 0 -0.9800802 0.1986021 0 -0.9884976 0.1512362 0 -0.9800802 0.1986021 0 -0.9884976 0.1512362 0 0.8137635 -0.5811962 0 0.8137635 -0.5811962 0 -0.1642426 0.98642 0 -0.1642426 0.98642 0 0.9884081 0.1518198 -0 0.9884081 0.1518198 0 0.9799632 0.1991785 0 0.9799632 0.1991785 -0 0.9692513 0.2460731 0 0.9562955 0.2924019 0 0.9692513 0.2460731 -0 0.9562955 0.2924019 0 0.9411269 0.3380534 0 0.9411269 0.3380534 -0 0.9237816 0.3829199 0 0.9237816 0.3829199 -0 0.9042974 0.4269031 0 0.9042974 0.4269031 -0 0.8827206 0.4698983 0 0.8827206 0.4698983 -0 0.8591024 0.5118036 0 0.8334947 0.5525274 0 0.8591024 0.5118036 -0 0.8334947 0.5525274 0 0.8059589 0.5919714 0 0.8059589 0.5919714 -0 -0.9999999 -0.0004301071 0 -0.9999999 -0.0004301071 0 0.164198 0.9864274 -0 0.164198 0.9864274 0 -0.1642074 -0.9864259 0 -0.1642074 -0.9864259 0 0.9999997 0.0008254048 -0 0.9999997 0.0008254048 0 -0.9884089 -0.1518153 0 -0.9884089 -0.1518153 0 -0.979964 -0.1991744 0 -0.979964 -0.1991744 0 -0.969251 -0.2460742 0 -0.969251 -0.2460742 0 -0.9562945 -0.292405 0 -0.9562945 -0.292405 0 -0.9411255 -0.3380574 0 -0.9237777 -0.3829291 -0 -0.9411255 -0.3380574 0 -0.9042925 -0.4269135 -0 -0.9237777 -0.3829291 0 -0.9042925 -0.4269135 0 -0.8827143 -0.46991 0 -0.8827143 -0.46991 0 -0.8590934 -0.5118189 0 -0.8590934 -0.5118189 0 -0.8334833 -0.5525445 0 -0.8334833 -0.5525445 0 -0.8059459 -0.5919893 0 -0.8059459 -0.5919893 0 0.1642639 -0.9864165 0 0.1642639 -0.9864165 0 -0.8137628 0.5811971 0 -0.8137628 0.5811971 0 0.8062403 -0.5915883 0 0.8062403 -0.5915883 0 0.8337616 -0.5521246 0 0.8337616 -0.5521246 0 0.8593547 -0.51138 0 0.8593547 -0.51138 0 0.8829567 -0.4694544 0 0.8829567 -0.4694544 0 0.9045162 -0.4264393 0 0.9045162 -0.4264393 0 0.9239814 -0.3824373 0 0.9239814 -0.3824373 0 0.9413071 -0.3375513 0 0.9413071 -0.3375513 0 0.956454 -0.2918832 0 0.9693865 -0.2455399 0 0.956454 -0.2918832 0 0.9693865 -0.2455399 0 0.980075 -0.1986278 0 0.980075 -0.1986278 0 0.9884946 -0.1512563 0 0.9884946 -0.1512563 0 -0.706847 -0.7073665 0 -0.706847 -0.7073665 0 0.8136 0.5814249 -0 0.8136 0.5814249 0 0.581427 -0.8135986 0 0.581427 -0.8135986 0 0.7073672 -0.7068463 0 0.7073672 -0.7068463 0 -0.5916024 -0.8062299 0 -0.5916024 -0.8062299 0 -0.5521402 -0.8337513 0 -0.5521402 -0.8337513 0 -0.5114024 -0.8593413 0 -0.5114024 -0.8593413 0 -0.4694794 -0.8829434 0 -0.4694794 -0.8829434 0 -0.4264696 -0.9045019 0 -0.4264696 -0.9045019 0 -0.3824736 -0.9239663 0 -0.3824736 -0.9239663 0 -0.33759 -0.9412932 0 -0.33759 -0.9412932 0 -0.2919292 -0.9564399 0 -0.2455886 -0.9693742 -0 -0.2919292 -0.9564399 0 -0.2455886 -0.9693742 0 -0.198682 -0.980064 0 -0.198682 -0.980064 0 -0.1513131 -0.9884859 0 -0.1513131 -0.9884859 0 -0.581196 -0.8137636 0 -0.581196 -0.8137636 0 -0.9864144 -0.164276 0 -0.9864144 -0.164276 0 0.1518235 -0.9884077 0 0.1518235 -0.9884077 0 0.199187 -0.9799615 0 0.199187 -0.9799615 0 0.2460897 -0.9692471 0 0.2460897 -0.9692471 0 0.2924232 -0.956289 0 0.2924232 -0.956289 0 0.3380798 -0.9411174 0 0.3380798 -0.9411174 0 0.3829531 -0.9237678 0 0.3829531 -0.9237678 0 0.4269404 -0.9042798 0 0.4269404 -0.9042798 0 0.469939 -0.8826988 0 0.5118513 -0.8590741 0 0.469939 -0.8826988 0 0.5118513 -0.8590741 0 0.5525778 -0.8334613 0 0.592025 -0.8059196 0 0.5525778 -0.8334613 0 0.592025 -0.8059196 0 0.0006422995 -0.9999998 0 0.0006422995 -0.9999998 0 0.9864207 -0.1642382 0 0.9864207 -0.1642382 0 0.9996892 -0.02493054 0 0.9996892 -0.02493054 0 0.9972037 -0.07473075 0 0.9972037 -0.07473075 0 0.9922392 -0.1243432 0 0.9922392 -0.1243432 0 0.9848078 -0.1736479 0 0.9848078 -0.1736479 0 0.9749278 -0.2225213 0 0.9749278 -0.2225213 0 0.9626243 -0.2708401 0 0.947927 -0.3184876 0 0.9626243 -0.2708401 0 0.947927 -0.3184876 0 0.9308739 -0.3653407 0 0.9308739 -0.3653407 0 0.9115063 -0.4112862 0 0.9115063 -0.4112862 0 0.8898717 -0.4562109 0 0.8660254 -0.4999999 0 0.8898717 -0.4562109 0 0.8660254 -0.4999999 0 0.840026 -0.5425461 0 0.840026 -0.5425461 0 0.8119375 -0.5837443 0 0.8119375 -0.5837443 0 0.7818317 -0.6234894 0 0.7818317 -0.6234894 0 0.7497814 -0.6616855 0 0.7497814 -0.6616855 0 0.7158666 -0.6982371 0 0.7158666 -0.6982371 0 0.6801724 -0.7330521 0 0.6427878 -0.7660442 0 0.6801724 -0.7330521 0 0.6427878 -0.7660442 0 0.6038044 -0.7971324 0 0.6038044 -0.7971324 0 0.5633197 -0.826239 0 0.5214354 -0.8532907 0 0.5633197 -0.826239 0 0.4782534 -0.8782219 0 0.5214354 -0.8532907 0 0.4782534 -0.8782219 0 0.4338846 -0.9009684 0 0.4338846 -0.9009684 0 0.3884351 -0.9214761 0 0.3884351 -0.9214761 0 0.3420203 -0.9396926 0 0.3420203 -0.9396926 0 0.2947552 -0.9555728 0 0.2947552 -0.9555728 0 0.2467564 -0.9690775 0 0.2467564 -0.9690775 0 0.1981471 -0.9801723 0 0.1981471 -0.9801723 0 0.1490408 -0.9888311 0 0.1490408 -0.9888311 0 0.09956912 -0.9950307 0 0.09956912 -0.9950307 0 0.04984543 -0.998757 0 0.04984543 -0.998757 0 0 -1 0 -0.04984543 -0.998757 0 -0 -1 -0 -0.04984543 -0.998757 0 -0.09956912 -0.9950307 0 -0.09956912 -0.9950307 -0 -0.1490408 -0.9888311 0 -0.1490408 -0.9888311 -0 -0.1981471 -0.9801723 0 -0.1981471 -0.9801723 -0 -0.2467564 -0.9690775 0 -0.2467564 -0.9690775 -0 -0.2947552 -0.9555728 -0 -0.2947552 -0.9555728 0 -0.3420203 -0.9396926 -0 -0.3420203 -0.9396926 0 -0.3884351 -0.9214761 -0 -0.3884351 -0.9214761 0 -0.4338846 -0.9009684 -0 -0.4338846 -0.9009684 0 -0.4782534 -0.8782219 -0 -0.4782534 -0.8782219 0 -0.5214354 -0.8532907 -0 -0.5214354 -0.8532907 0 -0.5633197 -0.826239 -0 -0.5633197 -0.826239 0 -0.6038044 -0.7971324 -0 -0.6038044 -0.7971324 0 -0.6427878 -0.7660442 -0 -0.6427878 -0.7660442 0 -0.6801724 -0.7330521 -0 -0.6801724 -0.7330521 0 -0.7158666 -0.6982371 0 -0.7158666 -0.6982371 -0 -0.7497814 -0.6616855 0 -0.7497814 -0.6616855 -0 -0.7818317 -0.6234894 0 -0.7818317 -0.6234894 -0 -0.8119375 -0.5837443 0 -0.8119375 -0.5837443 -0 -0.840026 -0.5425461 0 -0.8660254 -0.4999999 0 -0.840026 -0.5425461 -0 -0.8660254 -0.4999999 0 -0.8898717 -0.4562109 0 -0.8898717 -0.4562109 -0 -0.9115063 -0.4112862 0 -0.9115063 -0.4112862 -0 -0.9308739 -0.3653407 0 -0.9308739 -0.3653407 -0 -0.947927 -0.3184876 0 -0.947927 -0.3184876 -0 -0.9626243 -0.2708401 0 -0.9626243 -0.2708401 -0 -0.9749278 -0.2225213 0 -0.9749278 -0.2225213 -0 -0.9848078 -0.1736479 0 -0.9848078 -0.1736479 -0 -0.9922392 -0.1243432 0 -0.9922392 -0.1243432 -0 -0.9972037 -0.07473075 -0 -0.9972037 -0.07473075 0 -0.9996892 -0.02493054 -0 -0.9996892 -0.02493054 0 -0.9996892 0.02493054 0 -0.9996892 0.02493054 0 -0.9972037 0.07473075 0 -0.9972037 0.07473075 0 -0.9922392 0.1243432 0 -0.9922392 0.1243432 0 -0.9848078 0.1736479 0 -0.9848078 0.1736479 0 -0.9749278 0.2225213 0 -0.9749278 0.2225213 0 -0.9626243 0.2708401 0 -0.9626243 0.2708401 0 -0.947927 0.3184876 0 -0.947927 0.3184876 0 -0.9308739 0.3653407 0 -0.9308739 0.3653407 0 -0.9115063 0.4112862 0 -0.9115063 0.4112862 0 -0.8898717 0.4562109 0 -0.8898717 0.4562109 0 -0.8660254 0.4999999 0 -0.8660254 0.4999999 0 -0.840026 0.5425461 0 -0.840026 0.5425461 0 -0.8119375 0.5837443 0 -0.8119375 0.5837443 0 -0.7818317 0.6234894 0 -0.7818317 0.6234894 0 -0.7497814 0.6616855 0 -0.7497814 0.6616855 0 -0.7158666 0.6982371 0 -0.7158666 0.6982371 0 -0.6801724 0.7330521 0 -0.6801724 0.7330521 0 -0.6427878 0.7660442 0 -0.6427878 0.7660442 0 -0.6038044 0.7971324 0 -0.6038044 0.7971324 0 -0.5633197 0.826239 0 -0.5633197 0.826239 0 -0.5214354 0.8532907 0 -0.5214354 0.8532907 0 -0.4782534 0.8782219 0 -0.4782534 0.8782219 0 -0.4338846 0.9009684 0 -0.4338846 0.9009684 0 -0.3884351 0.9214761 0 -0.3884351 0.9214761 0 -0.3420203 0.9396926 0 -0.3420203 0.9396926 0 -0.2947552 0.9555728 0 -0.2947552 0.9555728 0 -0.2467564 0.9690775 0 -0.2467564 0.9690775 0 -0.1981471 0.9801723 0 -0.1981471 0.9801723 0 -0.1490408 0.9888311 0 -0.1490408 0.9888311 0 -0.09956912 0.9950307 0 -0.09956912 0.9950307 0 -0.04984543 0.998757 0 -0.04984543 0.998757 0 -0 1 0 0 1 0 0.04984543 0.998757 0 0.04984543 0.998757 0 0.09956912 0.9950307 0 0.09956912 0.9950307 0 0.1490408 0.9888311 0 0.1490408 0.9888311 0 0.1981471 0.9801723 0 0.1981471 0.9801723 0 0.2467564 0.9690775 0 0.2467564 0.9690775 0 0.2947552 0.9555728 0 0.2947552 0.9555728 0 0.3420203 0.9396926 0 0.3420203 0.9396926 0 0.3884351 0.9214761 0 0.3884351 0.9214761 0 0.4338846 0.9009684 0 0.4338846 0.9009684 0 0.4782534 0.8782219 0 0.4782534 0.8782219 0 0.5214354 0.8532907 0 0.5214354 0.8532907 0 0.5633197 0.826239 0 0.5633197 0.826239 0 0.6038044 0.7971324 0 0.6038044 0.7971324 0 0.6427878 0.7660442 0 0.6427878 0.7660442 0 0.6801724 0.7330521 0 0.6801724 0.7330521 0 0.7158666 0.6982371 0 0.7158666 0.6982371 0 0.7497814 0.6616855 0 0.7497814 0.6616855 0 0.7818317 0.6234894 0 0.7818317 0.6234894 0 0.8119375 0.5837443 0 0.8119375 0.5837443 0 0.840026 0.5425461 0 0.840026 0.5425461 0 0.8660254 0.4999999 0 0.8660254 0.4999999 0 0.8898717 0.4562109 0 0.8898717 0.4562109 0 0.9115063 0.4112862 0 0.9115063 0.4112862 0 0.9308739 0.3653407 0 0.9308739 0.3653407 0 0.947927 0.3184876 0 0.947927 0.3184876 0 0.9626243 0.2708401 0 0.9626243 0.2708401 0 0.9749278 0.2225213 0 0.9749278 0.2225213 0 0.9848078 0.1736479 0 0.9848078 0.1736479 0 0.9922392 0.1243432 0 0.9922392 0.1243432 0 0.9972037 0.07473075 0 0.9972037 0.07473075 0 0.9996892 0.02493054 0 0.9996892 0.02493054 0 0.9996892 0.02493054 -0 0.9996892 0.02493054 0 0.9972037 0.07473075 0 0.9972037 0.07473075 -0 0.9922392 0.1243432 0 0.9922392 0.1243432 -0 0.9848078 0.1736479 0 0.9848078 0.1736479 -0 0.9749278 0.2225213 0 0.9749278 0.2225213 -0 0.9626243 0.2708401 0 0.9626243 0.2708401 -0 0.947927 0.3184876 0 0.947927 0.3184876 -0 0.9308739 0.3653407 0 0.9308739 0.3653407 -0 0.9115063 0.4112862 0 0.9115063 0.4112862 -0 0.8898717 0.4562109 0 0.8898717 0.4562109 -0 0.8660254 0.4999999 -0 0.8660254 0.4999999 0 0.840026 0.5425461 -0 0.840026 0.5425461 0 0.8119375 0.5837443 -0 0.8119375 0.5837443 0 0.7818317 0.6234894 0 0.7818317 0.6234894 0 0.7497814 0.6616855 0 0.7497814 0.6616855 0 0.7158666 0.6982371 -0 0.7158666 0.6982371 0 0.6801724 0.7330521 0 0.6801724 0.7330521 0 0.6427878 0.7660442 0 0.6427878 0.7660442 -0 0.6038044 0.7971324 0 0.6038044 0.7971324 -0 0.5633197 0.826239 0 0.5633197 0.826239 -0 0.5214354 0.8532907 0 0.5214354 0.8532907 -0 0.4782534 0.8782219 0 0.4782534 0.8782219 -0 0.4338846 0.9009684 0 0.4338846 0.9009684 -0 0.3884351 0.9214761 0 0.3884351 0.9214761 -0 0.3420203 0.9396926 0 0.3420203 0.9396926 -0 0.2947552 0.9555728 0 0.2947552 0.9555728 -0 0.2467564 0.9690775 0 0.2467564 0.9690775 -0 0.1981471 0.9801723 0 0.1981471 0.9801723 -0 0.1490408 0.9888311 0 0.1490408 0.9888311 -0 0.09956912 0.9950307 0 0.09956912 0.9950307 -0 0.04984543 0.998757 0 0.04984543 0.998757 -0 0 1 0 0 1 -0 -0.04984543 0.998757 0 -0.09956912 0.9950307 0 -0.04984543 0.998757 0 -0.09956912 0.9950307 0 -0.1490408 0.9888311 0 -0.1490408 0.9888311 0 -0.1981471 0.9801723 0 -0.1981471 0.9801723 0 -0.2467564 0.9690775 0 -0.2467564 0.9690775 0 -0.2947552 0.9555728 0 -0.2947552 0.9555728 0 -0.3420203 0.9396926 0 -0.3420203 0.9396926 0 -0.3884351 0.9214761 0 -0.3884351 0.9214761 0 -0.4338846 0.9009684 0 -0.4338846 0.9009684 0 -0.4782534 0.8782219 0 -0.4782534 0.8782219 0 -0.5214354 0.8532907 0 -0.5214354 0.8532907 0 -0.5633197 0.826239 0 -0.5633197 0.826239 0 -0.6038044 0.7971324 0 -0.6038044 0.7971324 0 -0.6427878 0.7660442 0 -0.6427878 0.7660442 0 -0.6801724 0.7330521 0 -0.6801724 0.7330521 0 -0.7158666 0.6982371 0 -0.7158666 0.6982371 0 -0.7497814 0.6616855 0 -0.7497814 0.6616855 0 -0.7818317 0.6234894 0 -0.7818317 0.6234894 0 -0.8119375 0.5837443 0 -0.8119375 0.5837443 0 -0.840026 0.5425461 0 -0.8660254 0.4999999 0 -0.840026 0.5425461 0 -0.8660254 0.4999999 0 -0.8898717 0.4562109 0 -0.8898717 0.4562109 0 -0.9115063 0.4112862 0 -0.9115063 0.4112862 0 -0.9308739 0.3653407 0 -0.9308739 0.3653407 0 -0.947927 0.3184876 0 -0.947927 0.3184876 0 -0.9626243 0.2708401 0 -0.9626243 0.2708401 0 -0.9749278 0.2225213 0 -0.9749278 0.2225213 0 -0.9848078 0.1736479 0 -0.9848078 0.1736479 0 -0.9922392 0.1243432 0 -0.9922392 0.1243432 0 -0.9972037 0.07473075 0 -0.9972037 0.07473075 0 -0.9996892 0.02493054 0 -0.9996892 0.02493054 0 -0.9996892 -0.02493054 0 -0.9996892 -0.02493054 0 -0.9972037 -0.07473075 0 -0.9972037 -0.07473075 0 -0.9922392 -0.1243432 0 -0.9922392 -0.1243432 0 -0.9848078 -0.1736479 0 -0.9848078 -0.1736479 0 -0.9749278 -0.2225213 0 -0.9749278 -0.2225213 0 -0.9626243 -0.2708401 0 -0.9626243 -0.2708401 0 -0.947927 -0.3184876 0 -0.947927 -0.3184876 0 -0.9308739 -0.3653407 0 -0.9308739 -0.3653407 0 -0.9115063 -0.4112862 0 -0.9115063 -0.4112862 0 -0.8898717 -0.4562109 0 -0.8898717 -0.4562109 0 -0.8660254 -0.4999999 0 -0.8660254 -0.4999999 0 -0.840026 -0.5425461 0 -0.840026 -0.5425461 0 -0.8119375 -0.5837443 0 -0.8119375 -0.5837443 0 -0.7818317 -0.6234894 0 -0.7818317 -0.6234894 0 -0.7497814 -0.6616855 0 -0.7497814 -0.6616855 0 -0.7158666 -0.6982371 0 -0.7158666 -0.6982371 0 -0.6801724 -0.7330521 0 -0.6801724 -0.7330521 0 -0.6427878 -0.7660442 0 -0.6427878 -0.7660442 0 -0.6038044 -0.7971324 0 -0.6038044 -0.7971324 0 -0.5633197 -0.826239 0 -0.5633197 -0.826239 0 -0.5214354 -0.8532907 0 -0.5214354 -0.8532907 0 -0.4782534 -0.8782219 0 -0.4782534 -0.8782219 0 -0.4338846 -0.9009684 0 -0.4338846 -0.9009684 0 -0.3884351 -0.9214761 0 -0.3884351 -0.9214761 0 -0.3420203 -0.9396926 0 -0.3420203 -0.9396926 0 -0.2947552 -0.9555728 0 -0.2947552 -0.9555728 0 -0.2467564 -0.9690775 0 -0.2467564 -0.9690775 0 -0.1981471 -0.9801723 0 -0.1981471 -0.9801723 0 -0.1490408 -0.9888311 0 -0.1490408 -0.9888311 0 -0.09956912 -0.9950307 0 -0.09956912 -0.9950307 0 -0.04984543 -0.998757 0 -0.04984543 -0.998757 0 0 -1 0 0 -1 0 0.04984543 -0.998757 0 0.04984543 -0.998757 0 0.09956912 -0.9950307 0 0.09956912 -0.9950307 0 0.1490408 -0.9888311 0 0.1490408 -0.9888311 0 0.1981471 -0.9801723 0 0.1981471 -0.9801723 0 0.2467564 -0.9690775 0 0.2467564 -0.9690775 0 0.2947552 -0.9555728 0 0.2947552 -0.9555728 0 0.3420203 -0.9396926 0 0.3420203 -0.9396926 0 0.3884351 -0.9214761 0 0.3884351 -0.9214761 0 0.4338846 -0.9009684 0 0.4338846 -0.9009684 0 0.4782534 -0.8782219 0 0.4782534 -0.8782219 0 0.5214354 -0.8532907 0 0.5214354 -0.8532907 0 0.5633197 -0.826239 0 0.5633197 -0.826239 0 0.6038044 -0.7971324 0 0.6038044 -0.7971324 0 0.6427878 -0.7660442 0 0.6427878 -0.7660442 0 0.6801724 -0.7330521 0 0.6801724 -0.7330521 0 0.7158666 -0.6982371 0 0.7158666 -0.6982371 0 0.7497814 -0.6616855 0 0.7497814 -0.6616855 0 0.7818317 -0.6234894 0 0.7818317 -0.6234894 0 0.8119375 -0.5837443 0 0.8119375 -0.5837443 0 0.840026 -0.5425461 0 0.840026 -0.5425461 0 0.8660254 -0.4999999 0 0.8660254 -0.4999999 0 0.8898717 -0.4562109 0 0.8898717 -0.4562109 0 0.9115063 -0.4112862 0 0.9115063 -0.4112862 0 0.9308739 -0.3653407 0 0.9308739 -0.3653407 0 0.947927 -0.3184876 0 0.947927 -0.3184876 0 0.9626243 -0.2708401 0 0.9626243 -0.2708401 0 0.9749278 -0.2225213 0 0.9749278 -0.2225213 0 0.9848078 -0.1736479 0 0.9848078 -0.1736479 0 0.9922392 -0.1243432 0 0.9922392 -0.1243432 0 0.9972037 -0.07473075 0 0.9972037 -0.07473075 0 0.9996892 -0.02493054 0 0.9996892 -0.02493054 0 0 0 -1 0 0 -1 0 0 -1 0 -0 -1 0 0 -1 0 0 -1 0 -0 -1 0 0 -1 0 0 -1 0 0 -1 0 0 -1 0 -0 -1 0 0 -1 0 0 -1 0 0 -1 0 -0 -1 0 0 -1 0 0 -1 0 0 -1 0 0 -1 0 -0 -1 0 0 -1 0 0 -1 0 0 -1 0 -0 -1 0 0 -1 0 0 -1 0 0 -1 0 -0 -1 0 0 -1 0 0 -1 0 -0 -1 0 0 -1 0 0 -1 0 -0 -1 0 0 -1 0 0 -1 0 0 -1 0 -0 -1 0 0 -1 0 0 -1 0 0 -1 0 0 -1 0 -0 -1 0 0 -1 0 0 -1 0 -0 -1 0 0 -1 0 0 -1 0 0 -1 0 0 -1 0 0 -1 0 -0 -1 0 0 -1 0 0 -1 0 0 -1 0 0 -1 0 -0 -1 0 0 -1 0 0 -1 0 0 -1 0 0 -1 0 0 -1 0 0 -1 0 -0 -1 0 -0 -1 0 -0 -1 0 0 -1 0 0 -1 0 0 -1 0 0 -1 0 0 -1 0 -0 -1 0 0 -1 0 0 -1 0 0 -1 0 0 -1 0 0 -1 0 -0 -1 0 -0 -1 0 0 -1 0 0 -1 0 0 -1 0 0 -1 0 0 -1 0 -0 -1 0 0 -1 0 0 -1 0 0 -1 0 -0 -1 0 0 -1 0 0 -1 0 0 -1 0 -0 -1 0 0 -1 0 0 -1 0 0 -1 0 0 -1 0 -0 -1 0 -0 -1 0 0 -1 0 0 -1 0 0 -1 0 0 -1 0 0 -1 0 0 -1 0 -0 -1 0 0 -1 0 0 -1 0 0 -1 0 -0 -1 0 0 -1 0 0 -1 0 -0 -1 0 0 -1 0 0 -1 0 -0 -1 0 0 -1 0 0 -1 0 0 -1 0 0 -1 0 0 -1 0 0 -1 0 0 -1 0 0 -1 0 0 -1 0 0 -1 0 -0 -1 0 0 -1 0 0 -1 0 0 -1 0 0 -1 0 0 -1 0 0 -1 0 0 -1 0 -0 -1 0 0 -1 0 0 -1 0 0 -1 0 -0 -1 0 0 -1 0 0 -1 0 0 -1 0 0 -1 0 0 -1 0 0 -1 0 -0 -1 0 0 -1 0 0 -1 0 0 -1 0 0 -1 0 0 -1 0 -0 -1 0 0 -1 0 -0 -1 0 0 -1 0 0 -1 0 0 -1 0 -0 -1 0 -0 -1 0 0 -1 0 0 -1 0 0 -1 0 0 -1 0 0 -1 0 0 -1 0 -0 -1 0 0 -1 0 0 -1 0 0 -1 0 -0 -1 0 0 -1 0 0 -1 0 0 -1 0 0 -1 0 -0 -1 0 0 -1 0 0 -1 0 0 -1 0 -0 -1 0 0 -1 0 0 -1 0 0 -1 0 -0 -1 0 -0 -1 0 0 -1 0 0 -1 0 0 -1 0 0 -1 0 0 -1 0 0 -1 0 0 -1 0 0 -1 0 0 -1 0 0 -1 0 0 -1 0 0 -1 0 0 -1 0 -0 -1 0 0 -1 0 0 -1 0 0 -1 0 0 -1 0 0 -1 0 0 -1 0 -0 -1 0 0 -1 0 0 -1 0 0 -1 0 -0 -1 0 0 -1 0 0 -1 0 0 -1 0 -0 -1 0 0 -1 0 0 -1 0 0 -1 0 0 -1 0 -0 -1 0 0 -1 0 0 -1 0 0 -1 0 0 -1 0 -0 -1 0 0 -1 0 -0 -1 0 0 -1 0 0 -1 0 0 -1 0 0 -1 0 -0 -1 0 0 -1 0 0 -1 0 0 -1 0 -0 -1 0 0 -1 0 0 -1 0 0 -1 0 -0 -1 0 0 -1 0 0 -1 0 -0 -1 0 0 -1 0 0 -1 0 0 -1 0 0 -1 0 -0 -1 0 0 -1 0 0 -1 0 0 -1 0 0 -1 0 -0 -1 0 0 1 0 0 1 0 0 1 0 0 1 0 0 1 0 0 1 0 0 1 0 0 1 0 0 1 0 0 1 0 0 1 0 0 1 0 0 1 0 0 1 0 0 1 0 0 1 0 0 1 0 0 1 0 0 1 0 0 1 0 0 1 0 0 1 0 0 1 0 0 1 0 0 1 0 0 1 0 0 1 0 0 1 0 0 1 0 0 1 0 0 1 0 0 1 0 0 1 0 0 1 0 0 1 0 0 1 0 0 1 0 0 1 0 0 1 0 0 1 0 0 1 0 0 1 0 0 1 0 0 1 0 0 1 0 0 1 0 0 1 0 0 1 0 0 1 0 0 1 0 0 1 0 0 1 0 0 1 0 0 1 0 0 1 0 0 1 0 0 1 0 0 1 0 0 1 0 0 1 0 0 1 0 0 1 0 0 1 0 0 1 0 0 1 0 0 1 0 0 1 0 0 1 0 0 1 0 0 1 0 0 1 0 0 1 0 0 1 0 0 1 0 0 1 0 0 1 0 0 1 0 0 1 0 0 1 0 0 1 0 0 1 0 0 1 0 0 1 0 0 1 0 0 1 0 0 1 0 0 1 0 0 1 0 0 1 0 0 1 0 0 1 0 0 1 0 0 1 0 0 1 0 0 1 0 0 1 0 0 1 0 0 1 0 0 1 0 0 1 0 0 1 0 0 1 0 0 1 0 0 1 0 0 1 0 0 1 0 0 1 0 0 1 0 0 1 0 0 1 0 0 1 0 0 1 0 0 1 0 0 1 0 0 1 0 0 1 0 0 1 0 0 1 0 0 1 0 0 1 0 0 1 0 0 1 0 0 1 0 0 1 0 0 1 0 0 1 0 0 1 0 0 1 0 0 1 0 0 1 0 0 1 0 0 1 0 0 1 0 0 1 0 0 1 0 0 1 0 0 1 0 0 1 0 0 1 0 0 1 0 0 1 0 0 1 0 0 1 0 0 1 0 0 1 0 0 1 0 0 1 0 0 1 0 0 1 0 0 1 0 0 1 0 0 1 0 0 1 0 0 1 0 0 1 0 0 1 0 0 1 0 0 1 0 0 1 0 0 1 0 0 1 0 0 1 0 0 1 0 0 1 0 0 1 0 0 1 0 0 1 0 0 1 0 0 1 0 0 1 0 0 1 0 0 1 0 0 1 0 0 1 0 0 1 0 0 1 0 0 1 0 0 1 0 0 1 0 0 1 0 0 1 0 0 1 0 0 1 0 0 1 0 0 1 0 0 1 0 0 1 0 0 1 0 0 1 0 0 1 0 0 1 0 0 1 0 0 1 0 0 1 0 0 1 0 0 1 0 0 1 0 0 1 0 0 1 0 0 1 0 0 1 0 0 1 0 0 1 0 0 1 0 0 1 0 0 1 0 0 1 0 0 1 0 0 1 0 0 1 0 0 1 0 0 1 0 0 1 0 0 1 0 0 1 0 0 1 0 0 1 0 0 1 0 0 1 0 0 1 0 0 1 0 0 1 0 0 1 0 0 1 0 0 1 0 0 1 0 0 1 0 0 1 0 0 1 0 0 1 0 0 1 0 0 1 0 0 1 0 0 1 0 0 1 0 0 1 0 0 1 0 0 1 0 0 1 0 0 1 0 0 1 0 0 1 0 0 1 0 0 1 0 0 1 0 0 1 0 0 1 0 0 1 0 0 1 0 0 1 0 0 1 0 0 1 0.9996892 -0.02493035 0 0.9972038 -0.07472941 0 0.9996892 -0.02493035 0 0.9972038 -0.07472941 0 0.9922389 -0.1243457 0 0.9848079 -0.1736475 0 0.9922389 -0.1243457 0 0.9848079 -0.1736475 0 0.9749281 -0.22252 0 0.9749281 -0.22252 0 0.9626238 -0.270842 0 0.9626238 -0.270842 0 0.9479275 -0.3184862 0 0.9308742 -0.3653398 0 0.9479275 -0.3184862 0 0.9308742 -0.3653398 0 0.9115055 -0.4112879 0 0.9115055 -0.4112879 0 0.8898717 -0.4562107 0 0.8660254 -0.5000002 0 0.8898717 -0.4562107 0 0.8660254 -0.5000002 0 0.8400261 -0.542546 0 0.8400261 -0.542546 0 0.8119379 -0.5837439 0 0.8119379 -0.5837439 0 0.7818317 -0.6234896 0 0.7818317 -0.6234896 0 0.7497814 -0.6616857 0 0.7497814 -0.6616857 0 0.7158665 -0.6982372 0 0.7158665 -0.6982372 0 0.6801726 -0.7330521 0 0.6801726 -0.7330521 0 0.6427878 -0.7660443 0 0.6427878 -0.7660443 0 0.6038047 -0.7971322 0 0.6038047 -0.7971322 0 0.5633196 -0.8262392 0 0.5214353 -0.8532908 0 0.5633196 -0.8262392 0 0.5214353 -0.8532908 0 0.4782542 -0.8782215 0 0.4782542 -0.8782215 0 0.4338828 -0.9009693 0 0.4338828 -0.9009693 0 0.388436 -0.9214758 0 0.388436 -0.9214758 0 0.3420202 -0.9396926 0 0.3420202 -0.9396926 0 0.2947545 -0.955573 0 0.2947545 -0.955573 0 0.2467575 -0.9690772 0 0.1981464 -0.9801724 0 0.2467575 -0.9690772 0 0.1981464 -0.9801724 0 0.1490423 -0.9888309 0 0.09956837 -0.9950307 0 0.1490423 -0.9888309 0 0.09956837 -0.9950307 0 0.04984582 -0.9987569 0 0.04984582 -0.9987569 0 0 -1 0 -0.04984582 -0.9987569 0 -0 -1 -0 -0.04984582 -0.9987569 0 -0.09956837 -0.9950307 0 -0.1490423 -0.9888309 0 -0.09956837 -0.9950307 -0 -0.1490423 -0.9888309 0 -0.1981464 -0.9801724 -0 -0.1981464 -0.9801724 0 -0.2467575 -0.9690772 0 -0.2467575 -0.9690772 -0 -0.2947545 -0.955573 -0 -0.2947545 -0.955573 0 -0.3420202 -0.9396926 -0 -0.3420202 -0.9396926 0 -0.388436 -0.9214758 0 -0.388436 -0.9214758 0 -0.4338828 -0.9009693 -0 -0.4338828 -0.9009693 0 -0.4782542 -0.8782215 -0 -0.4782542 -0.8782215 0 -0.5214353 -0.8532908 -0 -0.5214353 -0.8532908 0 -0.5633196 -0.8262392 -0 -0.5633196 -0.8262392 0 -0.6038047 -0.7971322 -0 -0.6038047 -0.7971322 0 -0.6427878 -0.7660443 -0 -0.6427878 -0.7660443 0 -0.6801726 -0.7330521 -0 -0.6801726 -0.7330521 0 -0.7158665 -0.6982372 0 -0.7158665 -0.6982372 0 -0.7497814 -0.6616857 0 -0.7497814 -0.6616857 0 -0.7818317 -0.6234896 0 -0.7818317 -0.6234896 -0 -0.8119379 -0.5837439 0 -0.8119379 -0.5837439 -0 -0.8400261 -0.542546 0 -0.8660254 -0.5000002 0 -0.8400261 -0.542546 -0 -0.8898717 -0.4562107 0 -0.8660254 -0.5000002 0 -0.8898717 -0.4562107 0 -0.9115055 -0.4112879 0 -0.9308742 -0.3653398 0 -0.9115055 -0.4112879 -0 -0.9308742 -0.3653398 0 -0.9479275 -0.3184862 0 -0.9479275 -0.3184862 -0 -0.9626238 -0.270842 0 -0.9749281 -0.22252 0 -0.9626238 -0.270842 -0 -0.9749281 -0.22252 0 -0.9848079 -0.1736475 0 -0.9848079 -0.1736475 -0 -0.9922389 -0.1243457 0 -0.9972038 -0.07472941 0 -0.9922389 -0.1243457 -0 -0.9972038 -0.07472941 0 -0.9996892 -0.02493035 -0 -0.9996892 -0.02493035 0 -0.9996892 0.02493035 0 -0.9996892 0.02493035 0 -0.9972038 0.07472941 0 -0.9972038 0.07472941 0 -0.9922389 0.1243457 0 -0.9922389 0.1243457 0 -0.9848079 0.1736475 0 -0.9848079 0.1736475 0 -0.9749281 0.22252 0 -0.9749281 0.22252 0 -0.9626238 0.270842 0 -0.9626238 0.270842 0 -0.9479275 0.3184862 0 -0.9479275 0.3184862 0 -0.9308742 0.3653398 0 -0.9308742 0.3653398 0 -0.9115055 0.4112879 0 -0.9115055 0.4112879 0 -0.8898717 0.4562107 0 -0.8898717 0.4562107 0 -0.8660254 0.5000002 0 -0.8660254 0.5000002 0 -0.8400261 0.542546 0 -0.8400261 0.542546 0 -0.8119379 0.5837439 0 -0.8119379 0.5837439 0 -0.7818317 0.6234896 0 -0.7818317 0.6234896 0 -0.7497814 0.6616857 0 -0.7497814 0.6616857 0 -0.7158665 0.6982372 0 -0.7158665 0.6982372 0 -0.6801726 0.7330521 0 -0.6801726 0.7330521 0 -0.6427878 0.7660443 0 -0.6427878 0.7660443 0 -0.6038047 0.7971322 0 -0.6038047 0.7971322 0 -0.5633196 0.8262392 0 -0.5633196 0.8262392 0 -0.5214353 0.8532908 0 -0.5214353 0.8532908 0 -0.4782542 0.8782215 0 -0.4782542 0.8782215 0 -0.4338828 0.9009693 0 -0.4338828 0.9009693 0 -0.388436 0.9214758 0 -0.388436 0.9214758 0 -0.3420202 0.9396926 0 -0.3420202 0.9396926 0 -0.2947545 0.955573 0 -0.2947545 0.955573 0 -0.2467575 0.9690772 0 -0.2467575 0.9690772 0 -0.1981464 0.9801724 0 -0.1981464 0.9801724 0 -0.1490423 0.9888309 0 -0.1490423 0.9888309 0 -0.09956837 0.9950307 0 -0.09956837 0.9950307 0 -0.04984582 0.9987569 0 -0.04984582 0.9987569 0 -0 1 0 0 1 0 0.04984582 0.9987569 -0 0.04984582 0.9987569 0 0.09956837 0.9950307 0 0.09956837 0.9950307 0 0.1490423 0.9888309 0 0.1490423 0.9888309 0 0.1981464 0.9801724 0 0.1981464 0.9801724 0 0.2467575 0.9690772 0 0.2467575 0.9690772 0 0.2947545 0.955573 0 0.2947545 0.955573 0 0.3420202 0.9396926 0 0.3420202 0.9396926 0 0.388436 0.9214758 0 0.388436 0.9214758 0 0.4338828 0.9009693 0 0.4782542 0.8782215 -0 0.4338828 0.9009693 0 0.4782542 0.8782215 0 0.5214353 0.8532908 0 0.5214353 0.8532908 0 0.5633196 0.8262392 0 0.5633196 0.8262392 0 0.6038047 0.7971322 0 0.6038047 0.7971322 0 0.6427878 0.7660443 0 0.6427878 0.7660443 0 0.6801726 0.7330521 0 0.6801726 0.7330521 0 0.7158665 0.6982372 0 0.7497814 0.6616857 -0 0.7158665 0.6982372 0 0.7818317 0.6234896 -0 0.7497814 0.6616857 0 0.7818317 0.6234896 0 0.8119379 0.5837439 0 0.8119379 0.5837439 0 0.8400261 0.542546 0 0.8400261 0.542546 0 0.8660254 0.5000002 0 0.8660254 0.5000002 0 0.8898717 0.4562107 0 0.8898717 0.4562107 0 0.9115055 0.4112879 0 0.9115055 0.4112879 0 0.9308742 0.3653398 0 0.9308742 0.3653398 0 0.9479275 0.3184862 0 0.9479275 0.3184862 0 0.9626238 0.270842 0 0.9626238 0.270842 0 0.9749281 0.22252 0 0.9749281 0.22252 0 0.9848079 0.1736475 0 0.9848079 0.1736475 0 0.9922389 0.1243457 0 0.9922389 0.1243457 0 0.9972038 0.07472941 0 0.9972038 0.07472941 0 0.9996892 0.02493035 0 0.9996892 0.02493035 0 0.9996892 0.02493035 0 0.9996892 0.02493035 0 0.9972038 0.07472941 0 0.9972038 0.07472941 -0 0.992239 0.1243457 0 0.9848079 0.1736475 0 0.992239 0.1243457 -0 0.9848079 0.1736475 0 0.9749281 0.22252 0 0.9749281 0.22252 -0 0.9626238 0.270842 0 0.9626238 0.270842 -0 0.9479275 0.3184862 0 0.9479275 0.3184862 -0 0.9308742 0.3653398 0 0.9308742 0.3653398 -0 0.9115055 0.4112879 0 0.9115055 0.4112879 -0 0.8898718 0.4562107 0 0.8898718 0.4562107 -0 0.8660253 0.5000001 -0 0.8660253 0.5000001 0 0.8400261 0.542546 -0 0.8400261 0.542546 0 0.8119379 0.5837439 0 0.8119379 0.5837439 0 0.7818316 0.6234896 -0 0.7818316 0.6234896 0 0.7497813 0.6616857 0 0.7158665 0.6982371 0 0.7497813 0.6616857 -0 0.6801726 0.733052 0 0.7158665 0.6982371 0 0.6801726 0.733052 0 0.6427877 0.7660443 0 0.6427877 0.7660443 -0 0.6038047 0.7971323 0 0.6038047 0.7971323 -0 0.5633196 0.8262391 0 0.5214354 0.8532909 0 0.5633196 0.8262391 -0 0.5214354 0.8532909 0 0.4782542 0.8782215 0 0.4782542 0.8782215 -0 0.4338829 0.9009693 0 0.4338829 0.9009693 -0 0.3884359 0.9214757 0 0.3884359 0.9214757 -0 0.3420202 0.9396926 0 0.2947545 0.955573 0 0.3420202 0.9396926 -0 0.2467575 0.9690772 0 0.2947545 0.955573 0 0.1981464 0.9801725 0 0.2467575 0.9690772 0 0.1981464 0.9801725 0 0.1490423 0.9888308 0 0.09956837 0.9950308 0 0.1490423 0.9888308 -0 0.09956837 0.9950308 0 0.04984582 0.9987569 0 0 1 0 0.04984582 0.9987569 -0 0 1 0 -0.04984582 0.9987569 0 -0.04984582 0.9987569 0 -0.09956837 0.9950308 0 -0.1490423 0.9888308 0 -0.09956837 0.9950308 0 -0.1490423 0.9888308 0 -0.1981464 0.9801725 0 -0.1981464 0.9801725 0 -0.2467575 0.9690772 0 -0.2467575 0.9690772 0 -0.2947545 0.955573 0 -0.2947545 0.955573 0 -0.3420202 0.9396926 0 -0.3420202 0.9396926 0 -0.3884359 0.9214757 0 -0.3884359 0.9214757 0 -0.4338829 0.9009693 0 -0.4338829 0.9009693 0 -0.4782542 0.8782215 0 -0.4782542 0.8782215 0 -0.5214354 0.8532909 0 -0.5214354 0.8532909 0 -0.5633196 0.8262391 0 -0.5633196 0.8262391 0 -0.6038047 0.7971323 0 -0.6038047 0.7971323 0 -0.6427877 0.7660443 0 -0.6427877 0.7660443 0 -0.6801726 0.733052 0 -0.6801726 0.733052 0 -0.7158665 0.6982371 0 -0.7158665 0.6982371 0 -0.7497813 0.6616857 0 -0.7497813 0.6616857 0 -0.7818316 0.6234896 0 -0.7818316 0.6234896 0 -0.8119379 0.5837439 0 -0.8119379 0.5837439 0 -0.8400261 0.542546 0 -0.8400261 0.542546 0 -0.8660253 0.5000001 0 -0.8898718 0.4562107 0 -0.8660253 0.5000001 0 -0.8898718 0.4562107 0 -0.9115055 0.4112879 0 -0.9115055 0.4112879 0 -0.9308742 0.3653398 0 -0.9308742 0.3653398 0 -0.9479275 0.3184862 0 -0.9479275 0.3184862 0 -0.9626238 0.270842 0 -0.9626238 0.270842 0 -0.9749281 0.22252 0 -0.9848079 0.1736475 0 -0.9749281 0.22252 0 -0.9848079 0.1736475 0 -0.992239 0.1243457 0 -0.992239 0.1243457 0 -0.9972038 0.07472941 0 -0.9972038 0.07472941 0 -0.9996892 0.02493035 0 -0.9996892 0.02493035 0 -0.9996892 -0.02493035 0 -0.9996892 -0.02493035 0 -0.9972038 -0.07472941 0 -0.9972038 -0.07472941 0 -0.992239 -0.1243457 0 -0.992239 -0.1243457 0 -0.9848079 -0.1736475 -0 -0.9848079 -0.1736475 0 -0.9749281 -0.22252 -0 -0.9749281 -0.22252 0 -0.9626238 -0.270842 0 -0.9626238 -0.270842 0 -0.9479275 -0.3184862 0 -0.9479275 -0.3184862 0 -0.9308742 -0.3653398 0 -0.9308742 -0.3653398 0 -0.9115055 -0.4112879 -0 -0.9115055 -0.4112879 0 -0.8898718 -0.4562107 -0 -0.8898718 -0.4562107 0 -0.8660253 -0.5000001 -0 -0.8660253 -0.5000001 0 -0.8400261 -0.542546 0 -0.8400261 -0.542546 0 -0.8119379 -0.5837439 0 -0.8119379 -0.5837439 0 -0.7818316 -0.6234896 0 -0.7818316 -0.6234896 0 -0.7497813 -0.6616857 0 -0.7497813 -0.6616857 0 -0.7158665 -0.6982371 0 -0.7158665 -0.6982371 0 -0.6801726 -0.733052 -0 -0.6801726 -0.733052 0 -0.6427877 -0.7660443 0 -0.6427877 -0.7660443 0 -0.6038047 -0.7971323 0 -0.6038047 -0.7971323 0 -0.5633196 -0.8262391 0 -0.5633196 -0.8262391 0 -0.5214354 -0.8532909 0 -0.4782542 -0.8782215 -0 -0.5214354 -0.8532909 0 -0.4782542 -0.8782215 0 -0.4338829 -0.9009693 0 -0.4338829 -0.9009693 0 -0.3884359 -0.9214757 0 -0.3884359 -0.9214757 0 -0.3420202 -0.9396926 0 -0.3420202 -0.9396926 0 -0.2947545 -0.955573 -0 -0.2947545 -0.955573 0 -0.2467575 -0.9690772 0 -0.2467575 -0.9690772 0 -0.1981464 -0.9801725 -0 -0.1981464 -0.9801725 0 -0.1490423 -0.9888308 -0 -0.1490423 -0.9888308 0 -0.09956837 -0.9950308 0 -0.09956837 -0.9950308 0 -0.04984582 -0.9987569 -0 -0.04984582 -0.9987569 0 0 -1 0 0 -1 0 0.04984582 -0.9987569 0 0.04984582 -0.9987569 0 0.09956837 -0.9950308 0 0.09956837 -0.9950308 0 0.1490423 -0.9888308 0 0.1490423 -0.9888308 0 0.1981464 -0.9801725 0 0.2467575 -0.9690772 0 0.1981464 -0.9801725 0 0.2467575 -0.9690772 0 0.2947545 -0.955573 0 0.2947545 -0.955573 0 0.3420202 -0.9396926 0 0.3420202 -0.9396926 0 0.3884359 -0.9214757 0 0.3884359 -0.9214757 0 0.4338829 -0.9009693 0 0.4338829 -0.9009693 0 0.4782542 -0.8782215 0 0.5214354 -0.8532909 0 0.4782542 -0.8782215 0 0.5214354 -0.8532909 0 0.5633196 -0.8262391 0 0.5633196 -0.8262391 0 0.6038047 -0.7971323 0 0.6038047 -0.7971323 0 0.6427877 -0.7660443 0 0.6427877 -0.7660443 0 0.6801726 -0.733052 0 0.6801726 -0.733052 0 0.7158665 -0.6982371 0 0.7158665 -0.6982371 0 0.7497813 -0.6616857 0 0.7497813 -0.6616857 0 0.7818316 -0.6234896 0 0.7818316 -0.6234896 0 0.8119379 -0.5837439 0 0.8119379 -0.5837439 0 0.8400261 -0.542546 0 0.8400261 -0.542546 0 0.8660253 -0.5000001 0 0.8660253 -0.5000001 0 0.8898718 -0.4562107 0 0.8898718 -0.4562107 0 0.9115055 -0.4112879 0 0.9115055 -0.4112879 0 0.9308742 -0.3653398 0 0.9308742 -0.3653398 0 0.9479275 -0.3184862 0 0.9479275 -0.3184862 0 0.9626238 -0.270842 0 0.9626238 -0.270842 0 0.9749281 -0.22252 0 0.9749281 -0.22252 0 0.9848079 -0.1736475 0 0.9848079 -0.1736475 0 0.992239 -0.1243457 0 0.992239 -0.1243457 0 0.9972038 -0.07472941 0 0.9996892 -0.02493035 0 0.9972038 -0.07472941 0 0.9996892 -0.02493035 0 0 0 -1 0 0 -1 0 0 -1 0 0 -1 0 0 -1 0 0 -1 0 0 -1 0 0 -1 0 0 -1 0 0 -1 0 0 -1 0 0 -1 0 0 -1 0 0 -1 0 -0 -1 0 0 -1 0 0 -1 0 -0 -1 0 0 -1 0 0 -1 0 0 -1 0 -0 -1 0 0 -1 0 0 -1 0 0 -1 0 -0 -1 0 0 -1 0 0 -1 0 0 -1 0 -0 -1 0 0 -1 0 0 -1 0 -0 -1 0 -0 -1 0 0 -1 0 0 -1 0 -0 -1 0 0 -1 0 0 -1 0 -0 -1 0 0 -1 0 0 -1 0 0 -1 0 -0 -1 0 0 -1 0 -0 -1 0 0 -1 0 -0 -1 0 0 -1 0 -0 -1 0 0 -1 0 -0 -1 0 -0 -1 0 0 -1 0 -0 -1 0 0 -1 0 0 -1 0 0 -1 0 0 -1 0 0 -1 0 0 -1 0 0 -1 0 0 -1 0 -0 -1 0 -0 -1 0 -0 -1 0 -0 -1 0 -0 -1 0 -0 -1 0 -0 -1 0 0 -1 0 0 -1 0 0 -1 0 0 -1 0 0 -1 0 0 -1 0 0 -1 0 0 -1 0 0 -1 0 0 -1 0 0 -1 0 0 -1 0 0 -1 0 0 -1 0 0 -1 0 0 -1 0 0 -1 0 0 -1 0 0 -1 0 0 -1 0 0 -1 0 0 -1 0 0 -1 0 0 -1 0 -0 -1 0 0 -1 0 0 -1 0 0 -1 0 -0 -1 0 0 -1 0 0 -1 0 0 -1 0 -0 -1 0 0 -1 0 0 -1 0 0 -1 0 -0 -1 0 0 -1 0 0 -1 0 0 -1 0 0 -1 0 0 -1 0 0 -1 0 0 -1 0 0 -1 0 0 -1 0 0 -1 0 0 -1 0 -0 -1 0 0 -1 0 0 -1 0 -0 -1 0 0 -1 0 0 -1 0 0 -1 0 -0 -1 0 0 -1 0 0 -1 0 0 -1 0 -0 -1 0 0 -1 0 0 -1 0 0 -1 0 0 -1 0 -0 -1 0 0 -1 0 0 -1 0 0 -1 0 -0 -1 0 0 -1 0 0 -1 0 0 -1 0 0 -1 0 0 -1 0 0 -1 0 0 -1 0 -0 -1 0 -0 -1 0 -0 -1 0 0 -1 0 0 -1 0 0 -1 0 0 -1 0 0 -1 0 0 -1 0 0 -1 0 0 -1 0 0 -1 0 0 -1 0 0 -1 0 0 -1 0 0 -1 0 0 -1 0 0 -1 0 0 -1 0 0 -1 0 0 -1 0 0 -1 0 0 -1 0 0 -1 0 0 -1 0 0 -1 0 0 -1 0 0 -1 0 0 -1 0 0 -1 0 0 -1 0 0 -1 0 0 -1 0 0 -1 0 0 -1 0 0 -1 0 0 -1 0 0 -1 0 -0 -1 0 0 -1 0 0 -1 0 -0 -1 0 0 -1 0 0 -1 0 -0 -1 0 0 -1 0 -0 -1 0 0 -1 0 0 -1 0 -0 -1 0 0 -1 0 0 -1 0 -0 -1 0 0 -1 0 0 -1 0 -0 -1 0 0 -1 0 0 -1 0 -0 -1 0 0 -1 0 0 -1 0 0 -1 0 0 -1 0 -0 -1 0 0 -1 0 0 -1 0 0 -1 0 -0 -1 0 0 -1 0 0 -1 0 0 -1 0 -0 -1 0 0 -1 0 0 -1 0 0 -1 0 -0 -1 0 0 -1 0 0 -1 0 0 -1 0 -0 -1 0 0 -1 0 0 -1 0 0 -1 0 0 -1 0 -0 -1 0 0 -1 0 0 -1 0 0 -1 0 0 -1 0 0 -1 0 -0 -1 0 0 -1 0 0 -1 0 -0 -1 0 0 -1 0 0 -1 0 0 -1 0 -0 -1 0 0 -1 0 0 -1 0 0 -1 0 -0 -1 0 0 -1 0 0 -1 0 0 -1 0 -0 -1 0 0 -1 0 0 -1 0 0 -1 0 -0 -1 0 0 -1 0 0 -1 0 0 -1 0 -0 -1 0 0 -1 0 0 -1 0 0 -1 0 0 -1 0 -0 -1 0 0 -1 0 0 -1 0 0 -1 0 -0 -1 0 0 -1 0 0 -1 0 0 -1 0 -0 -1 0 0 -1 0 0 -1 0 -0 -1 0 0 -1 0 0 -1 0 0 -1 0 0 -1 0 0 -1 0 0 -1 0 0 -1 0 0 -1 0 0 -1 0 0 -1 0 0 -1 0 0 -1 0 0 -1 0 0 -1 0 0 -1 0 0 -1 0 0 -1 0 0 -1 0 0 -1 0 0 -1 0 0 -1 0 -0 -1 0 0 -1 0 0 -1 0 0 -1 0 -0 -1 0 0 -1 0 0 -1 0 0 -1 0 -0 -1 0 0 -1 0 0 -1 0 0 -1 0 0 -1 0 -0 -1 0 0 -1 0 0 -1 0 0 -1 0 -0 -1 0 0 -1 0 0 -1 0 0 -1 0 -0 -1 0 0 -1 0 0 -1 0 0 -1 0 -0 -1 0 0 -1 0 0 -1 0 0 -1 0 -0 -1 0 0 -1 0 0 -1 0 0 -1 0 -0 -1 0 0 -1 0 0 -1 0 0 -1 0 -0 -1 0 0 -1 0 0 -1 0 0 -1 0 -0 -1 0 0 -1 0 0 -1 0 0 -1 0 -0 -1 0 0 -1 0 0 -1 0 -0 -1 0 0 -1 0 0 -1 0 -0 -1 0 0 -1 0 0 -1 0 0 -1 0 -0 -1 0 0 -1 0 0 -1 0 0 -1 0 0 -1 0 0 -1 0 -0 -1 0 0 -1 0 0 -1 0 0 -1 0 0 -1 0 -0 -1 0 0 -1 0 0 -1 0 0 -1 0 -0 -1 0 0 -1 0 0 -1 0 0 -1 0 0 -1 0 -0 -1 0 0 -1 0 0 -1 0 0 -1 0 -0 -1 0 0 -1 0 0 -1 0 0 -1 0 -0 -1 0 0 -1 0 0 -1 0 -0 -1 0 0 -1 0 0 -1 0 0 -1 0 -0 -1 0 0 -1 0 0 -1 0 0 -1 0 -0 -1 0 0 -1 0 0 -1 0 -0 -1 0 0 -1 0 0 -1 0 0 -1 0 0 -1 0 -0 -1 0 0 -1 0 0 -1 0 -0 -1 0 0 -1 0 0 -1 0 0 -1 0 0 -1 0 -0 -1 0 0 -1 0 0 -1 0 0 -1 0 -0 -1 0 0 -1 0 0 -1 0 0 -1 0 0 -1 0 -0 -1 0 0 -1 0 0 -1 0 0 -1 0 -0 -1 0 0 -1 0 0 -1 0 0 -1 0 0 -1 0 0 -1 0 0 -1 0 0 -1 0 0 -1 0 0 -1 0 0 -1 0 0 -1 0 0 -1 0 0 -1 0 0 -1 0 0 -1 0 0 -1 0 0 -1 0 0 -1 0 0 -1 0 -0 -1 0 0 -1 0 0 -1 0 0 -1 0 0 -1 0 -0 -1 0 0 -1 0 0 -1 0 0 -1 0 -0 -1 0 0 -1 0 0 -1 0 0 -1 0 0 -1 0 -0 -1 0 0 -1 0 0 -1 0 -0 -1 0 0 -1 0 0 -1 0 0 -1 0 -0 -1 0 0 -1 0 0 -1 0 -0 -1 0 0 -1 0 0 -1 0 0 -1 0 -0 -1 0 0 -1 0 0 -1 0 0 -1 0 0 -1 0 -0 -1 0 0 -1 0 0 -1 0 0 -1 0 0 -1 0 -0 -1 0 0 -1 0 0 -1 0 -0 -1 0 0 -1 0 0 -1 -1 0 0 -1 0 0 -0 -1 -0 0 -1 0 -0.9342926 -0.3565071 0 -0.9342926 -0.3565071 0 -0.9155481 -0.4022086 -0 -0.9155481 -0.4022086 0 -0.8945686 -0.4469307 0 -0.8945686 -0.4469307 0 -0.8714073 -0.4905603 -0 -0.8714073 -0.4905603 0 -0.8461185 -0.5329949 -0 -0.8461185 -0.5329949 0 -0.8187661 -0.5741272 0 -0.8187661 -0.5741272 0 -0.789416 -0.6138586 -0 -0.789416 -0.6138586 0 -0.7581379 -0.6520942 -0 -0.7581379 -0.6520942 0 -0.7250117 -0.6887366 -0 -0.7250117 -0.6887366 0 -0.6901164 -0.7236984 0 -0.6901164 -0.7236984 0 -0.6535355 -0.7568957 -0 -0.6535355 -0.7568957 0 -0.615361 -0.7882454 -0 -0.615361 -0.7882454 0 -0.5756859 -0.8176709 -0 -0.5756859 -0.8176709 0 -0.5346043 -0.8451025 -0 -0.5346043 -0.8451025 0 -0.4922188 -0.8704714 -0 -0.4922188 -0.8704714 0 -0.4486333 -0.8937159 0 -0.4486333 -0.8937159 0 -0.403952 -0.9147802 0 -0.403952 -0.9147802 -0 -0.3582849 -0.9336123 0 -0.3117428 -0.9501665 0 -0.3582849 -0.9336123 -0 -0.3117428 -0.9501665 0 -0.2644424 -0.9644015 0 -0.2164955 -0.9762836 0 -0.2644424 -0.9644015 -0 -0.2164955 -0.9762836 0 -0.1680209 -0.9857835 0 -0.1680209 -0.9857835 -0 -0.1191345 -0.9928781 0 -0.1191345 -0.9928781 -0 -0.06995844 -0.99755 0 -0.02061348 -0.9997875 0 -0.06995844 -0.99755 -0 -0.02061348 -0.9997875 0 0.02878616 -0.9995856 0 0.02878616 -0.9995856 0 0.0781102 -0.9969448 0 0.0781102 -0.9969448 0 0.1272476 -0.991871 0 0.1272476 -0.991871 0 0.1760729 -0.9843771 0 0.1760729 -0.9843771 0 0.2244687 -0.9744813 0 0.2244687 -0.9744813 0 0.2723174 -0.9622075 0 0.2723174 -0.9622075 0 0.3195015 -0.9475858 0 0.3195015 -0.9475858 0 0.3659046 -0.9306524 0 0.3659046 -0.9306524 0 0.4114167 -0.9114474 0 0.4114167 -0.9114474 0 0.4559229 -0.8900193 0 0.4559229 -0.8900193 0 0.4993186 -0.8664184 0 0.4993186 -0.8664184 0 0.5414959 -0.8407034 0 0.5414959 -0.8407034 0 0.5823498 -0.8129383 0 0.5823498 -0.8129383 0 0.6217845 -0.7831884 0 0.6217845 -0.7831884 0 0.6597012 -0.751528 0 0.6597012 -0.751528 0 0.6960096 -0.7180324 0 0.6960096 -0.7180324 0 0.7306178 -0.6827867 0 0.7306178 -0.6827867 0 0.7634436 -0.6458745 0 0.7634436 -0.6458745 0 0.7944068 -0.607386 0 0.7944068 -0.607386 0 0.8234327 -0.5674139 0 0.8234327 -0.5674139 0 0.8504476 -0.5260598 0 0.8504476 -0.5260598 0 0.8753875 -0.4834217 0 0.8753875 -0.4834217 0 0.8981928 -0.4396017 0 0.8981928 -0.4396017 0 0.9188052 -0.394711 0 0.9188052 -0.394711 0 0.9371758 -0.3488575 0 0.9371758 -0.3488575 0 -0 -1 0 0 -1 -0 1 0 0 1 0 0 -0 1 0 0 1 0 0.9314691 0.3638206 0 0.9314691 0.3638206 0 0.9124969 0.4090835 0 0.9124969 0.4090835 0 0.8913272 0.4533606 -0 0.8913272 0.4533606 0 0.8680106 0.4965457 -0 0.8680106 0.4965457 0 0.8426034 0.5385345 0 0.8426034 0.5385345 0 0.815167 0.579226 0 0.815167 0.579226 0 0.7857656 0.6185244 0 0.7857656 0.6185244 0 0.7544737 0.6563302 0 0.7544737 0.6563302 0 0.7213621 0.6925581 0 0.7213621 0.6925581 0 0.686516 0.7271147 0 0.686516 0.7271147 0 0.6500135 0.7599227 0 0.6500135 0.7599227 0 0.6119464 0.7908992 0 0.6119464 0.7908992 0 0.5724072 0.8199695 -0 0.5724072 0.8199695 0 0.5314864 0.8470668 0 0.5314864 0.8470668 0 0.4892871 0.8721228 -0 0.4459084 0.8950787 -0 0.4892871 0.8721228 0 0.4459084 0.8950787 0 0.401456 0.9158784 0 0.3560376 0.9344715 -0 0.401456 0.9158784 0 0.3560376 0.9344715 0 0.3097602 0.9508148 0 0.3097602 0.9508148 0 0.2627378 0.9648672 0 0.2627378 0.9648672 0 0.2150815 0.9765961 0 0.2150815 0.9765961 0 0.1669071 0.9859726 0 0.1183329 0.9929739 -0 0.1669071 0.9859726 0 0.1183329 0.9929739 0 0.0694707 0.997584 0 0.02044341 0.999791 -0 0.0694707 0.997584 0 0.02044341 0.999791 0 -0.02863405 0.99959 0 -0.02863405 0.99959 0 -0.07764191 0.9969813 0 -0.07764191 0.9969813 0 -0.1264637 0.9919713 0 -0.1264637 0.9919713 0 -0.1749812 0.9845718 0 -0.1749812 0.9845718 0 -0.2230762 0.9748011 0 -0.2230762 0.9748011 0 -0.270634 0.9626822 0 -0.270634 0.9626822 0 -0.3175412 0.9482445 0 -0.3175412 0.9482445 0 -0.3636814 0.9315234 0 -0.3636814 0.9315234 0 -0.4089474 0.912558 0 -0.4089474 0.912558 0 -0.4532267 0.8913953 0 -0.4532267 0.8913953 0 -0.496416 0.8680847 0 -0.496416 0.8680847 0 -0.5384101 0.842683 0 -0.5384101 0.842683 0 -0.5791045 0.8152533 0 -0.5791045 0.8152533 0 -0.6184067 0.7858583 0 -0.6184067 0.7858583 0 -0.6562181 0.7545712 0 -0.6562181 0.7545712 0 -0.6924508 0.7214651 0 -0.6924508 0.7214651 0 -0.7270133 0.6866233 0 -0.7270133 0.6866233 0 -0.7598245 0.6501282 0 -0.7598245 0.6501282 0 -0.7908078 0.6120646 0 -0.7908078 0.6120646 0 -0.8198847 0.5725287 0 -0.8198847 0.5725287 0 -0.8469876 0.5316127 0 -0.8469876 0.5316127 0 -0.87205 0.4894167 0 -0.87205 0.4894167 0 -0.8950118 0.4460425 0 -0.8950118 0.4460425 0 -0.9344186 0.3561769 0 -0.9158187 0.401592 0 -0.9158187 0.401592 0 -0.9344186 0.3561769 0 -0 1 0 0 1 0 0.9996892 -0.02493054 0 0.9996892 -0.02493054 0 0.9972037 -0.07473075 0 0.9972037 -0.07473075 0 0.9922392 -0.1243432 0 0.9922392 -0.1243432 0 0.9848078 -0.1736479 0 0.9848078 -0.1736479 0 0.9749278 -0.2225213 0 0.9749278 -0.2225213 0 0.9626243 -0.2708401 0 0.947927 -0.3184876 0 0.9626243 -0.2708401 0 0.947927 -0.3184876 0 0.9308739 -0.3653407 0 0.9308739 -0.3653407 0 0.9115063 -0.4112862 0 0.9115063 -0.4112862 0 0.8898717 -0.4562109 0 0.8898717 -0.4562109 0 0.8660254 -0.4999999 0 0.8660254 -0.4999999 0 0.840026 -0.5425461 0 0.840026 -0.5425461 0 0.8119375 -0.5837443 0 0.8119375 -0.5837443 0 0.7818317 -0.6234894 0 0.7818317 -0.6234894 0 0.7497814 -0.6616855 0 0.7497814 -0.6616855 0 0.7158666 -0.6982371 0 0.7158666 -0.6982371 0 0.6801724 -0.7330521 0 0.6801724 -0.7330521 0 0.6427878 -0.7660442 0 0.6427878 -0.7660442 0 0.6038044 -0.7971324 0 0.5633197 -0.826239 0 0.6038044 -0.7971324 0 0.5214354 -0.8532907 0 0.5633197 -0.826239 0 0.5214354 -0.8532907 0 0.4782534 -0.8782219 0 0.4782534 -0.8782219 0 0.4338846 -0.9009684 0 0.4338846 -0.9009684 0 0.3884351 -0.9214761 0 0.3884351 -0.9214761 0 0.3420203 -0.9396926 0 0.3420203 -0.9396926 0 0.2947552 -0.9555728 0 0.2947552 -0.9555728 0 0.2467564 -0.9690775 0 0.2467564 -0.9690775 0 0.1981471 -0.9801723 0 0.1981471 -0.9801723 0 0.1490408 -0.9888311 0 0.1490408 -0.9888311 0 0.09956912 -0.9950307 0 0.09956912 -0.9950307 0 0.04984543 -0.998757 0 0.04984543 -0.998757 0 0 -1 0 -0.04984543 -0.998757 0 -0 -1 -0 -0.04984543 -0.998757 0 -0.09956912 -0.9950307 0 -0.09956912 -0.9950307 -0 -0.1490408 -0.9888311 0 -0.1490408 -0.9888311 -0 -0.1981471 -0.9801723 0 -0.1981471 -0.9801723 -0 -0.2467564 -0.9690775 0 -0.2467564 -0.9690775 -0 -0.2947552 -0.9555728 -0 -0.2947552 -0.9555728 0 -0.3420203 -0.9396926 -0 -0.3420203 -0.9396926 0 -0.3884351 -0.9214761 -0 -0.3884351 -0.9214761 0 -0.4338846 -0.9009684 -0 -0.4338846 -0.9009684 0 -0.4782534 -0.8782219 0 -0.4782534 -0.8782219 0 -0.5214354 -0.8532907 -0 -0.5214354 -0.8532907 0 -0.5633197 -0.826239 -0 -0.5633197 -0.826239 0 -0.6038044 -0.7971324 -0 -0.6038044 -0.7971324 0 -0.6427878 -0.7660442 -0 -0.6427878 -0.7660442 0 -0.6801724 -0.7330521 -0 -0.6801724 -0.7330521 0 -0.7158666 -0.6982371 0 -0.7158666 -0.6982371 -0 -0.7497814 -0.6616855 0 -0.7497814 -0.6616855 -0 -0.7818317 -0.6234894 0 -0.7818317 -0.6234894 -0 -0.8119375 -0.5837443 0 -0.8119375 -0.5837443 -0 -0.840026 -0.5425461 0 -0.840026 -0.5425461 -0 -0.8660254 -0.4999999 0 -0.8660254 -0.4999999 -0 -0.8898717 -0.4562109 0 -0.8898717 -0.4562109 -0 -0.9115063 -0.4112862 0 -0.9115063 -0.4112862 -0 -0.9308739 -0.3653407 0 -0.9308739 -0.3653407 -0 -0.947927 -0.3184876 0 -0.947927 -0.3184876 -0 -0.9626243 -0.2708401 0 -0.9626243 -0.2708401 -0 -0.9749278 -0.2225213 0 -0.9749278 -0.2225213 -0 -0.9848078 -0.1736479 0 -0.9848078 -0.1736479 -0 -0.9922392 -0.1243432 0 -0.9922392 -0.1243432 -0 -0.9972037 -0.07473075 -0 -0.9972037 -0.07473075 0 -0.9996892 -0.02493054 -0 -0.9996892 -0.02493054 0 -0.9996892 0.02493054 0 -0.9996892 0.02493054 0 -0.9972037 0.07473075 0 -0.9972037 0.07473075 0 -0.9922392 0.1243432 0 -0.9922392 0.1243432 0 -0.9848078 0.1736479 0 -0.9848078 0.1736479 0 -0.9749278 0.2225213 0 -0.9749278 0.2225213 0 -0.9626243 0.2708401 0 -0.9626243 0.2708401 0 -0.947927 0.3184876 0 -0.947927 0.3184876 0 -0.9308739 0.3653407 0 -0.9308739 0.3653407 0 -0.9115063 0.4112862 0 -0.9115063 0.4112862 0 -0.8898717 0.4562109 0 -0.8898717 0.4562109 0 -0.8660254 0.4999999 0 -0.8660254 0.4999999 0 -0.840026 0.5425461 0 -0.840026 0.5425461 0 -0.8119375 0.5837443 0 -0.8119375 0.5837443 0 -0.7818317 0.6234894 0 -0.7818317 0.6234894 0 -0.7497814 0.6616855 0 -0.7497814 0.6616855 0 -0.7158666 0.6982371 0 -0.7158666 0.6982371 0 -0.6801724 0.7330521 0 -0.6801724 0.7330521 0 -0.6427878 0.7660442 0 -0.6427878 0.7660442 0 -0.6038044 0.7971324 0 -0.6038044 0.7971324 0 -0.5633197 0.826239 0 -0.5633197 0.826239 0 -0.5214354 0.8532907 0 -0.5214354 0.8532907 0 -0.4782534 0.8782219 0 -0.4782534 0.8782219 0 -0.4338846 0.9009684 0 -0.4338846 0.9009684 0 -0.3884351 0.9214761 0 -0.3884351 0.9214761 0 -0.3420203 0.9396926 0 -0.3420203 0.9396926 0 -0.2947552 0.9555728 0 -0.2947552 0.9555728 0 -0.2467564 0.9690775 0 -0.2467564 0.9690775 0 -0.1981471 0.9801723 0 -0.1981471 0.9801723 0 -0.1490408 0.9888311 0 -0.1490408 0.9888311 0 -0.09956912 0.9950307 0 -0.09956912 0.9950307 0 -0.04984543 0.998757 0 -0.04984543 0.998757 0 -0 1 0 0 1 0 0.04984543 0.998757 0 0.04984543 0.998757 0 0.09956912 0.9950307 0 0.09956912 0.9950307 0 0.1490408 0.9888311 0 0.1490408 0.9888311 0 0.1981471 0.9801723 0 0.1981471 0.9801723 0 0.2467564 0.9690775 0 0.2467564 0.9690775 0 0.2947552 0.9555728 0 0.2947552 0.9555728 0 0.3420203 0.9396926 0 0.3420203 0.9396926 0 0.3884351 0.9214761 0 0.3884351 0.9214761 0 0.4338846 0.9009684 0 0.4338846 0.9009684 0 0.4782534 0.8782219 0 0.4782534 0.8782219 0 0.5214354 0.8532907 0 0.5214354 0.8532907 0 0.5633197 0.826239 0 0.5633197 0.826239 0 0.6038044 0.7971324 0 0.6038044 0.7971324 0 0.6427878 0.7660442 0 0.6427878 0.7660442 0 0.6801724 0.7330521 0 0.6801724 0.7330521 0 0.7158666 0.6982371 0 0.7158666 0.6982371 0 0.7497814 0.6616855 0 0.7497814 0.6616855 0 0.7818317 0.6234894 0 0.7818317 0.6234894 0 0.8119375 0.5837443 0 0.8119375 0.5837443 0 0.840026 0.5425461 0 0.840026 0.5425461 0 0.8660254 0.4999999 0 0.8660254 0.4999999 0 0.8898717 0.4562109 0 0.8898717 0.4562109 0 0.9115063 0.4112862 0 0.9115063 0.4112862 0 0.9308739 0.3653407 0 0.9308739 0.3653407 0 0.947927 0.3184876 0 0.947927 0.3184876 0 0.9626243 0.2708401 0 0.9626243 0.2708401 0 0.9749278 0.2225213 0 0.9749278 0.2225213 0 0.9848078 0.1736479 0 0.9848078 0.1736479 0 0.9922392 0.1243432 0 0.9922392 0.1243432 0 0.9972037 0.07473075 0 0.9972037 0.07473075 0 0.9996892 0.02493054 0 0.9996892 0.02493054 0 0 0 1 0 0 1 0 0 1 0 0 1 0 0 1 0 0 1 0 0 1 0 0 1 0 0 1 0 0 1 0 0 1 0 0 1 0 0 1 0 0 1 0 0 1 0 0 1 0 0 1 0 0 1 0 0 1 0 0 1 0 0 1 0 0 1 0 0 1 0 0 1 0 0 1 0 0 1 0 0 1 0 0 1 0 0 1 0 0 1 0 0 1 0 0 1 0 0 1 0 0 1 0 0 1 0 0 1 0 0 1 0 0 1 0 0 1 0 0 1 0 0 1 0 0 1 0 0 1 0 0 1 0 0 1 0 0 1 0 0 1 0 0 1 0 0 1 0 0 1 0 0 1 0 0 1 0 0 1 0 0 1 0 0 1 0 0 1 0 0 1 0 0 1 0 0 1 0 0 1 0 0 1 0 0 1 0 0 1 0 0 1 0 0 1 0 0 1 0 0 1 0 0 1 0 0 1 0 0 1 0 0 1 0 0 1 0 0 1 0 0 1 0 0 1 0 0 1 0 0 1 0 0 1 0 0 1 0 0 1 0 0 1 0 0 1 0 0 1 0 0 1 0 0 1 0 0 1 0 0 1 0 0 1 0 0 1 0 0 1 0 0 1 0 0 1 0 0 1 0 0 1 0 0 1 0 0 1 0 0 1 0 0 1 0 0 1 0 0 1 0 0 1 0 0 1 0 0 1 0 0 1 0 0 1 0 0 1 0 0 1 0 0 1 0 0 1 0 0 1 0 0 1 0 0 1 0 0 1 0 0 1 0 0 1 0 0 1 0 0 1 0 0 1 0 0 1 0 0 1 0 0 1 0 0 1 0 0 1 0 0 1 0 0 1 0 0 1 0 0 1 0 0 1 0 0 1 0 0 1 0 0 1 0 0 1 0 0 1 0 0 1 0 0 1 0 0 1 0 0 1 0 0 1 0 0 1 0 0 1 0 0 1 0 0 1 0 0 1 0 0 1 0 0 1 0 0 1 0 0 1 0 0 1 0 0 1 0 0 1 0 0 1 0 0 1 0 0 1 0 0 1 0 0 1 0 0 1 0 0 1 0 0 1 0 0 1 0 0 1 0 0 1 0 0 1 0 0 1 0 0 1 0 0 1 0 0 1 0 0 1 0 0 1 0 0 1 0 0 1 0 0 1 0 0 1 0 0 1 0 0 1 0 0 1 0 0 1 0 0 1 0 0 1 0 0 1 0 0 1 0 0 1 0 0 1 0 0 1 0 0 1 0 0 1 0 0 1 0 0 1 0 0 1 0 0 1 0 0 1 0 0 1 0 0 1 0 0 1 0 0 1 0 0 1 0 0 1 0 0 1 0 0 1 0 0 1 0 0 1 0 0 1 0 0 1 0 0 1 0 0 1 0 0 1 0 0 1 0 0 1 0 0 1 0 0 1 0 0 1 0 0 1 0 0 1 0 0 1 0 0 1 0 0 1 0 0 1 0 0 1 0 0 1 0 0 1 0 0 1 0 0 1 0 0 1 0 0 1 0 0 1 0 0 1 0 0 1 0 0 1 0 0 1 0 0 1 0 0 1 0 0 1 0 0 1 0 -0 -1 0 0 -1 0 0 -1 0 0 -1 0 0 -1 0 0 -1 0 0 -1 0 0 -1 0 0 -1 0 0 -1 0 -0 -1 0 0 -1 0 0 -1 0 0 -1 0 -0 -1 0 0 -1 0 0 -1 0 0 -1 0 -0 -1 0 0 -1 0 0 -1 0 0 -1 0 -0 -1 0 0 -1 0 0 -1 0 0 -1 0 -0 -1 0 0 -1 0 0 -1 0 -0 -1 0 0 -1 0 0 -1 0 0 -1 0 0 -1 0 -0 -1 0 0 -1 0 0 -1 0 -0 -1 0 0 -1 0 0 -1 0 0 -1 0 -0 -1 0 0 -1 0 0 -1 0 0 -1 0 0 -1 0 0 -1 0 0 -1 0 0 -1 0 0 -1 0 0 -1 0 0 -1 0 -0 -1 0 0 -1 0 -0 -1 0 0 -1 0 0 -1 0 0 -1 0 0 -1 0 -0 -1 0 0 -1 0 0 -1 0 0 -1 0 -0 -1 0 0 -1 0 0 -1 0 0 -1 0 -0 -1 0 0 -1 0 0 -1 0 0 -1 0 -0 -1 0 0 -1 0 0 -1 0 0 -1 0 0 -1 0 -0 -1 0 0 -1 0 0 -1 0 0 -1 0 -0 -1 0 0 -1 0 0 -1 0 0 -1 0 -0 -1 0 0 -1 0 0 -1 0 0 -1 0 0 -1 0 -0 -1 0 0 -1 0 0 -1 0 -0 -1 0 0 -1 0 0 -1 0 0 -1 0 0 -1 0 -0 -1 0 0 -1 0 0 -1 0 -0 -1 0 0 -1 0 0 -1 0 0 -1 0 -0 -1 0 0 -1 0 0 -1 0 0 -1 0 0 -1 0 0 -1 0 0 -1 0 0 -1 0 0 -1 0 0 -1 0 -0 -1 0 0 -1 0 0 -1 0 0 -1 0 0 -1 0 0 -1 0 0 -1 0 0 -1 0 0 -1 0 -0 -1 0 -0 -1 0 0 -1 0 0 -1 0 0 -1 0 0 -1 0 -0 -1 0 0 -1 0 0 -1 0 0 -1 0 -0 -1 0 0 -1 0 0 -1 0 0 -1 0 0 -1 0 -0 -1 0 0 -1 0 0 -1 0 0 -1 0 -0 -1 0 0 -1 0 0 -1 0 0 -1 0 -0 -1 0 0 -1 0 0 -1 0 0 -1 0 -0 -1 0 0 -1 0 0 -1 0 0 -1 0 -0 -1 0 0 -1 0 0 -1 0 -0 -1 0 0 -1 0 0 -1 0 0 -1 0 -0 -1 0 0 -1 0 0 -1 0 0 -1 0 -0 -1 0 0 -1 0 0 -1 0 0 -1 0 0 -1 0 -0 -1 0 0 -1 0 0 -1 0 0 -1 0 0 -1 0 0 -1 0 0 -1 0 0 -1 0 0 -1 0 0 -1 0 0 -1 0 0 -1 0 0 -1 0 0 -1 0 0 -1 0 0 -1 0 0 -1 0 0 -1 0 0 -1 0 0 -1 0 0 -1 0 -0 -1 0 0 -1 0 0 -1 0 0 -1 0 -0 -1 0 0 -1 0 0 -1 0 0 -1 0 -0 -1 0 0 -1 0 0 -1 0 0 -1 0 -0 -1 0 0 -1 0 0 -1 0 0 -1 0 0 -1 0 0 -1 0 0 -1 0 -0 -1 0 0 -1 0 -0 -1 0 0 -1 0 0 -1 0 0 -1 0 -0 -1 0 0 -1 0 0 -1 0 0 -1 0 -0 -1 0 0 -1 0 0 -1 0 0 -1 0 -0 -1 0 0 -1 0 0 -1 0 0 -1 0 0 -1 0 0 -1 0 -0 -1 0 0 -1 0 0 -1 0 0 -1 0 0 -1 0 0 -1 0 0 -1 0 0 -1 0.9996892 0.02493034 -0 0.9996892 0.02493034 0 0.9972038 0.07472941 0 0.9972038 0.07472941 -0 0.992239 0.1243457 0 0.9848078 0.1736475 0 0.992239 0.1243457 -0 0.9848078 0.1736475 0 0.9749281 0.22252 0 0.9749281 0.22252 -0 0.9626239 0.270842 0 0.9626239 0.270842 -0 0.9479275 0.3184862 0 0.9479275 0.3184862 -0 0.9308742 0.3653398 0 0.9308742 0.3653398 -0 0.9115055 0.4112879 0 0.9115055 0.4112879 -0 0.8898718 0.4562107 0 0.8660253 0.5000001 0 0.8898718 0.4562107 -0 0.8660253 0.5000001 0 0.840026 0.542546 -0 0.840026 0.542546 0 0.8119379 0.5837439 -0 0.8119379 0.5837439 0 0.7818317 0.6234896 -0 0.7818317 0.6234896 0 0.7497813 0.6616856 0 0.7497813 0.6616856 0 0.7158665 0.6982372 -0 0.7158665 0.6982372 0 0.6801726 0.7330521 0 0.6427878 0.7660443 0 0.6801726 0.7330521 -0 0.6427878 0.7660443 0 0.6038048 0.7971323 -0 0.6038048 0.7971323 0 0.5633196 0.8262391 0 0.5214353 0.8532909 0 0.5633196 0.8262391 -0 0.5214353 0.8532909 0 0.4782542 0.8782215 0 0.4782542 0.8782215 -0 0.4338828 0.9009693 0 0.3884359 0.9214756 0 0.4338828 0.9009693 -0 0.3884359 0.9214756 0 0.3420202 0.9396926 0 0.3420202 0.9396926 -0 0.2947545 0.955573 0 0.2947545 0.955573 -0 0.2467575 0.9690772 0 0.2467575 0.9690772 -0 0.1981464 0.9801725 0 0.1981464 0.9801725 -0 0.1490423 0.9888308 0 0.09956837 0.9950307 0 0.1490423 0.9888308 -0 0.09956837 0.9950307 0 0.04984581 0.9987569 0 0 1 0 0.04984581 0.9987569 -0 0 1 0 -0.04984581 0.9987569 0 -0.04984581 0.9987569 0 -0.09956837 0.9950307 0 -0.09956837 0.9950307 0 -0.1490423 0.9888308 0 -0.1981464 0.9801725 0 -0.1490423 0.9888308 0 -0.2467575 0.9690772 0 -0.1981464 0.9801725 0 -0.2467575 0.9690772 0 -0.2947545 0.955573 0 -0.2947545 0.955573 0 -0.3420202 0.9396926 0 -0.3420202 0.9396926 0 -0.3884359 0.9214756 0 -0.3884359 0.9214756 0 -0.4338828 0.9009693 0 -0.4338828 0.9009693 0 -0.4782542 0.8782215 0 -0.4782542 0.8782215 0 -0.5214353 0.8532909 0 -0.5214353 0.8532909 0 -0.5633196 0.8262391 0 -0.5633196 0.8262391 0 -0.6038048 0.7971323 0 -0.6038048 0.7971323 0 -0.6427878 0.7660443 0 -0.6427878 0.7660443 0 -0.6801726 0.7330521 0 -0.6801726 0.7330521 0 -0.7158665 0.6982372 0 -0.7158665 0.6982372 0 -0.7497813 0.6616856 0 -0.7497813 0.6616856 0 -0.7818317 0.6234896 0 -0.7818317 0.6234896 0 -0.8119379 0.5837439 0 -0.840026 0.542546 0 -0.8119379 0.5837439 0 -0.8660253 0.5000001 0 -0.840026 0.542546 0 -0.8660253 0.5000001 0 -0.8898718 0.4562107 0 -0.8898718 0.4562107 0 -0.9115055 0.4112879 0 -0.9115055 0.4112879 0 -0.9308742 0.3653398 0 -0.9308742 0.3653398 0 -0.9479275 0.3184862 0 -0.9479275 0.3184862 0 -0.9626239 0.270842 0 -0.9626239 0.270842 0 -0.9749281 0.22252 0 -0.9749281 0.22252 0 -0.9848078 0.1736475 0 -0.9848078 0.1736475 0 -0.992239 0.1243457 0 -0.992239 0.1243457 0 -0.9972038 0.07472941 0 -0.9972038 0.07472941 0 -0.9996892 0.02493034 0 -0.9996892 0.02493034 0 -0.9996892 -0.02493034 0 -0.9996892 -0.02493034 0 -0.9972038 -0.07472941 -0 -0.9972038 -0.07472941 0 -0.992239 -0.1243457 0 -0.992239 -0.1243457 0 -0.9848078 -0.1736475 -0 -0.9848078 -0.1736475 0 -0.9749281 -0.22252 0 -0.9749281 -0.22252 0 -0.9626239 -0.270842 0 -0.9626239 -0.270842 0 -0.9479275 -0.3184862 0 -0.9479275 -0.3184862 0 -0.9308742 -0.3653398 0 -0.9308742 -0.3653398 0 -0.9115055 -0.4112879 0 -0.9115055 -0.4112879 0 -0.8898718 -0.4562107 -0 -0.8898718 -0.4562107 0 -0.8660253 -0.5000001 0 -0.8660253 -0.5000001 0 -0.840026 -0.542546 -0 -0.840026 -0.542546 0 -0.8119379 -0.5837439 0 -0.8119379 -0.5837439 0 -0.7818317 -0.6234896 -0 -0.7818317 -0.6234896 0 -0.7497813 -0.6616856 0 -0.7497813 -0.6616856 0 -0.7158665 -0.6982372 -0 -0.7158665 -0.6982372 0 -0.6801726 -0.7330521 0 -0.6801726 -0.7330521 0 -0.6427878 -0.7660443 0 -0.6427878 -0.7660443 0 -0.6038048 -0.7971323 0 -0.6038048 -0.7971323 0 -0.5633196 -0.8262391 0 -0.5633196 -0.8262391 0 -0.5214353 -0.8532909 0 -0.5214353 -0.8532909 0 -0.4782542 -0.8782215 0 -0.4782542 -0.8782215 0 -0.4338828 -0.9009693 0 -0.4338828 -0.9009693 0 -0.3884359 -0.9214756 0 -0.3884359 -0.9214756 0 -0.3420202 -0.9396926 0 -0.3420202 -0.9396926 0 -0.2947545 -0.955573 0 -0.2947545 -0.955573 0 -0.2467575 -0.9690772 0 -0.2467575 -0.9690772 0 -0.1981464 -0.9801725 0 -0.1981464 -0.9801725 0 -0.1490423 -0.9888308 0 -0.1490423 -0.9888308 0 -0.09956837 -0.9950307 0 -0.09956837 -0.9950307 0 -0.04984581 -0.9987569 0 -0.04984581 -0.9987569 0 0 -1 0 0 -1 0 0.04984581 -0.9987569 0 0.04984581 -0.9987569 0 0.09956837 -0.9950307 0 0.09956837 -0.9950307 0 0.1490423 -0.9888308 0 0.1490423 -0.9888308 0 0.1981464 -0.9801725 0 0.1981464 -0.9801725 0 0.2467575 -0.9690772 0 0.2467575 -0.9690772 0 0.2947545 -0.955573 0 0.2947545 -0.955573 0 0.3420202 -0.9396926 0 0.3420202 -0.9396926 0 0.3884359 -0.9214756 0 0.3884359 -0.9214756 0 0.4338828 -0.9009693 0 0.4338828 -0.9009693 0 0.4782542 -0.8782215 0 0.4782542 -0.8782215 0 0.5214353 -0.8532909 0 0.5214353 -0.8532909 0 0.5633196 -0.8262391 0 0.5633196 -0.8262391 0 0.6038048 -0.7971323 0 0.6038048 -0.7971323 0 0.6427878 -0.7660443 0 0.6427878 -0.7660443 0 0.6801726 -0.7330521 0 0.6801726 -0.7330521 0 0.7158665 -0.6982372 0 0.7158665 -0.6982372 0 0.7497813 -0.6616856 0 0.7497813 -0.6616856 0 0.7818317 -0.6234896 0 0.7818317 -0.6234896 0 0.8119379 -0.5837439 0 0.8119379 -0.5837439 0 0.840026 -0.542546 0 0.840026 -0.542546 0 0.8660253 -0.5000001 0 0.8660253 -0.5000001 0 0.8898718 -0.4562107 0 0.8898718 -0.4562107 0 0.9115055 -0.4112879 0 0.9115055 -0.4112879 0 0.9308742 -0.3653398 0 0.9308742 -0.3653398 0 0.9479275 -0.3184862 0 0.9626239 -0.270842 0 0.9479275 -0.3184862 0 0.9626239 -0.270842 0 0.9749281 -0.22252 0 0.9848078 -0.1736475 0 0.9749281 -0.22252 0 0.9848078 -0.1736475 0 0.992239 -0.1243457 0 0.992239 -0.1243457 0 0.9972038 -0.07472941 0 0.9972038 -0.07472941 0 0.9996892 -0.02493034 0 0.9996892 -0.02493034 0 -0.986424 0.1642187 0 -0.986424 0.1642187 0 0 1 -0 0 1 0 -0.1518923 0.9883971 0 -0.1518923 0.9883971 0 -0.1992547 0.9799477 0 -0.1992547 0.9799477 0 -0.2461546 0.9692306 0 -0.2461546 0.9692306 0 -0.2924868 0.9562696 0 -0.2924868 0.9562696 0 -0.3381423 0.941095 0 -0.3381423 0.941095 0 -0.3830116 0.9237435 0 -0.3830116 0.9237435 0 -0.4269983 0.9042524 0 -0.4269983 0.9042524 0 -0.4699952 0.882669 0 -0.511903 0.8590432 0 -0.4699952 0.882669 0 -0.511903 0.8590432 0 -0.5526286 0.8334277 0 -0.5920728 0.8058845 0 -0.5526286 0.8334277 0 -0.5920728 0.8058845 0 0.9864178 0.1642558 -0 0.9864178 0.1642558 0 0.5811952 0.8137642 -0 0.5811952 0.8137642 0 0.591505 0.8063014 -0 0.591505 0.8063014 0 0.5520398 0.8338178 0 0.5520398 0.8338178 -0 0.5112953 0.8594051 0 0.5112953 0.8594051 -0 0.4693682 0.8830025 0 0.4693682 0.8830025 -0 0.4263558 0.9045556 0 0.4263558 0.9045556 -0 0.3823529 0.9240164 0 0.3823529 0.9240164 -0 0.3374681 0.941337 0 0.3374681 0.941337 -0 0.2918017 0.9564788 0 0.2918017 0.9564788 -0 0.2454583 0.9694071 0 0.1985493 0.9800909 0 0.2454583 0.9694071 -0 0.1985493 0.9800909 0 0.1511778 0.9885066 0 0.1511778 0.9885066 -0 -0.7073669 0.7068465 0 -0.7073669 0.7068465 0 -0.5814249 0.8136 0 -0.5814249 0.8136 0 -0.8135992 -0.581426 0 -0.8135992 -0.581426 0 0.7071065 0.707107 -0 0.7071065 0.707107 0 -0.806291 0.5915192 0 -0.806291 0.5915192 0 -0.8338066 0.5520566 0 -0.8338066 0.5520566 0 -0.8593927 0.5113161 0 -0.8593927 0.5113161 0 -0.8829884 0.4693949 0 -0.8829884 0.4693949 0 -0.9045419 0.4263848 0 -0.9240021 0.3823875 0 -0.9045419 0.4263848 0 -0.9240021 0.3823875 0 -0.9413226 0.3375083 0 -0.9413226 0.3375083 0 -0.9564658 0.2918447 0 -0.9564658 0.2918447 0 -0.9693944 0.2455085 0 -0.9693944 0.2455085 0 -0.9800802 0.1986021 0 -0.9884976 0.1512362 0 -0.9800802 0.1986021 0 -0.9884976 0.1512362 0 0.8137635 -0.5811962 0 0.8137635 -0.5811962 0 -0.1642426 0.98642 0 -0.1642426 0.98642 0 0.9884081 0.1518198 -0 0.9884081 0.1518198 0 0.9799632 0.1991785 0 0.9799632 0.1991785 -0 0.9692513 0.2460731 0 0.9562955 0.2924019 0 0.9692513 0.2460731 -0 0.9562955 0.2924019 0 0.9411269 0.3380534 0 0.9411269 0.3380534 -0 0.9237816 0.3829199 0 0.9237816 0.3829199 -0 0.9042974 0.4269031 0 0.9042974 0.4269031 -0 0.8827206 0.4698983 0 0.8827206 0.4698983 -0 0.8591024 0.5118036 0 0.8334947 0.5525274 0 0.8591024 0.5118036 -0 0.8334947 0.5525274 0 0.8059589 0.5919714 0 0.8059589 0.5919714 -0 -0.9999999 -0.0004301071 0 -0.9999999 -0.0004301071 0 0.164198 0.9864274 -0 0.164198 0.9864274 0 -0.1642074 -0.9864259 0 -0.1642074 -0.9864259 0 0.9999997 0.0008254048 -0 0.9999997 0.0008254048 0 -0.9884089 -0.1518153 0 -0.9884089 -0.1518153 0 -0.979964 -0.1991744 0 -0.979964 -0.1991744 0 -0.969251 -0.2460742 0 -0.969251 -0.2460742 0 -0.9562945 -0.292405 0 -0.9562945 -0.292405 0 -0.9411255 -0.3380574 0 -0.9237777 -0.3829291 -0 -0.9411255 -0.3380574 0 -0.9042925 -0.4269135 -0 -0.9237777 -0.3829291 0 -0.9042925 -0.4269135 0 -0.8827143 -0.46991 0 -0.8827143 -0.46991 0 -0.8590934 -0.5118189 0 -0.8590934 -0.5118189 0 -0.8334833 -0.5525445 0 -0.8334833 -0.5525445 0 -0.8059459 -0.5919893 0 -0.8059459 -0.5919893 0 0.1642639 -0.9864165 0 0.1642639 -0.9864165 0 -0.8137628 0.5811971 0 -0.8137628 0.5811971 0 0.8062403 -0.5915883 0 0.8062403 -0.5915883 0 0.8337616 -0.5521246 0 0.8337616 -0.5521246 0 0.8593547 -0.51138 0 0.8593547 -0.51138 0 0.8829567 -0.4694544 0 0.8829567 -0.4694544 0 0.9045162 -0.4264393 0 0.9045162 -0.4264393 0 0.9239814 -0.3824373 0 0.9239814 -0.3824373 0 0.9413071 -0.3375513 0 0.9413071 -0.3375513 0 0.956454 -0.2918832 0 0.9693865 -0.2455399 0 0.956454 -0.2918832 0 0.9693865 -0.2455399 0 0.980075 -0.1986278 0 0.980075 -0.1986278 0 0.9884946 -0.1512563 0 0.9884946 -0.1512563 0 -0.706847 -0.7073665 0 -0.706847 -0.7073665 0 0.8136 0.5814249 -0 0.8136 0.5814249 0 0.581427 -0.8135986 0 0.581427 -0.8135986 0 0.7073672 -0.7068463 0 0.7073672 -0.7068463 0 -0.5916024 -0.8062299 0 -0.5916024 -0.8062299 0 -0.5521402 -0.8337513 0 -0.5521402 -0.8337513 0 -0.5114024 -0.8593413 0 -0.5114024 -0.8593413 0 -0.4694794 -0.8829434 0 -0.4694794 -0.8829434 0 -0.4264696 -0.9045019 0 -0.4264696 -0.9045019 0 -0.3824736 -0.9239663 0 -0.3824736 -0.9239663 0 -0.33759 -0.9412932 0 -0.33759 -0.9412932 0 -0.2919292 -0.9564399 0 -0.2455886 -0.9693742 -0 -0.2919292 -0.9564399 0 -0.2455886 -0.9693742 0 -0.198682 -0.980064 0 -0.198682 -0.980064 0 -0.1513131 -0.9884859 0 -0.1513131 -0.9884859 0 -0.581196 -0.8137636 0 -0.581196 -0.8137636 0 -0.9864144 -0.164276 0 -0.9864144 -0.164276 0 0.1518235 -0.9884077 0 0.1518235 -0.9884077 0 0.199187 -0.9799615 0 0.199187 -0.9799615 0 0.2460897 -0.9692471 0 0.2460897 -0.9692471 0 0.2924232 -0.956289 0 0.2924232 -0.956289 0 0.3380798 -0.9411174 0 0.3380798 -0.9411174 0 0.3829531 -0.9237678 0 0.3829531 -0.9237678 0 0.4269404 -0.9042798 0 0.4269404 -0.9042798 0 0.469939 -0.8826988 0 0.5118513 -0.8590741 0 0.469939 -0.8826988 0 0.5118513 -0.8590741 0 0.5525778 -0.8334613 0 0.592025 -0.8059196 0 0.5525778 -0.8334613 0 0.592025 -0.8059196 0 0.0006422995 -0.9999998 0 0.0006422995 -0.9999998 0 0.9864207 -0.1642382 0 0.9864207 -0.1642382 0 0 0 1 0 0 1 0 0 1 0 0 1 0 0 1 0 0 1 0 0 1 0 0 1 0 0 1 0 0 1 0 0 1 0 0 1 0 0 1 0 0 1 0 0 1 0 0 1 0 0 1 0 0 1 0 0 1 0 0 1 0 0 1 0 0 1 0 0 1 0 0 1 0 0 1 0 0 1 0 0 1 0 0 1 0 0 1 0 0 1 0 0 1 0 0 1 0 0 1 0 0 1 0 0 1 0 0 1 0 0 1 0 0 1 0 0 1 0 0 1 0 0 1 0 0 1 0 0 1 0 0 1 0 0 1 0 0 1 0 0 1 0 0 1 0 0 1 0 0 1 0 0 1 0 0 1 0 0 1 0 0 1 0 0 1 0 0 1 0 0 1 0 0 1 0 0 1 0 0 1 0 0 1 0 0 1 0 0 1 0 0 1 0 0 1 0 0 1 0 0 1 0 0 1 0 0 1 0 0 1 0 0 1 0 0 1 0 0 1 0 0 1 0 0 1 0 0 1 0 0 1 0 0 1 0 0 1 0 0 1 0 0 1 0 0 1 0 0 1 0 0 1 0 0 1 0 0 1 0 0 1 0 0 1 0 0 1 0 0 1 0 0 1 0 0 1 0 0 1 0 0 1 0 0 1 0 0 1 0 0 1 0 0 1 0 0 1 0 0 1 0 0 1 0 0 1 0 0 1 0 0 1 0 0 1 0 0 1 0 0 1 0 0 1 0 0 1 0 0 1 0 0 1 0 0 1 0 0 1 0 0 1 0 0 1 0 0 1 0 0 1 0 0 1 0 0 1 0 0 1 0 0 1 0 0 1 0 0 1 0 0 1 0 0 1 0 0 1 0 0 1 0 0 1 0 0 1 0 0 1 0 0 1 0 0 1 0 0 1 0 0 1 0 0 1 0 0 1 0 0 1 0 0 1 0 0 1 0 0 1 0 0 1 0 0 1 0 0 1 0 0 1 0 0 1 0 0 1 0 0 1 0 0 1 0 0 1 0 0 1 0 0 1 0 0 1 0 0 1 0 0 1 0 0 1 0 0 1 0 0 1 0 0 1 0 0 1 0 0 1 0 0 1 0 0 1 0 0 1 0 0 1 0 0 1 0 0 1 0 0 1 0 0 1 0 0 1 0 0 1 0 0 1 0 0 1 0 0 1 0 0 1 0 0 1 0 0 1 0 0 1 0 0 1 0 0 1 0 0 1 0 0 1 0 0 1 0 0 1 0 0 1 0 0 1 0 0 1 0 0 1 0 0 1 0 0 1 0 0 1 0 0 1 0 0 1 0 0 1 0 0 1 0 0 1 0 0 1 0 0 1 0 0 1 0 0 1 0 0 1 0 0 1 0 0 1 0 0 1 0 0 1 0 0 1 0 0 1 0 0 1 0 0 1 0 0 1 0 0 1 0 0 1 0 0 1 0 0 1 0 0 1 0 0 1 0 0 1 0 0 1 0 0 1 0 0 1 0 0 1 0 0 1 0 0 1 0 0 1 0 0 1 0 0 1 0 0 1 0 0 1 0 0 1 0 0 1 0 0 1 0 0 1 0 0 1 0 0 1 0 0 1 0 0 1 0 0 1 0 0 1 0 0 1 0 0 1 0 0 1 0 0 1 0 0 1 0 0 1 0 0 1 0 0 1 0 0 1 0 0 1 0 0 1 0 0 1 0 0 1 0 0 1 0 0 1 0 0 1 0 0 1 0 0 1 0 0 1 0 0 1 0 0 1 0 0 1 0 0 1 0 0 1 0 0 1 0 0 1 0 0 1 0 0 1 0 0 1 0 0 1 0 0 1 0 0 1 0 0 1 0 0 1 0 0 1 0 0 1 0 0 1 0 0 1 0 0 1 0 0 1 0 0 1 0 0 1 0 0 1 0 0 1 0 0 1 0 0 1 0 0 1 0 0 1 0 0 1 0 0 1 0 0 1 0 0 1 0 0 1 0 0 1 0 0 1 0 0 1 0 0 1 0 0 1 0 0 1 0 0 1 0 0 1 0 0 1 0 0 1 0 0 1 0 0 1 0 0 1 0 0 1 0 0 1 0 0 1 0 0 1 0 0 1 0 0 1 0 0 1 0 0 1 0 0 1 0 0 1 0 0 1 0 0 1 0 0 1 0 0 1 0 0 1 0 0 1 0 0 1 0 0 1 0 0 1 0 0 1 0 0 1 0 0 1 0 0 1 0 0 1 0 0 1 0 0 1 0 0 1 0 0 1 0 0 1 0 0 1 0 0 1 0 0 1 0 0 1 0 0 1 0 0 1 0 0 1 0 0 1 0 0 1 0 0 1 0 0 1 0 0 1 0 0 1 0 0 1 0 0 1 0 0 1 0 0 1 0 0 1 0 0 1 0 0 1 0 0 1 0 0 1 0 0 1 0 0 1 0 0 1 0 0 1 0 0 1 0 0 1 0 0 1 0 0 1 0 0 1 0 0 1 0 0 1 0 0 1 0 0 1 0 0 1 0 0 1 0 0 1 0 0 1 0 0 1 0 0 1 0 0 1 0 0 1 0 0 1 0 0 1 0 0 1 0 0 1 0 0 1 0 0 1 0 0 1 0 0 1 0 0 1 0 0 1 0 0 1 0 0 1 0 0 1 0 0 1 0 0 1 0 0 1 0 0 1 0 0 1 0 0 1 0 0 1 0 0 1 0 0 1 0 0 1 0 0 1 0 0 1 0 0 1 0 0 1 0 0 1 0 0 1 0 0 1 0 0 1 0 0 1 0 0 1 0 0 1 0 0 1 0 0 1 0 0 1 0 0 1 0 0 1 0 0 1 0 0 1 0 0 1 0 0 1 0 0 1 0 0 1 0 0 1 0 0 1 0 0 1 0 0 1 0 0 1 0 0 1 0 0 1 0 0 1 0 0 1 0 0 1 0 0 1 0 0 1 0 0 1 0 0 1 0 0 1 0 0 1 0 0 1 0 0 1 0 0 1 0 0 1 0 0 1 0 0 1 0 0 1 0 0 1 0 0 1 0 0 1 0 0 1 0 0 1 0 0 1 0 0 1 0 0 1 0 0 1 0 0 1 0 0 1 0 0 1 0 0 1 0 0 1 0 0 1 0 0 1 0 0 1 0 0 1 0 0 1 0 0 1 0 0 1 0 0 1 0 0 1 0 0 1 0 0 1 0 0 1 0 0 1 0 0 1 0 0 1 0 0 1 0 0 1 0 0 1 0 0 1 0 0 1 0 0 1 0 0 1 0 0 1 0 0 1 0 0 1 0 0 1 0 0 1 0 0 1 0 0 1 0 0 1 0 0 1 0 0 1 0 0 1 0.9996892 0.02493054 -0 0.9996892 0.02493054 0 0.9972037 0.07473075 0 0.9972037 0.07473075 -0 0.9922392 0.1243432 0 0.9922392 0.1243432 -0 0.9848078 0.1736479 0 0.9848078 0.1736479 -0 0.9749278 0.2225213 0 0.9749278 0.2225213 -0 0.9626243 0.2708401 0 0.947927 0.3184876 0 0.9626243 0.2708401 -0 0.947927 0.3184876 0 0.9308739 0.3653407 0 0.9308739 0.3653407 -0 0.9115056 0.4112876 0 0.9115056 0.4112876 -0 0.8898717 0.4562109 0 0.8898717 0.4562109 -0 0.8660254 0.4999999 -0 0.8660254 0.4999999 0 0.840026 0.5425461 -0 0.840026 0.5425461 0 0.8119383 0.5837433 -0 0.8119383 0.5837433 0 0.7818317 0.6234894 -0 0.7818317 0.6234894 0 0.749781 0.661686 0 0.749781 0.661686 -0 0.715867 0.6982367 0 0.715867 0.6982367 -0 0.6801721 0.7330526 0 0.6801721 0.7330526 -0 0.6427878 0.7660442 0 0.6427878 0.7660442 -0 0.6038048 0.7971321 0 0.5633193 0.8262393 0 0.6038048 0.7971321 -0 0.5214354 0.8532907 0 0.5633193 0.8262393 0 0.5214354 0.8532907 0 0.4782534 0.8782219 0 0.4782534 0.8782219 -0 0.4338849 0.9009683 0 0.4338849 0.9009683 -0 0.3884349 0.9214761 0 0.3884349 0.9214761 -0 0.3420203 0.9396926 0 0.3420203 0.9396926 -0 0.2947552 0.9555728 0 0.2947552 0.9555728 -0 0.2467564 0.9690775 0 0.2467564 0.9690775 -0 0.1981471 0.9801723 0 0.1981471 0.9801723 -0 0.1490408 0.9888311 0 0.1490408 0.9888311 -0 0.09956913 0.9950307 0 0.09956913 0.9950307 -0 0.04984543 0.998757 0 0.04984543 0.998757 -0 0 1 0 -0.04984543 0.998757 0 0 1 -0 -0.04984543 0.998757 0 -0.09956913 0.9950307 0 -0.09956913 0.9950307 0 -0.1490408 0.9888311 0 -0.1490408 0.9888311 0 -0.1981472 0.9801723 0 -0.1981472 0.9801723 0 -0.2467564 0.9690775 0 -0.2467564 0.9690775 0 -0.2947552 0.9555728 0 -0.2947552 0.9555728 0 -0.3420202 0.9396926 0 -0.3420202 0.9396926 0 -0.3884351 0.9214761 0 -0.3884351 0.9214761 0 -0.4338846 0.9009684 0 -0.4338846 0.9009684 0 -0.4782534 0.8782219 0 -0.4782534 0.8782219 0 -0.5214359 0.8532905 0 -0.5214359 0.8532905 0 -0.5633193 0.8262393 0 -0.5633193 0.8262393 0 -0.6038048 0.7971321 0 -0.6038048 0.7971321 0 -0.6427878 0.7660442 0 -0.6427878 0.7660442 0 -0.6801721 0.7330526 0 -0.6801721 0.7330526 0 -0.715867 0.6982367 0 -0.715867 0.6982367 0 -0.7497814 0.6616855 0 -0.7497814 0.6616855 0 -0.7818317 0.6234894 0 -0.7818317 0.6234894 0 -0.8119375 0.5837443 0 -0.8119375 0.5837443 0 -0.840026 0.5425461 0 -0.840026 0.5425461 0 -0.8660254 0.4999999 0 -0.8660254 0.4999999 0 -0.8898717 0.4562109 0 -0.8898717 0.4562109 0 -0.9115056 0.4112876 0 -0.9115056 0.4112876 0 -0.9308739 0.3653407 0 -0.9308739 0.3653407 0 -0.9479276 0.3184861 0 -0.9479276 0.3184861 0 -0.9626243 0.2708401 0 -0.9626243 0.2708401 0 -0.9749278 0.2225213 0 -0.9749278 0.2225213 0 -0.9848078 0.1736479 0 -0.9848078 0.1736479 0 -0.9922391 0.1243449 0 -0.9922391 0.1243449 0 -0.9972038 0.07472902 0 -0.9972038 0.07472902 0 -0.9996892 0.02493054 0 -0.9996892 0.02493054 0 -0.9996892 -0.02493054 0 -0.9996892 -0.02493054 0 -0.9972038 -0.07472902 0 -0.9972038 -0.07472902 0 -0.9922391 -0.1243449 0 -0.9922391 -0.1243449 0 -0.9848078 -0.1736479 0 -0.9848078 -0.1736479 0 -0.9749278 -0.2225213 0 -0.9749278 -0.2225213 0 -0.9626243 -0.2708401 0 -0.9626243 -0.2708401 0 -0.9479276 -0.3184861 0 -0.9479276 -0.3184861 0 -0.9308739 -0.3653407 0 -0.9308739 -0.3653407 0 -0.9115056 -0.4112876 0 -0.9115056 -0.4112876 0 -0.8898717 -0.4562109 0 -0.8898717 -0.4562109 0 -0.8660254 -0.4999999 -0 -0.8660254 -0.4999999 0 -0.840026 -0.5425461 0 -0.840026 -0.5425461 0 -0.8119375 -0.5837443 0 -0.8119375 -0.5837443 0 -0.7818317 -0.6234894 0 -0.7818317 -0.6234894 0 -0.7497814 -0.6616855 0 -0.7497814 -0.6616855 0 -0.715867 -0.6982367 0 -0.715867 -0.6982367 0 -0.6801721 -0.7330526 0 -0.6801721 -0.7330526 0 -0.6427878 -0.7660442 0 -0.6427878 -0.7660442 0 -0.6038048 -0.7971321 0 -0.6038048 -0.7971321 0 -0.5633193 -0.8262393 0 -0.5633193 -0.8262393 0 -0.5214359 -0.8532905 0 -0.5214359 -0.8532905 0 -0.4782534 -0.8782219 0 -0.4782534 -0.8782219 0 -0.4338846 -0.9009684 0 -0.4338846 -0.9009684 0 -0.3884351 -0.9214761 0 -0.3884351 -0.9214761 0 -0.3420202 -0.9396926 0 -0.3420202 -0.9396926 0 -0.2947552 -0.9555728 0 -0.2947552 -0.9555728 0 -0.2467564 -0.9690775 0 -0.2467564 -0.9690775 0 -0.1981472 -0.9801723 0 -0.1981472 -0.9801723 0 -0.1490408 -0.9888311 0 -0.1490408 -0.9888311 0 -0.09956913 -0.9950307 0 -0.09956913 -0.9950307 0 -0.04984543 -0.998757 0 -0.04984543 -0.998757 0 0 -1 0 0 -1 0 0.04984543 -0.998757 0 0.04984543 -0.998757 0 0.09956913 -0.9950307 0 0.09956913 -0.9950307 0 0.1490408 -0.9888311 0 0.1490408 -0.9888311 0 0.1981471 -0.9801723 0 0.1981471 -0.9801723 0 0.2467564 -0.9690775 0 0.2467564 -0.9690775 0 0.2947552 -0.9555728 0 0.2947552 -0.9555728 0 0.3420203 -0.9396926 0 0.3420203 -0.9396926 0 0.3884349 -0.9214761 0 0.3884349 -0.9214761 0 0.4338849 -0.9009683 0 0.4338849 -0.9009683 0 0.4782534 -0.8782219 0 0.4782534 -0.8782219 0 0.5214354 -0.8532907 0 0.5214354 -0.8532907 0 0.5633193 -0.8262393 0 0.5633193 -0.8262393 0 0.6038048 -0.7971321 0 0.6038048 -0.7971321 0 0.6427878 -0.7660442 0 0.6427878 -0.7660442 0 0.6801721 -0.7330526 0 0.6801721 -0.7330526 0 0.715867 -0.6982367 0 0.715867 -0.6982367 0 0.749781 -0.661686 0 0.749781 -0.661686 0 0.7818317 -0.6234894 0 0.7818317 -0.6234894 0 0.8119383 -0.5837433 0 0.8119383 -0.5837433 0 0.840026 -0.5425461 0 0.840026 -0.5425461 0 0.8660254 -0.4999999 0 0.8660254 -0.4999999 0 0.8898717 -0.4562109 0 0.8898717 -0.4562109 0 0.9115056 -0.4112876 0 0.9115056 -0.4112876 0 0.9308739 -0.3653407 0 0.9308739 -0.3653407 0 0.947927 -0.3184876 0 0.947927 -0.3184876 0 0.9626243 -0.2708401 0 0.9626243 -0.2708401 0 0.9749278 -0.2225213 0 0.9749278 -0.2225213 0 0.9848078 -0.1736479 0 0.9848078 -0.1736479 0 0.9922392 -0.1243432 0 0.9922392 -0.1243432 0 0.9972037 -0.07473075 0 0.9972037 -0.07473075 0 0.9996892 -0.02493054 0 0.9996892 -0.02493054 0</float_array>
          <technique_common>
            <accessor count="4848" source="#cubenormals-array0-array" stride="3">
              <param type="float" name="X"/>
              <param type="float" name="Y"/>
              <param type="float" name="Z"/>
            </accessor>
          </technique_common>
        </source>
        <vertices id="cubeverts-array0-vertices">
          <input semantic="POSITION" source="#cubeverts-array0"/>
        </vertices>
        <triangles count="4848" material="ref_Body">
          <input offset="0" semantic="VERTEX" source="#cubeverts-array0-vertices"/>
          <input offset="1" semantic="NORMAL" source="#cubenormals-array0"/>
          <p>0 0 1 0 2 0 2 1 1 1 3 1 4 2 0 2 5 2 5 3 0 3 2 3 1 4 6 4 3 4 3 5 6 5 7 5 7 6 8 6 9 6 6 7 8 7 7 7 9 8 10 8 11 8 8 9 10 9 9 9 11 10 12 10 13 10 10 11 12 11 11 11 13 12 14 12 15 12 12 13 14 13 13 13 15 14 16 14 17 14 14 15 16 15 15 15 17 16 18 16 19 16 16 17 18 17 17 17 19 18 20 18 21 18 21 19 20 19 22 19 18 20 20 20 19 20 20 21 23 21 22 21 22 22 24 22 25 22 25 23 24 23 26 23 23 24 24 24 22 24 24 25 27 25 26 25 28 26 29 26 30 26 30 27 29 27 31 27 31 28 29 28 32 28 28 29 33 29 29 29 29 30 34 30 32 30 28 31 35 31 33 31 34 32 36 32 32 32 37 33 38 33 28 33 28 34 38 34 35 34 32 35 39 35 40 35 36 36 39 36 32 36 41 37 42 37 37 37 37 38 42 38 38 38 40 39 43 39 44 39 39 40 43 40 40 40 45 41 46 41 41 41 41 42 46 42 42 42 44 43 47 43 48 43 43 44 47 44 44 44 49 45 50 45 45 45 45 46 50 46 46 46 48 47 51 47 52 47 47 48 51 48 48 48 53 49 54 49 49 49 49 50 54 50 50 50 51 51 55 51 52 51 52 52 55 52 56 52 57 53 58 53 53 53 53 54 58 54 54 54 56 55 59 55 60 55 55 56 59 56 56 56 61 57 62 57 57 57 57 58 62 58 58 58 60 59 63 59 64 59 59 60 63 60 60 60 61 61 65 61 62 61 66 62 65 62 61 62 63 63 67 63 64 63 64 64 67 64 68 64 66 65 69 65 65 65 70 66 69 66 66 66 67 67 71 67 68 67 68 68 71 68 72 68 72 69 71 69 73 69 70 70 74 70 69 70 75 71 74 71 70 71 71 72 76 72 73 72 73 73 76 73 77 73 75 74 78 74 74 74 79 75 78 75 75 75 76 76 80 76 77 76 79 77 81 77 78 77 80 78 82 78 77 78 79 79 83 79 81 79 82 80 84 80 77 80 77 81 84 81 85 81 86 82 87 82 88 82 88 83 87 83 79 83 79 84 87 84 83 84 85 85 89 85 90 85 84 86 89 86 85 86 86 87 91 87 87 87 87 88 91 88 92 88 93 89 94 89 89 89 89 90 94 90 90 90 91 91 95 91 92 91 93 92 96 92 94 92 97 93 98 93 91 93 91 94 98 94 95 94 96 95 99 95 94 95 94 96 99 96 100 96 101 97 102 97 97 97 97 98 102 98 98 98 100 99 103 99 104 99 99 100 103 100 100 100 103 101 105 101 104 101 106 102 107 102 101 102 101 103 107 103 102 103 103 104 108 104 105 104 108 105 109 105 105 105 110 106 111 106 106 106 106 107 111 107 107 107 108 108 112 108 109 108 112 109 113 109 109 109 114 110 115 110 110 110 110 111 115 111 111 111 112 112 116 112 113 112 116 113 117 113 113 113 114 114 118 114 115 114 119 115 118 115 114 115 116 116 120 116 117 116 120 117 121 117 117 117 119 118 122 118 118 118 123 119 122 119 119 119 120 120 124 120 121 120 124 121 125 121 121 121 126 122 127 122 123 122 123 123 127 123 122 123 124 124 128 124 125 124 128 125 129 125 125 125 130 126 131 126 126 126 126 127 131 127 127 127 128 128 132 128 129 128 132 129 133 129 129 129 134 130 135 130 130 130 130 131 135 131 131 131 132 132 136 132 133 132 134 133 137 133 135 133 134 134 138 134 137 134 136 135 139 135 133 135 136 136 140 136 139 136 138 137 141 137 137 137 140 138 142 138 139 138 138 139 143 139 141 139 139 140 144 140 145 140 142 141 144 141 139 141 146 142 147 142 138 142 138 143 147 143 143 143 146 144 148 144 147 144 144 145 149 145 145 145 148 146 27 146 147 146 147 147 27 147 150 147 150 148 27 148 151 148 152 149 153 149 154 149 154 150 153 150 144 150 144 151 153 151 149 151 152 152 155 152 153 152 27 153 156 153 151 153 27 154 24 154 156 154 157 155 158 155 155 155 155 156 158 156 153 156 24 157 159 157 156 157 24 158 23 158 159 158 160 159 161 159 157 159 157 160 161 160 158 160 23 161 162 161 159 161 23 162 20 162 162 162 163 163 164 163 160 163 160 164 164 164 161 164 20 165 165 165 162 165 20 166 18 166 165 166 163 167 166 167 164 167 167 168 166 168 163 168 18 169 168 169 165 169 18 170 16 170 168 170 169 171 170 171 167 171 167 172 170 172 166 172 16 173 171 173 168 173 16 174 14 174 171 174 172 175 173 175 169 175 169 176 173 176 170 176 14 177 174 177 171 177 14 178 12 178 174 178 175 179 176 179 172 179 172 180 176 180 173 180 12 181 177 181 174 181 12 182 10 182 177 182 178 183 179 183 175 183 175 184 179 184 176 184 10 185 180 185 177 185 10 186 8 186 180 186 181 187 182 187 178 187 178 188 182 188 179 188 180 189 6 189 183 189 8 190 6 190 180 190 181 191 184 191 182 191 185 192 184 192 181 192 183 193 1 193 186 193 6 194 1 194 183 194 1 195 187 195 186 195 188 196 189 196 185 196 185 197 189 197 184 197 188 198 190 198 189 198 1 199 191 199 187 199 190 200 192 200 189 200 193 201 194 201 195 201 195 202 194 202 196 202 196 203 194 203 197 203 198 204 199 204 200 204 200 205 199 205 201 205 201 206 199 206 192 206 197 207 202 207 203 207 194 208 202 208 197 208 198 209 204 209 199 209 205 210 204 210 198 210 1 211 0 211 191 211 192 212 206 212 189 212 202 213 207 213 203 213 205 214 208 214 204 214 209 215 208 215 205 215 203 216 210 216 211 216 207 217 210 217 203 217 212 218 213 218 209 218 209 219 213 219 208 219 211 220 214 220 215 220 210 221 214 221 211 221 216 222 217 222 212 222 212 223 217 223 213 223 215 224 218 224 219 224 214 225 218 225 215 225 220 226 221 226 216 226 216 227 221 227 217 227 219 228 222 228 223 228 218 229 222 229 219 229 224 230 225 230 220 230 220 231 225 231 221 231 191 232 4 232 193 232 0 233 4 233 191 233 193 234 4 234 194 234 199 235 226 235 192 235 192 236 226 236 206 236 223 237 227 237 228 237 222 238 227 238 223 238 229 239 230 239 224 239 224 240 230 240 225 240 228 241 231 241 232 241 227 242 231 242 228 242 233 243 234 243 229 243 229 244 234 244 230 244 232 245 235 245 236 245 231 246 235 246 232 246 237 247 238 247 233 247 233 248 238 248 234 248 236 249 239 249 240 249 235 250 239 250 236 250 241 251 242 251 237 251 237 252 242 252 238 252 240 253 243 253 244 253 244 254 243 254 245 254 245 255 243 255 246 255 239 256 243 256 240 256 241 257 247 257 242 257 246 258 247 258 248 258 248 259 247 259 249 259 249 260 247 260 241 260 246 261 250 261 247 261 243 262 251 262 246 262 246 263 251 263 250 263 252 264 253 264 254 264 252 265 254 265 255 265 252 266 255 266 256 266 257 267 253 267 252 267 258 268 252 268 256 268 259 269 253 269 257 269 260 270 258 270 256 270 261 271 262 271 253 271 261 272 253 272 259 272 263 273 256 273 264 273 263 274 260 274 256 274 265 275 266 275 262 275 265 276 262 276 261 276 267 277 264 277 268 277 267 278 263 278 264 278 269 279 270 279 266 279 269 280 266 280 265 280 271 281 268 281 272 281 271 282 267 282 268 282 273 283 274 283 270 283 273 284 270 284 269 284 275 285 272 285 276 285 275 286 271 286 272 286 277 287 278 287 274 287 277 288 274 288 273 288 279 289 276 289 280 289 279 290 275 290 276 290 281 291 282 291 278 291 281 292 278 292 277 292 283 293 280 293 284 293 283 294 279 294 280 294 285 295 286 295 282 295 285 296 282 296 281 296 287 297 283 297 284 297 287 298 284 298 288 298 289 299 290 299 286 299 289 300 286 300 285 300 291 301 287 301 288 301 291 302 288 302 292 302 293 303 290 303 289 303 293 304 294 304 290 304 295 305 291 305 292 305 295 306 292 306 296 306 295 307 296 307 297 307 298 308 299 308 294 308 298 309 294 309 293 309 300 310 295 310 297 310 300 311 297 311 301 311 302 312 303 312 299 312 302 313 299 313 298 313 304 314 300 314 301 314 305 315 303 315 302 315 306 316 304 316 301 316 307 317 303 317 305 317 308 318 301 318 309 318 308 319 306 319 301 319 310 320 303 320 307 320 310 321 311 321 312 321 310 322 312 322 303 322 313 323 309 323 314 323 313 324 308 324 309 324 315 325 311 325 310 325 315 326 310 326 316 326 317 327 318 327 313 327 317 328 313 328 314 328 319 329 315 329 316 329 320 330 318 330 317 330 321 331 322 331 315 331 321 332 315 332 319 332 323 333 317 333 324 333 323 334 320 334 317 334 325 335 326 335 322 335 325 336 322 336 321 336 327 337 324 337 328 337 327 338 323 338 324 338 329 339 327 339 328 339 330 340 331 340 326 340 330 341 326 341 325 341 332 342 327 342 329 342 333 343 332 343 329 343 334 344 335 344 331 344 334 345 331 345 330 345 336 346 332 346 333 346 337 347 336 347 333 347 338 348 335 348 334 348 338 349 339 349 335 349 340 350 336 350 337 350 341 351 340 351 337 351 342 352 339 352 338 352 342 353 343 353 339 353 344 354 340 354 341 354 345 355 344 355 341 355 346 356 347 356 343 356 346 357 343 357 342 357 348 358 344 358 345 358 349 359 348 359 345 359 350 360 351 360 347 360 350 361 347 361 346 361 352 362 348 362 349 362 353 363 352 363 349 363 354 364 351 364 350 364 354 365 355 365 351 365 356 366 352 366 353 366 357 367 356 367 353 367 358 368 359 368 355 368 358 369 355 369 354 369 360 370 356 370 357 370 361 371 359 371 358 371 362 372 359 372 361 372 363 373 360 373 357 373 364 374 360 374 363 374 365 375 362 375 361 375 366 376 364 376 363 376 367 377 362 377 365 377 368 378 363 378 369 378 368 379 366 379 363 379 370 380 371 380 362 380 370 381 362 381 367 381 372 382 371 382 370 382 373 383 368 383 369 383 26 384 374 384 375 384 26 385 370 385 374 385 26 386 372 386 370 386 376 387 377 387 368 387 376 388 378 388 377 388 376 389 368 389 373 389 379 390 378 390 376 390 380 391 26 391 375 391 25 392 26 392 380 392 381 393 382 393 379 393 381 394 379 394 376 394 383 395 25 395 380 395 22 396 25 396 383 396 384 397 385 397 382 397 384 398 382 398 381 398 386 399 22 399 383 399 21 400 22 400 386 400 387 401 388 401 385 401 387 402 385 402 384 402 389 403 21 403 386 403 19 404 21 404 389 404 390 405 388 405 387 405 390 406 391 406 388 406 392 407 19 407 389 407 17 408 19 408 392 408 393 409 391 409 390 409 393 410 394 410 391 410 395 411 17 411 392 411 15 412 17 412 395 412 396 413 394 413 393 413 396 414 397 414 394 414 398 415 15 415 395 415 13 416 15 416 398 416 399 417 400 417 397 417 399 418 397 418 396 418 401 419 13 419 398 419 11 420 13 420 401 420 402 421 403 421 400 421 402 422 400 422 399 422 404 423 11 423 401 423 9 424 11 424 404 424 405 425 406 425 403 425 405 426 403 426 402 426 7 427 404 427 407 427 7 428 9 428 404 428 408 429 409 429 406 429 408 430 406 430 405 430 3 431 407 431 410 431 3 432 7 432 407 432 411 433 3 433 410 433 412 434 413 434 409 434 412 435 409 435 408 435 414 436 413 436 412 436 415 437 3 437 411 437 416 438 414 438 412 438 417 439 418 439 419 439 417 440 420 440 418 440 417 441 421 441 420 441 422 442 423 442 416 442 422 443 424 443 423 443 422 444 425 444 424 444 426 445 419 445 427 445 426 446 417 446 419 446 428 447 425 447 422 447 428 448 429 448 425 448 2 449 3 449 415 449 430 450 416 450 412 450 431 451 426 451 427 451 432 452 433 452 429 452 432 453 429 453 428 453 434 454 431 454 427 454 434 455 427 455 435 455 436 456 433 456 432 456 436 457 437 457 433 457 438 458 435 458 439 458 438 459 434 459 435 459 440 460 441 460 437 460 440 461 437 461 436 461 442 462 439 462 443 462 442 463 438 463 439 463 444 464 445 464 441 464 444 465 441 465 440 465 446 466 443 466 447 466 446 467 442 467 443 467 448 468 449 468 445 468 448 469 445 469 444 469 5 470 421 470 417 470 5 471 2 471 415 471 5 472 415 472 421 472 450 473 416 473 430 473 450 474 422 474 416 474 451 475 446 475 447 475 451 476 447 476 452 476 453 477 454 477 449 477 453 478 449 478 448 478 455 479 452 479 456 479 455 480 451 480 452 480 457 481 458 481 454 481 457 482 454 482 453 482 459 483 456 483 460 483 459 484 455 484 456 484 461 485 462 485 458 485 461 486 458 486 457 486 463 487 460 487 464 487 463 488 459 488 460 488 465 489 466 489 462 489 465 490 462 490 461 490 467 491 468 491 469 491 467 492 470 492 468 492 467 493 464 493 470 493 467 494 463 494 464 494 471 495 472 495 466 495 471 496 473 496 472 496 471 497 469 497 473 497 471 498 466 498 465 498 474 499 469 499 471 499 475 500 469 500 474 500 475 501 467 501 469 501 194 502 4 502 417 502 417 503 4 503 5 503 27 504 148 504 26 504 26 505 148 505 372 505 243 506 239 506 467 506 467 507 239 507 463 507 463 508 235 508 459 508 239 509 235 509 463 509 459 510 231 510 455 510 235 511 231 511 459 511 455 512 227 512 451 512 231 513 227 513 455 513 451 514 222 514 446 514 227 515 222 515 451 515 446 516 218 516 442 516 222 517 218 517 446 517 442 518 214 518 438 518 218 519 214 519 442 519 438 520 210 520 434 520 214 521 210 521 438 521 434 522 207 522 431 522 431 523 207 523 426 523 210 524 207 524 434 524 207 525 202 525 426 525 426 526 194 526 417 526 202 527 194 527 426 527 148 528 146 528 372 528 372 529 146 529 371 529 251 530 243 530 475 530 475 531 243 531 467 531 146 532 138 532 371 532 371 533 138 533 362 533 250 534 251 534 474 534 474 535 251 535 475 535 138 536 134 536 362 536 362 537 134 537 359 537 359 538 130 538 355 538 134 539 130 539 359 539 355 540 126 540 351 540 130 541 126 541 355 541 351 542 123 542 347 542 126 543 123 543 351 543 347 544 119 544 343 544 343 545 119 545 339 545 123 546 119 546 347 546 119 547 114 547 339 547 339 548 110 548 335 548 114 549 110 549 339 549 335 550 106 550 331 550 110 551 106 551 335 551 331 552 101 552 326 552 106 553 101 553 331 553 326 554 97 554 322 554 322 555 97 555 315 555 101 556 97 556 326 556 97 557 91 557 315 557 247 558 250 558 471 558 471 559 250 559 474 559 91 560 86 560 315 560 315 561 86 561 311 561 199 562 204 562 422 562 422 563 204 563 428 563 428 564 208 564 432 564 204 565 208 565 428 565 432 566 213 566 436 566 436 567 213 567 440 567 208 568 213 568 432 568 213 569 217 569 440 569 440 570 221 570 444 570 217 571 221 571 440 571 444 572 225 572 448 572 221 573 225 573 444 573 448 574 230 574 453 574 225 575 230 575 448 575 453 576 234 576 457 576 230 577 234 577 453 577 457 578 238 578 461 578 461 579 238 579 465 579 234 580 238 580 457 580 238 581 242 581 465 581 465 582 247 582 471 582 242 583 247 583 465 583 86 584 88 584 311 584 311 585 88 585 312 585 226 586 199 586 450 586 450 587 199 587 422 587 88 588 79 588 312 588 312 589 79 589 303 589 206 590 226 590 430 590 430 591 226 591 450 591 79 592 75 592 303 592 303 593 75 593 299 593 299 594 70 594 294 594 75 595 70 595 299 595 294 596 66 596 290 596 70 597 66 597 294 597 290 598 61 598 286 598 66 599 61 599 290 599 286 600 57 600 282 600 282 601 57 601 278 601 61 602 57 602 286 602 278 603 53 603 274 603 57 604 53 604 278 604 53 605 49 605 274 605 274 606 45 606 270 606 49 607 45 607 274 607 270 608 41 608 266 608 45 609 41 609 270 609 266 610 37 610 262 610 41 611 37 611 266 611 262 612 28 612 253 612 37 613 28 613 262 613 189 614 206 614 412 614 412 615 206 615 430 615 28 616 30 616 253 616 253 617 30 617 254 617 153 618 158 618 376 618 376 619 158 619 381 619 381 620 161 620 384 620 158 621 161 621 381 621 384 622 164 622 387 622 161 623 164 623 384 623 387 624 166 624 390 624 164 625 166 625 387 625 390 626 170 626 393 626 166 627 170 627 390 627 393 628 173 628 396 628 170 629 173 629 393 629 396 630 176 630 399 630 173 631 176 631 396 631 399 632 179 632 402 632 402 633 179 633 405 633 176 634 179 634 399 634 179 635 182 635 405 635 405 636 184 636 408 636 182 637 184 637 405 637 408 638 189 638 412 638 184 639 189 639 408 639 30 640 31 640 254 640 254 641 31 641 255 641 149 642 153 642 373 642 373 643 153 643 376 643 31 644 32 644 255 644 255 645 32 645 256 645 145 646 149 646 369 646 369 647 149 647 373 647 32 648 40 648 256 648 256 649 40 649 264 649 264 650 44 650 268 650 40 651 44 651 264 651 268 652 48 652 272 652 44 653 48 653 268 653 272 654 52 654 276 654 48 655 52 655 272 655 276 656 56 656 280 656 52 657 56 657 276 657 280 658 60 658 284 658 56 659 60 659 280 659 284 660 64 660 288 660 60 661 64 661 284 661 288 662 68 662 292 662 292 663 68 663 296 663 64 664 68 664 288 664 68 665 72 665 296 665 296 666 73 666 297 666 72 667 73 667 296 667 297 668 77 668 301 668 73 669 77 669 297 669 139 670 145 670 363 670 363 671 145 671 369 671 77 672 85 672 301 672 301 673 85 673 309 673 94 674 100 674 317 674 317 675 100 675 324 675 324 676 104 676 328 676 100 677 104 677 324 677 328 678 105 678 329 678 104 679 105 679 328 679 329 680 109 680 333 680 105 681 109 681 329 681 333 682 113 682 337 682 109 683 113 683 333 683 337 684 117 684 341 684 113 685 117 685 337 685 341 686 121 686 345 686 117 687 121 687 341 687 345 688 125 688 349 688 349 689 125 689 353 689 121 690 125 690 345 690 125 691 129 691 353 691 353 692 133 692 357 692 357 693 133 693 363 693 129 694 133 694 353 694 133 695 139 695 363 695 85 696 90 696 309 696 309 697 90 697 314 697 90 698 94 698 314 698 314 699 94 699 317 699 192 700 190 700 476 700 476 701 190 701 477 701 477 702 188 702 478 702 190 703 188 703 477 703 478 704 185 704 479 704 188 705 185 705 478 705 479 706 181 706 480 706 185 707 181 707 479 707 480 708 178 708 481 708 181 709 178 709 480 709 481 710 175 710 482 710 482 711 175 711 483 711 178 712 175 712 481 712 175 713 172 713 483 713 483 714 169 714 484 714 172 715 169 715 483 715 484 716 167 716 485 716 169 717 167 717 484 717 485 718 163 718 486 718 486 719 163 719 487 719 167 720 163 720 485 720 163 721 160 721 487 721 160 722 157 722 487 722 487 723 157 723 488 723 157 724 155 724 488 724 488 725 155 725 489 725 155 726 152 726 489 726 489 727 152 727 490 727 490 728 154 728 491 728 152 729 154 729 490 729 491 730 144 730 492 730 154 731 144 731 491 731 492 732 142 732 493 732 493 733 142 733 494 733 144 734 142 734 492 734 142 735 140 735 494 735 140 736 136 736 494 736 494 737 136 737 495 737 495 738 132 738 496 738 496 739 132 739 497 739 136 740 132 740 495 740 497 741 128 741 498 741 132 742 128 742 497 742 128 743 124 743 498 743 498 744 120 744 499 744 124 745 120 745 498 745 499 746 116 746 500 746 120 747 116 747 499 747 500 748 112 748 501 748 116 749 112 749 500 749 501 750 108 750 502 750 112 751 108 751 501 751 502 752 103 752 503 752 108 753 103 753 502 753 503 754 99 754 504 754 103 755 99 755 503 755 504 756 96 756 505 756 99 757 96 757 504 757 505 758 93 758 506 758 96 759 93 759 505 759 506 760 89 760 507 760 93 761 89 761 506 761 507 762 84 762 508 762 508 763 84 763 509 763 89 764 84 764 507 764 84 765 82 765 509 765 509 766 80 766 510 766 82 767 80 767 509 767 510 768 76 768 511 768 80 769 76 769 510 769 511 770 71 770 512 770 76 771 71 771 511 771 512 772 67 772 513 772 71 773 67 773 512 773 67 774 63 774 513 774 513 775 63 775 514 775 63 776 59 776 514 776 514 777 59 777 515 777 59 778 55 778 515 778 515 779 55 779 516 779 55 780 51 780 516 780 516 781 51 781 517 781 51 782 47 782 517 782 517 783 47 783 518 783 47 784 43 784 518 784 518 785 43 785 519 785 43 786 39 786 519 786 519 787 39 787 520 787 39 788 36 788 520 788 520 789 36 789 521 789 36 790 34 790 521 790 521 791 34 791 522 791 34 792 29 792 522 792 522 793 29 793 523 793 523 794 33 794 524 794 29 795 33 795 523 795 524 796 35 796 525 796 33 797 35 797 524 797 525 798 38 798 526 798 35 799 38 799 525 799 526 800 42 800 527 800 38 801 42 801 526 801 527 802 46 802 528 802 528 803 46 803 529 803 42 804 46 804 527 804 46 805 50 805 529 805 529 806 54 806 530 806 50 807 54 807 529 807 530 808 58 808 531 808 54 809 58 809 530 809 531 810 62 810 532 810 58 811 62 811 531 811 532 812 65 812 533 812 62 813 65 813 532 813 533 814 69 814 534 814 65 815 69 815 533 815 534 816 74 816 535 816 69 817 74 817 534 817 535 818 78 818 536 818 74 819 78 819 535 819 536 820 81 820 537 820 78 821 81 821 536 821 81 822 83 822 537 822 537 823 83 823 538 823 83 824 87 824 538 824 538 825 87 825 539 825 87 826 92 826 539 826 539 827 92 827 540 827 92 828 95 828 540 828 540 829 95 829 541 829 95 830 98 830 541 830 541 831 98 831 542 831 98 832 102 832 542 832 542 833 102 833 543 833 102 834 107 834 543 834 543 835 107 835 544 835 107 836 111 836 544 836 544 837 111 837 545 837 111 838 115 838 545 838 545 839 115 839 546 839 115 840 118 840 546 840 546 841 118 841 547 841 118 842 122 842 547 842 547 843 122 843 548 843 122 844 127 844 548 844 548 845 127 845 549 845 127 846 131 846 549 846 549 847 131 847 550 847 131 848 135 848 550 848 550 849 135 849 551 849 135 850 137 850 551 850 551 851 137 851 552 851 137 852 141 852 552 852 552 853 141 853 553 853 141 854 143 854 553 854 553 855 143 855 554 855 143 856 147 856 554 856 554 857 147 857 555 857 147 858 150 858 555 858 555 859 150 859 556 859 150 860 151 860 556 860 556 861 151 861 557 861 151 862 156 862 557 862 557 863 156 863 558 863 558 864 159 864 559 864 156 865 159 865 558 865 559 866 162 866 560 866 159 867 162 867 559 867 560 868 165 868 561 868 162 869 165 869 560 869 561 870 168 870 562 870 165 871 168 871 561 871 562 872 171 872 563 872 168 873 171 873 562 873 171 874 174 874 563 874 563 875 174 875 564 875 174 876 177 876 564 876 564 877 177 877 565 877 177 878 180 878 565 878 565 879 180 879 566 879 180 880 183 880 566 880 566 881 183 881 567 881 183 882 186 882 567 882 567 883 186 883 568 883 186 884 187 884 568 884 568 885 187 885 569 885 187 886 191 886 569 886 569 887 191 887 570 887 191 888 193 888 570 888 570 889 193 889 571 889 193 890 195 890 571 890 571 891 195 891 572 891 195 892 196 892 572 892 572 893 196 893 573 893 196 894 197 894 573 894 573 895 197 895 574 895 197 896 203 896 574 896 574 897 203 897 575 897 575 898 211 898 576 898 203 899 211 899 575 899 576 900 215 900 577 900 211 901 215 901 576 901 577 902 219 902 578 902 215 903 219 903 577 903 578 904 223 904 579 904 219 905 223 905 578 905 579 906 228 906 580 906 223 907 228 907 579 907 580 908 232 908 581 908 228 909 232 909 580 909 581 910 236 910 582 910 232 911 236 911 581 911 582 912 240 912 583 912 236 913 240 913 582 913 583 914 244 914 584 914 240 915 244 915 583 915 584 916 245 916 585 916 244 917 245 917 584 917 585 918 246 918 586 918 245 919 246 919 585 919 586 920 248 920 587 920 246 921 248 921 586 921 587 922 249 922 588 922 248 923 249 923 587 923 249 924 241 924 588 924 588 925 241 925 589 925 241 926 237 926 589 926 589 927 237 927 590 927 237 928 233 928 590 928 590 929 233 929 591 929 233 930 229 930 591 930 591 931 229 931 592 931 592 932 224 932 593 932 229 933 224 933 592 933 593 934 220 934 594 934 224 935 220 935 593 935 594 936 216 936 595 936 220 937 216 937 594 937 595 938 212 938 596 938 216 939 212 939 595 939 596 940 209 940 597 940 212 941 209 941 596 941 597 942 205 942 598 942 209 943 205 943 597 943 598 944 198 944 599 944 205 945 198 945 598 945 599 946 200 946 600 946 198 947 200 947 599 947 600 948 201 948 601 948 200 949 201 949 600 949 601 950 192 950 476 950 201 951 192 951 601 951 416 952 423 952 602 952 602 953 423 953 603 953 603 954 424 954 604 954 423 955 424 955 603 955 604 956 425 956 605 956 424 957 425 957 604 957 605 958 429 958 606 958 425 959 429 959 605 959 606 960 433 960 607 960 429 961 433 961 606 961 607 962 437 962 608 962 433 963 437 963 607 963 608 964 441 964 609 964 437 965 441 965 608 965 609 966 445 966 610 966 441 967 445 967 609 967 610 968 449 968 611 968 445 969 449 969 610 969 611 970 454 970 612 970 449 971 454 971 611 971 454 972 458 972 612 972 612 973 458 973 613 973 458 974 462 974 613 974 613 975 462 975 614 975 462 976 466 976 614 976 614 977 466 977 615 977 615 978 466 978 616 978 466 979 472 979 616 979 616 980 472 980 617 980 472 981 473 981 617 981 473 982 469 982 617 982 617 983 469 983 618 983 618 984 469 984 619 984 469 985 468 985 619 985 619 986 470 986 620 986 468 987 470 987 619 987 620 988 464 988 621 988 470 989 464 989 620 989 621 990 460 990 622 990 464 991 460 991 621 991 622 992 456 992 623 992 460 993 456 993 622 993 623 994 452 994 624 994 456 995 452 995 623 995 624 996 447 996 625 996 452 997 447 997 624 997 625 998 443 998 626 998 447 999 443 999 625 999 626 1000 439 1000 627 1000 443 1001 439 1001 626 1001 627 1002 435 1002 628 1002 439 1003 435 1003 627 1003 628 1004 427 1004 629 1004 435 1005 427 1005 628 1005 629 1006 419 1006 630 1006 427 1007 419 1007 629 1007 630 1008 418 1008 631 1008 419 1009 418 1009 630 1009 631 1010 420 1010 632 1010 418 1011 420 1011 631 1011 632 1012 421 1012 633 1012 420 1013 421 1013 632 1013 633 1014 415 1014 634 1014 421 1015 415 1015 633 1015 634 1016 411 1016 635 1016 635 1017 411 1017 636 1017 415 1018 411 1018 634 1018 411 1019 410 1019 636 1019 636 1020 407 1020 637 1020 410 1021 407 1021 636 1021 637 1022 404 1022 638 1022 407 1023 404 1023 637 1023 638 1024 401 1024 639 1024 404 1025 401 1025 638 1025 401 1026 398 1026 639 1026 639 1027 398 1027 640 1027 640 1028 398 1028 641 1028 398 1029 395 1029 641 1029 395 1030 392 1030 641 1030 641 1031 392 1031 642 1031 392 1032 389 1032 642 1032 642 1033 389 1033 643 1033 389 1034 386 1034 643 1034 643 1035 386 1035 644 1035 386 1036 383 1036 644 1036 644 1037 383 1037 645 1037 383 1038 380 1038 645 1038 645 1039 380 1039 646 1039 380 1040 375 1040 646 1040 646 1041 375 1041 647 1041 375 1042 374 1042 647 1042 647 1043 374 1043 648 1043 374 1044 370 1044 648 1044 648 1045 370 1045 649 1045 649 1046 367 1046 650 1046 370 1047 367 1047 649 1047 650 1048 365 1048 651 1048 367 1049 365 1049 650 1049 651 1050 361 1050 652 1050 365 1051 361 1051 651 1051 652 1052 358 1052 653 1052 361 1053 358 1053 652 1053 653 1054 354 1054 654 1054 654 1055 354 1055 655 1055 358 1056 354 1056 653 1056 354 1057 350 1057 655 1057 655 1058 346 1058 656 1058 350 1059 346 1059 655 1059 656 1060 342 1060 657 1060 346 1061 342 1061 656 1061 657 1062 338 1062 658 1062 342 1063 338 1063 657 1063 658 1064 334 1064 659 1064 338 1065 334 1065 658 1065 659 1066 330 1066 660 1066 334 1067 330 1067 659 1067 660 1068 325 1068 661 1068 330 1069 325 1069 660 1069 661 1070 321 1070 662 1070 325 1071 321 1071 661 1071 662 1072 319 1072 663 1072 321 1073 319 1073 662 1073 319 1074 316 1074 663 1074 663 1075 316 1075 664 1075 316 1076 310 1076 664 1076 664 1077 310 1077 665 1077 310 1078 307 1078 665 1078 665 1079 307 1079 666 1079 307 1080 305 1080 666 1080 666 1081 305 1081 667 1081 305 1082 302 1082 667 1082 667 1083 302 1083 668 1083 302 1084 298 1084 668 1084 668 1085 298 1085 669 1085 298 1086 293 1086 669 1086 669 1087 293 1087 670 1087 293 1088 289 1088 670 1088 670 1089 289 1089 671 1089 289 1090 285 1090 671 1090 671 1091 285 1091 672 1091 285 1092 281 1092 672 1092 672 1093 281 1093 673 1093 281 1094 277 1094 673 1094 673 1095 277 1095 674 1095 277 1096 273 1096 674 1096 674 1097 273 1097 675 1097 273 1098 269 1098 675 1098 675 1099 269 1099 676 1099 269 1100 265 1100 676 1100 676 1101 265 1101 677 1101 265 1102 261 1102 677 1102 677 1103 261 1103 678 1103 261 1104 259 1104 678 1104 678 1105 259 1105 679 1105 259 1106 257 1106 679 1106 679 1107 257 1107 680 1107 257 1108 252 1108 680 1108 680 1109 252 1109 681 1109 252 1110 258 1110 681 1110 681 1111 258 1111 682 1111 258 1112 260 1112 682 1112 682 1113 260 1113 683 1113 260 1114 263 1114 683 1114 683 1115 263 1115 684 1115 684 1116 267 1116 685 1116 263 1117 267 1117 684 1117 685 1118 271 1118 686 1118 267 1119 271 1119 685 1119 686 1120 275 1120 687 1120 271 1121 275 1121 686 1121 687 1122 279 1122 688 1122 275 1123 279 1123 687 1123 688 1124 283 1124 689 1124 279 1125 283 1125 688 1125 283 1126 287 1126 689 1126 689 1127 287 1127 690 1127 287 1128 291 1128 690 1128 690 1129 291 1129 691 1129 291 1130 295 1130 691 1130 691 1131 295 1131 692 1131 295 1132 300 1132 692 1132 692 1133 300 1133 693 1133 300 1134 304 1134 693 1134 693 1135 304 1135 694 1135 304 1136 306 1136 694 1136 694 1137 306 1137 695 1137 306 1138 308 1138 695 1138 695 1139 308 1139 696 1139 308 1140 313 1140 696 1140 696 1141 313 1141 697 1141 313 1142 318 1142 697 1142 697 1143 318 1143 698 1143 318 1144 320 1144 698 1144 698 1145 320 1145 699 1145 320 1146 323 1146 699 1146 699 1147 323 1147 700 1147 323 1148 327 1148 700 1148 700 1149 327 1149 701 1149 701 1150 332 1150 702 1150 327 1151 332 1151 701 1151 702 1152 336 1152 703 1152 332 1153 336 1153 702 1153 703 1154 340 1154 704 1154 336 1155 340 1155 703 1155 704 1156 344 1156 705 1156 340 1157 344 1157 704 1157 705 1158 348 1158 706 1158 344 1159 348 1159 705 1159 706 1160 352 1160 707 1160 348 1161 352 1161 706 1161 707 1162 356 1162 708 1162 352 1163 356 1163 707 1163 708 1164 360 1164 709 1164 356 1165 360 1165 708 1165 709 1166 364 1166 710 1166 360 1167 364 1167 709 1167 710 1168 366 1168 711 1168 364 1169 366 1169 710 1169 711 1170 368 1170 712 1170 366 1171 368 1171 711 1171 712 1172 377 1172 713 1172 368 1173 377 1173 712 1173 713 1174 378 1174 714 1174 377 1175 378 1175 713 1175 378 1176 379 1176 714 1176 714 1177 379 1177 715 1177 379 1178 382 1178 715 1178 715 1179 382 1179 716 1179 382 1180 385 1180 716 1180 716 1181 385 1181 717 1181 385 1182 388 1182 717 1182 717 1183 388 1183 718 1183 718 1184 391 1184 719 1184 388 1185 391 1185 718 1185 719 1186 394 1186 720 1186 391 1187 394 1187 719 1187 720 1188 397 1188 721 1188 394 1189 397 1189 720 1189 721 1190 400 1190 722 1190 397 1191 400 1191 721 1191 722 1192 403 1192 723 1192 400 1193 403 1193 722 1193 723 1194 406 1194 724 1194 403 1195 406 1195 723 1195 724 1196 409 1196 725 1196 406 1197 409 1197 724 1197 725 1198 413 1198 726 1198 409 1199 413 1199 725 1199 726 1200 414 1200 727 1200 413 1201 414 1201 726 1201 727 1202 416 1202 602 1202 414 1203 416 1203 727 1203 524 1204 728 1204 523 1204 523 1205 728 1205 729 1205 523 1206 730 1206 522 1206 729 1207 730 1207 523 1207 524 1208 731 1208 728 1208 525 1209 731 1209 524 1209 730 1210 732 1210 522 1210 522 1211 732 1211 521 1211 525 1212 733 1212 731 1212 526 1213 733 1213 525 1213 527 1214 733 1214 526 1214 732 1215 734 1215 521 1215 521 1216 734 1216 520 1216 527 1217 735 1217 733 1217 520 1218 736 1218 519 1218 734 1219 736 1219 520 1219 528 1220 737 1220 527 1220 527 1221 737 1221 735 1221 518 1222 738 1222 517 1222 519 1223 738 1223 518 1223 736 1224 738 1224 519 1224 529 1225 739 1225 528 1225 528 1226 739 1226 737 1226 517 1227 740 1227 516 1227 738 1228 740 1228 517 1228 529 1229 741 1229 739 1229 530 1230 741 1230 529 1230 531 1231 741 1231 530 1231 740 1232 742 1232 516 1232 531 1233 743 1233 741 1233 516 1234 744 1234 515 1234 742 1235 744 1235 516 1235 531 1236 745 1236 743 1236 532 1237 745 1237 531 1237 744 1238 746 1238 515 1238 515 1239 746 1239 514 1239 533 1240 747 1240 532 1240 532 1241 747 1241 745 1241 746 1242 748 1242 514 1242 513 1243 748 1243 512 1243 514 1244 748 1244 513 1244 533 1245 749 1245 747 1245 534 1246 749 1246 533 1246 748 1247 750 1247 512 1247 534 1248 751 1248 749 1248 535 1249 751 1249 534 1249 750 1250 752 1250 512 1250 512 1251 752 1251 511 1251 536 1252 753 1252 535 1252 537 1253 753 1253 536 1253 535 1254 753 1254 751 1254 511 1255 754 1255 510 1255 752 1256 754 1256 511 1256 537 1257 755 1257 753 1257 538 1258 755 1258 537 1258 509 1259 756 1259 508 1259 510 1260 756 1260 509 1260 754 1261 756 1261 510 1261 538 1262 757 1262 755 1262 756 1263 758 1263 508 1263 539 1264 759 1264 538 1264 538 1265 759 1265 757 1265 507 1266 760 1266 506 1266 508 1267 760 1267 507 1267 758 1268 760 1268 508 1268 540 1269 761 1269 539 1269 541 1270 761 1270 540 1270 539 1271 761 1271 759 1271 760 1272 762 1272 506 1272 541 1273 763 1273 761 1273 506 1274 764 1274 505 1274 762 1275 764 1275 506 1275 542 1276 765 1276 541 1276 541 1277 765 1277 763 1277 764 1278 766 1278 505 1278 504 1279 766 1279 503 1279 505 1280 766 1280 504 1280 542 1281 767 1281 765 1281 543 1282 767 1282 542 1282 544 1283 767 1283 543 1283 766 1284 768 1284 503 1284 544 1285 769 1285 767 1285 503 1286 770 1286 502 1286 768 1287 770 1287 503 1287 544 1288 771 1288 769 1288 545 1289 771 1289 544 1289 502 1290 772 1290 501 1290 770 1291 772 1291 502 1291 545 1292 773 1292 771 1292 546 1293 773 1293 545 1293 772 1294 774 1294 501 1294 501 1295 774 1295 500 1295 546 1296 775 1296 773 1296 547 1297 775 1297 546 1297 499 1298 776 1298 498 1298 500 1299 776 1299 499 1299 774 1300 776 1300 500 1300 547 1301 777 1301 775 1301 548 1302 777 1302 547 1302 549 1303 777 1303 548 1303 776 1304 778 1304 498 1304 549 1305 779 1305 777 1305 778 1306 780 1306 498 1306 498 1307 780 1307 497 1307 780 1308 496 1308 497 1308 549 1309 781 1309 779 1309 550 1310 781 1310 549 1310 780 1311 782 1311 496 1311 782 1312 495 1312 496 1312 550 1313 783 1313 781 1313 551 1314 783 1314 550 1314 782 1315 784 1315 495 1315 551 1316 785 1316 783 1316 552 1317 785 1317 551 1317 495 1318 786 1318 494 1318 784 1319 786 1319 495 1319 553 1320 787 1320 552 1320 552 1321 787 1321 785 1321 494 1322 788 1322 493 1322 786 1323 788 1323 494 1323 553 1324 554 1324 787 1324 554 1325 789 1325 787 1325 493 1326 790 1326 492 1326 788 1327 790 1327 493 1327 554 1328 555 1328 789 1328 789 1329 555 1329 791 1329 790 1330 491 1330 492 1330 792 1331 491 1331 790 1331 791 1332 556 1332 793 1332 555 1333 556 1333 791 1333 792 1334 794 1334 491 1334 794 1335 490 1335 491 1335 556 1336 795 1336 793 1336 556 1337 557 1337 795 1337 794 1338 489 1338 490 1338 796 1339 489 1339 794 1339 795 1340 558 1340 797 1340 557 1341 558 1341 795 1341 796 1342 488 1342 489 1342 798 1343 488 1343 796 1343 798 1344 799 1344 488 1344 797 1345 559 1345 800 1345 558 1346 559 1346 797 1346 559 1347 801 1347 800 1347 799 1348 487 1348 488 1348 559 1349 560 1349 801 1349 802 1350 486 1350 799 1350 799 1351 486 1351 487 1351 801 1352 561 1352 803 1352 803 1353 561 1353 804 1353 560 1354 561 1354 801 1354 802 1355 485 1355 486 1355 805 1356 485 1356 802 1356 561 1357 562 1357 804 1357 806 1358 484 1358 805 1358 805 1359 484 1359 485 1359 804 1360 563 1360 807 1360 562 1361 563 1361 804 1361 808 1362 483 1362 809 1362 809 1363 483 1363 806 1363 806 1364 483 1364 484 1364 807 1365 564 1365 810 1365 810 1366 564 1366 811 1366 563 1367 564 1367 807 1367 808 1368 482 1368 483 1368 564 1369 565 1369 811 1369 812 1370 481 1370 808 1370 808 1371 481 1371 482 1371 811 1372 566 1372 813 1372 565 1373 566 1373 811 1373 814 1374 480 1374 812 1374 812 1375 480 1375 481 1375 813 1376 567 1376 815 1376 566 1377 567 1377 813 1377 814 1378 479 1378 480 1378 816 1379 479 1379 814 1379 567 1380 568 1380 815 1380 815 1381 568 1381 817 1381 816 1382 478 1382 479 1382 818 1383 478 1383 816 1383 568 1384 569 1384 817 1384 817 1385 569 1385 819 1385 819 1386 569 1386 820 1386 821 1387 477 1387 822 1387 822 1388 477 1388 818 1388 818 1389 477 1389 478 1389 820 1390 570 1390 823 1390 569 1391 570 1391 820 1391 821 1392 476 1392 477 1392 823 1393 571 1393 824 1393 570 1394 571 1394 823 1394 821 1395 601 1395 476 1395 825 1396 601 1396 826 1396 826 1397 601 1397 821 1397 571 1398 572 1398 824 1398 825 1399 600 1399 601 1399 824 1400 573 1400 827 1400 827 1401 573 1401 828 1401 572 1402 573 1402 824 1402 829 1403 599 1403 830 1403 830 1404 599 1404 825 1404 825 1405 599 1405 600 1405 573 1406 574 1406 828 1406 829 1407 598 1407 599 1407 828 1408 575 1408 831 1408 574 1409 575 1409 828 1409 832 1410 597 1410 829 1410 829 1411 597 1411 598 1411 831 1412 576 1412 833 1412 575 1413 576 1413 831 1413 834 1414 596 1414 835 1414 835 1415 596 1415 832 1415 832 1416 596 1416 597 1416 576 1417 577 1417 833 1417 833 1418 577 1418 836 1418 836 1419 577 1419 837 1419 838 1420 595 1420 834 1420 834 1421 595 1421 596 1421 577 1422 578 1422 837 1422 837 1423 578 1423 839 1423 840 1424 594 1424 838 1424 838 1425 594 1425 595 1425 839 1426 579 1426 841 1426 578 1427 579 1427 839 1427 840 1428 593 1428 594 1428 579 1429 580 1429 841 1429 842 1430 592 1430 840 1430 840 1431 592 1431 593 1431 841 1432 581 1432 843 1432 843 1433 581 1433 844 1433 580 1434 581 1434 841 1434 842 1435 591 1435 592 1435 845 1436 591 1436 846 1436 846 1437 591 1437 842 1437 581 1438 582 1438 844 1438 845 1439 590 1439 591 1439 844 1440 583 1440 847 1440 847 1441 583 1441 848 1441 582 1442 583 1442 844 1442 849 1443 589 1443 845 1443 845 1444 589 1444 590 1444 583 1445 584 1445 848 1445 850 1446 588 1446 851 1446 851 1447 588 1447 849 1447 849 1448 588 1448 589 1448 848 1449 585 1449 852 1449 584 1450 585 1450 848 1450 850 1451 587 1451 588 1451 852 1452 586 1452 853 1452 853 1453 586 1453 850 1453 850 1454 586 1454 587 1454 585 1455 586 1455 852 1455 854 1456 680 1456 681 1456 854 1457 681 1457 855 1457 856 1458 681 1458 682 1458 856 1459 855 1459 681 1459 857 1460 680 1460 854 1460 857 1461 679 1461 680 1461 858 1462 856 1462 682 1462 858 1463 682 1463 683 1463 859 1464 679 1464 857 1464 859 1465 678 1465 679 1465 860 1466 858 1466 683 1466 860 1467 683 1467 684 1467 860 1468 684 1468 685 1468 861 1469 678 1469 859 1469 861 1470 677 1470 678 1470 862 1471 860 1471 685 1471 862 1472 685 1472 686 1472 863 1473 677 1473 861 1473 863 1474 676 1474 677 1474 864 1475 862 1475 686 1475 865 1476 676 1476 863 1476 865 1477 675 1477 676 1477 866 1478 864 1478 686 1478 866 1479 686 1479 687 1479 867 1480 675 1480 865 1480 867 1481 673 1481 674 1481 867 1482 674 1482 675 1482 868 1483 866 1483 687 1483 868 1484 687 1484 688 1484 869 1485 673 1485 867 1485 870 1486 688 1486 689 1486 870 1487 689 1487 690 1487 870 1488 868 1488 688 1488 871 1489 673 1489 869 1489 871 1490 671 1490 672 1490 871 1491 672 1491 673 1491 872 1492 870 1492 690 1492 873 1493 671 1493 871 1493 874 1494 872 1494 690 1494 874 1495 690 1495 691 1495 875 1496 671 1496 873 1496 875 1497 669 1497 670 1497 875 1498 670 1498 671 1498 876 1499 874 1499 691 1499 876 1500 691 1500 692 1500 877 1501 669 1501 875 1501 878 1502 876 1502 692 1502 878 1503 692 1503 693 1503 878 1504 693 1504 694 1504 879 1505 669 1505 877 1505 879 1506 667 1506 668 1506 879 1507 668 1507 669 1507 880 1508 878 1508 694 1508 880 1509 694 1509 695 1509 881 1510 667 1510 879 1510 882 1511 880 1511 695 1511 883 1512 667 1512 881 1512 883 1513 666 1513 667 1513 884 1514 882 1514 695 1514 884 1515 695 1515 696 1515 884 1516 696 1516 697 1516 885 1517 665 1517 666 1517 885 1518 666 1518 883 1518 886 1519 884 1519 697 1519 887 1520 664 1520 665 1520 887 1521 665 1521 885 1521 888 1522 886 1522 697 1522 888 1523 697 1523 698 1523 889 1524 664 1524 887 1524 889 1525 663 1525 664 1525 890 1526 888 1526 698 1526 890 1527 698 1527 699 1527 891 1528 661 1528 662 1528 891 1529 662 1529 663 1529 891 1530 663 1530 889 1530 892 1531 890 1531 699 1531 892 1532 699 1532 700 1532 893 1533 661 1533 891 1533 894 1534 892 1534 700 1534 894 1535 700 1535 701 1535 895 1536 661 1536 893 1536 895 1537 659 1537 660 1537 895 1538 660 1538 661 1538 896 1539 894 1539 701 1539 896 1540 701 1540 702 1540 897 1541 659 1541 895 1541 898 1542 702 1542 703 1542 898 1543 896 1543 702 1543 899 1544 659 1544 897 1544 899 1545 658 1545 659 1545 900 1546 703 1546 704 1546 900 1547 898 1547 703 1547 901 1548 658 1548 899 1548 901 1549 657 1549 658 1549 902 1550 704 1550 705 1550 902 1551 900 1551 704 1551 903 1552 657 1552 901 1552 903 1553 656 1553 657 1553 904 1554 705 1554 706 1554 904 1555 706 1555 707 1555 904 1556 902 1556 705 1556 905 1557 655 1557 656 1557 905 1558 656 1558 903 1558 906 1559 904 1559 707 1559 907 1560 654 1560 655 1560 907 1561 655 1561 905 1561 653 1562 654 1562 907 1562 908 1563 707 1563 708 1563 908 1564 906 1564 707 1564 909 1565 653 1565 907 1565 910 1566 708 1566 709 1566 910 1567 908 1567 708 1567 911 1568 652 1568 653 1568 911 1569 653 1569 909 1569 912 1570 709 1570 710 1570 912 1571 910 1571 709 1571 913 1572 652 1572 911 1572 913 1573 651 1573 652 1573 914 1574 710 1574 711 1574 914 1575 912 1575 710 1575 915 1576 650 1576 651 1576 915 1577 651 1577 913 1577 712 1578 914 1578 711 1578 916 1579 914 1579 712 1579 649 1580 915 1580 917 1580 649 1581 650 1581 915 1581 918 1582 916 1582 712 1582 713 1583 918 1583 712 1583 648 1584 649 1584 917 1584 648 1585 917 1585 919 1585 714 1586 920 1586 918 1586 714 1587 918 1587 713 1587 921 1588 648 1588 919 1588 647 1589 648 1589 921 1589 715 1590 920 1590 714 1590 715 1591 922 1591 920 1591 646 1592 647 1592 921 1592 646 1593 921 1593 923 1593 716 1594 922 1594 715 1594 716 1595 924 1595 922 1595 645 1596 646 1596 923 1596 645 1597 923 1597 925 1597 717 1598 924 1598 716 1598 717 1599 926 1599 924 1599 644 1600 645 1600 925 1600 644 1601 925 1601 927 1601 718 1602 926 1602 717 1602 718 1603 928 1603 926 1603 643 1604 644 1604 927 1604 643 1605 927 1605 929 1605 719 1606 930 1606 928 1606 719 1607 931 1607 930 1607 719 1608 928 1608 718 1608 642 1609 643 1609 929 1609 642 1610 929 1610 932 1610 720 1611 931 1611 719 1611 641 1612 932 1612 933 1612 641 1613 642 1613 932 1613 721 1614 931 1614 720 1614 721 1615 934 1615 931 1615 721 1616 935 1616 934 1616 640 1617 933 1617 936 1617 640 1618 641 1618 933 1618 722 1619 935 1619 721 1619 639 1620 640 1620 936 1620 639 1621 937 1621 938 1621 639 1622 936 1622 937 1622 723 1623 939 1623 935 1623 723 1624 935 1624 722 1624 638 1625 639 1625 938 1625 724 1626 940 1626 939 1626 724 1627 939 1627 723 1627 637 1628 938 1628 941 1628 637 1629 638 1629 938 1629 725 1630 942 1630 940 1630 725 1631 940 1631 724 1631 636 1632 637 1632 941 1632 636 1633 941 1633 943 1633 726 1634 944 1634 942 1634 726 1635 945 1635 944 1635 726 1636 942 1636 725 1636 635 1637 636 1637 943 1637 635 1638 943 1638 946 1638 727 1639 945 1639 726 1639 634 1640 635 1640 946 1640 634 1641 947 1641 948 1641 634 1642 946 1642 947 1642 602 1643 949 1643 950 1643 602 1644 945 1644 727 1644 602 1645 950 1645 945 1645 633 1646 634 1646 948 1646 603 1647 951 1647 949 1647 603 1648 949 1648 602 1648 632 1649 633 1649 948 1649 632 1650 952 1650 953 1650 632 1651 948 1651 952 1651 604 1652 951 1652 603 1652 631 1653 632 1653 953 1653 605 1654 954 1654 951 1654 605 1655 951 1655 604 1655 630 1656 953 1656 955 1656 630 1657 631 1657 953 1657 606 1658 956 1658 954 1658 606 1659 957 1659 956 1659 606 1660 954 1660 605 1660 629 1661 958 1661 959 1661 629 1662 955 1662 958 1662 629 1663 630 1663 955 1663 607 1664 957 1664 606 1664 628 1665 959 1665 960 1665 628 1666 629 1666 959 1666 608 1667 961 1667 957 1667 608 1668 957 1668 607 1668 627 1669 628 1669 960 1669 609 1670 962 1670 961 1670 609 1671 961 1671 608 1671 626 1672 960 1672 963 1672 626 1673 627 1673 960 1673 610 1674 964 1674 962 1674 610 1675 965 1675 964 1675 610 1676 962 1676 609 1676 625 1677 626 1677 963 1677 625 1678 963 1678 966 1678 611 1679 965 1679 610 1679 624 1680 625 1680 966 1680 624 1681 966 1681 967 1681 612 1682 965 1682 611 1682 612 1683 968 1683 965 1683 623 1684 624 1684 967 1684 623 1685 967 1685 969 1685 613 1686 970 1686 968 1686 613 1687 968 1687 612 1687 622 1688 623 1688 969 1688 622 1689 969 1689 971 1689 614 1690 970 1690 613 1690 614 1691 972 1691 970 1691 621 1692 622 1692 971 1692 621 1693 973 1693 974 1693 621 1694 971 1694 973 1694 615 1695 975 1695 972 1695 615 1696 972 1696 614 1696 620 1697 621 1697 974 1697 616 1698 975 1698 615 1698 616 1699 976 1699 975 1699 616 1700 977 1700 976 1700 619 1701 978 1701 979 1701 619 1702 974 1702 978 1702 619 1703 620 1703 974 1703 617 1704 977 1704 616 1704 618 1705 619 1705 979 1705 618 1706 979 1706 977 1706 618 1707 977 1707 617 1707 980 1708 821 1708 981 1708 981 1709 822 1709 982 1709 821 1710 822 1710 981 1710 822 1711 818 1711 982 1711 982 1712 816 1712 983 1712 983 1713 816 1713 984 1713 818 1714 816 1714 982 1714 816 1715 814 1715 984 1715 984 1716 812 1716 985 1716 814 1717 812 1717 984 1717 985 1718 808 1718 986 1718 812 1719 808 1719 985 1719 986 1720 809 1720 987 1720 987 1721 809 1721 988 1721 808 1722 809 1722 986 1722 809 1723 806 1723 988 1723 988 1724 805 1724 989 1724 806 1725 805 1725 988 1725 989 1726 802 1726 990 1726 990 1727 802 1727 991 1727 805 1728 802 1728 989 1728 802 1729 799 1729 991 1729 991 1730 799 1730 992 1730 799 1731 798 1731 992 1731 798 1732 796 1732 992 1732 992 1733 796 1733 993 1733 796 1734 794 1734 993 1734 993 1735 794 1735 994 1735 994 1736 792 1736 995 1736 794 1737 792 1737 994 1737 995 1738 790 1738 996 1738 792 1739 790 1739 995 1739 790 1740 788 1740 996 1740 996 1741 788 1741 997 1741 997 1742 788 1742 998 1742 788 1743 786 1743 998 1743 998 1744 784 1744 999 1744 786 1745 784 1745 998 1745 999 1746 782 1746 1000 1746 1000 1747 782 1747 1001 1747 784 1748 782 1748 999 1748 782 1749 780 1749 1001 1749 1001 1750 778 1750 1002 1750 780 1751 778 1751 1001 1751 1002 1752 776 1752 1003 1752 778 1753 776 1753 1002 1753 1003 1754 774 1754 1004 1754 776 1755 774 1755 1003 1755 1004 1756 772 1756 1005 1756 774 1757 772 1757 1004 1757 1005 1758 770 1758 1006 1758 772 1759 770 1759 1005 1759 1006 1760 768 1760 1007 1760 1007 1761 768 1761 1008 1761 770 1762 768 1762 1006 1762 768 1763 766 1763 1008 1763 1008 1764 764 1764 1009 1764 1009 1765 764 1765 1010 1765 766 1766 764 1766 1008 1766 764 1767 762 1767 1010 1767 1010 1768 760 1768 1011 1768 762 1769 760 1769 1010 1769 1011 1770 758 1770 1012 1770 1012 1771 758 1771 1013 1771 760 1772 758 1772 1011 1772 758 1773 756 1773 1013 1773 1013 1774 754 1774 1014 1774 1014 1775 754 1775 1015 1775 756 1776 754 1776 1013 1776 754 1777 752 1777 1015 1777 752 1778 750 1778 1015 1778 1015 1779 750 1779 1016 1779 1016 1780 748 1780 1017 1780 750 1781 748 1781 1016 1781 748 1782 746 1782 1017 1782 1017 1783 746 1783 1018 1783 746 1784 744 1784 1018 1784 1018 1785 744 1785 1019 1785 1019 1786 744 1786 1020 1786 744 1787 742 1787 1020 1787 742 1788 740 1788 1020 1788 1020 1789 740 1789 1021 1789 740 1790 738 1790 1021 1790 1021 1791 738 1791 1022 1791 738 1792 736 1792 1022 1792 1022 1793 736 1793 1023 1793 736 1794 734 1794 1023 1794 1023 1795 734 1795 1024 1795 734 1796 732 1796 1024 1796 1024 1797 732 1797 1025 1797 732 1798 730 1798 1025 1798 1025 1799 730 1799 1026 1799 730 1800 729 1800 1026 1800 1026 1801 729 1801 1027 1801 1027 1802 729 1802 1028 1802 729 1803 728 1803 1028 1803 1028 1804 728 1804 1029 1804 728 1805 731 1805 1029 1805 1029 1806 733 1806 1030 1806 731 1807 733 1807 1029 1807 1030 1808 735 1808 1031 1808 733 1809 735 1809 1030 1809 1031 1810 737 1810 1032 1810 1032 1811 737 1811 1033 1811 735 1812 737 1812 1031 1812 1033 1813 739 1813 1034 1813 737 1814 739 1814 1033 1814 739 1815 741 1815 1034 1815 1034 1816 743 1816 1035 1816 1035 1817 743 1817 1036 1817 741 1818 743 1818 1034 1818 743 1819 745 1819 1036 1819 1036 1820 747 1820 1037 1820 745 1821 747 1821 1036 1821 1037 1822 749 1822 1038 1822 1038 1823 749 1823 1039 1823 747 1824 749 1824 1037 1824 749 1825 751 1825 1039 1825 1039 1826 753 1826 1040 1826 751 1827 753 1827 1039 1827 1040 1828 755 1828 1041 1828 1041 1829 755 1829 1042 1829 753 1830 755 1830 1040 1830 755 1831 757 1831 1042 1831 757 1832 759 1832 1042 1832 1042 1833 759 1833 1043 1833 1043 1834 759 1834 1044 1834 759 1835 761 1835 1044 1835 761 1836 763 1836 1044 1836 1044 1837 763 1837 1045 1837 763 1838 765 1838 1045 1838 1045 1839 765 1839 1046 1839 765 1840 767 1840 1046 1840 1046 1841 767 1841 1047 1841 767 1842 769 1842 1047 1842 1047 1843 769 1843 1048 1843 1048 1844 769 1844 1049 1844 769 1845 771 1845 1049 1845 1049 1846 771 1846 1050 1846 771 1847 773 1847 1050 1847 773 1848 775 1848 1050 1848 1050 1849 775 1849 1051 1849 775 1850 777 1850 1051 1850 1051 1851 777 1851 1052 1851 777 1852 779 1852 1052 1852 1052 1853 779 1853 1053 1853 779 1854 781 1854 1053 1854 1053 1855 781 1855 1054 1855 781 1856 783 1856 1054 1856 1054 1857 783 1857 1055 1857 783 1858 785 1858 1055 1858 1055 1859 785 1859 1056 1859 785 1860 787 1860 1056 1860 1056 1861 787 1861 1057 1861 787 1862 789 1862 1057 1862 1057 1863 789 1863 1058 1863 789 1864 791 1864 1058 1864 1058 1865 791 1865 1059 1865 791 1866 793 1866 1059 1866 1059 1867 793 1867 1060 1867 793 1868 795 1868 1060 1868 1060 1869 795 1869 1061 1869 795 1870 797 1870 1061 1870 1061 1871 797 1871 1062 1871 1062 1872 800 1872 1063 1872 797 1873 800 1873 1062 1873 1063 1874 801 1874 1064 1874 800 1875 801 1875 1063 1875 1064 1876 803 1876 1065 1876 801 1877 803 1877 1064 1877 1065 1878 804 1878 1066 1878 803 1879 804 1879 1065 1879 1066 1880 807 1880 1067 1880 804 1881 807 1881 1066 1881 1067 1882 807 1882 1068 1882 807 1883 810 1883 1068 1883 1068 1884 810 1884 1069 1884 810 1885 811 1885 1069 1885 811 1886 813 1886 1069 1886 1069 1887 813 1887 1070 1887 813 1888 815 1888 1070 1888 1070 1889 815 1889 1071 1889 815 1890 817 1890 1071 1890 1071 1891 817 1891 1072 1891 817 1892 819 1892 1072 1892 1072 1893 819 1893 1073 1893 819 1894 820 1894 1073 1894 1073 1895 820 1895 1074 1895 820 1896 823 1896 1074 1896 1074 1897 823 1897 1075 1897 1075 1898 823 1898 1076 1898 823 1899 824 1899 1076 1899 824 1900 827 1900 1076 1900 1076 1901 827 1901 1077 1901 827 1902 828 1902 1077 1902 1077 1903 828 1903 1078 1903 828 1904 831 1904 1078 1904 1078 1905 831 1905 1079 1905 1079 1906 833 1906 1080 1906 831 1907 833 1907 1079 1907 1080 1908 836 1908 1081 1908 833 1909 836 1909 1080 1909 1081 1910 837 1910 1082 1910 836 1911 837 1911 1081 1911 1082 1912 839 1912 1083 1912 837 1913 839 1913 1082 1913 1083 1914 841 1914 1084 1914 1084 1915 841 1915 1085 1915 839 1916 841 1916 1083 1916 841 1917 843 1917 1085 1917 1085 1918 844 1918 1086 1918 843 1919 844 1919 1085 1919 1086 1920 847 1920 1087 1920 844 1921 847 1921 1086 1921 1087 1922 848 1922 1088 1922 847 1923 848 1923 1087 1923 1088 1924 852 1924 1089 1924 848 1925 852 1925 1088 1925 1089 1926 853 1926 1090 1926 852 1927 853 1927 1089 1927 1090 1928 850 1928 1091 1928 1091 1929 850 1929 1092 1929 853 1930 850 1930 1090 1930 1092 1931 851 1931 1093 1931 850 1932 851 1932 1092 1932 851 1933 849 1933 1093 1933 849 1934 845 1934 1093 1934 1093 1935 845 1935 1094 1935 845 1936 846 1936 1094 1936 1094 1937 846 1937 1095 1937 846 1938 842 1938 1095 1938 1095 1939 842 1939 1096 1939 1096 1940 840 1940 1097 1940 842 1941 840 1941 1096 1941 1097 1942 838 1942 1098 1942 840 1943 838 1943 1097 1943 1098 1944 834 1944 1099 1944 838 1945 834 1945 1098 1945 1099 1946 835 1946 1100 1946 834 1947 835 1947 1099 1947 1100 1948 832 1948 1101 1948 835 1949 832 1949 1100 1949 1101 1950 829 1950 1102 1950 832 1951 829 1951 1101 1951 1102 1952 830 1952 1103 1952 829 1953 830 1953 1102 1953 1103 1954 825 1954 1104 1954 830 1955 825 1955 1103 1955 1104 1956 826 1956 1105 1956 825 1957 826 1957 1104 1957 826 1958 821 1958 1105 1958 1105 1959 821 1959 980 1959 1106 1960 950 1960 1107 1960 950 1961 949 1961 1107 1961 1107 1962 951 1962 1108 1962 949 1963 951 1963 1107 1963 1108 1964 954 1964 1109 1964 1109 1965 954 1965 1110 1965 951 1966 954 1966 1108 1966 954 1967 956 1967 1110 1967 1110 1968 957 1968 1111 1968 956 1969 957 1969 1110 1969 1111 1970 961 1970 1112 1970 957 1971 961 1971 1111 1971 1112 1972 962 1972 1113 1972 961 1973 962 1973 1112 1973 1113 1974 964 1974 1114 1974 962 1975 964 1975 1113 1975 1114 1976 965 1976 1115 1976 964 1977 965 1977 1114 1977 1115 1978 968 1978 1116 1978 965 1979 968 1979 1115 1979 968 1980 970 1980 1116 1980 1116 1981 970 1981 1117 1981 970 1982 972 1982 1117 1982 1117 1983 972 1983 1118 1983 1118 1984 972 1984 1119 1984 972 1985 975 1985 1119 1985 975 1986 976 1986 1119 1986 1119 1987 976 1987 1120 1987 1120 1988 977 1988 1121 1988 1121 1989 977 1989 1122 1989 976 1990 977 1990 1120 1990 1122 1991 979 1991 1123 1991 977 1992 979 1992 1122 1992 979 1993 978 1993 1123 1993 1123 1994 974 1994 1124 1994 978 1995 974 1995 1123 1995 1124 1996 973 1996 1125 1996 974 1997 973 1997 1124 1997 1125 1998 971 1998 1126 1998 1126 1999 971 1999 1127 1999 973 2000 971 2000 1125 2000 971 2001 969 2001 1127 2001 1127 2002 967 2002 1128 2002 969 2003 967 2003 1127 2003 1128 2004 966 2004 1129 2004 967 2005 966 2005 1128 2005 1129 2006 963 2006 1130 2006 966 2007 963 2007 1129 2007 1130 2008 960 2008 1131 2008 1131 2009 960 2009 1132 2009 963 2010 960 2010 1130 2010 1132 2011 959 2011 1133 2011 960 2012 959 2012 1132 2012 1133 2013 958 2013 1134 2013 959 2014 958 2014 1133 2014 958 2015 955 2015 1134 2015 1134 2016 953 2016 1135 2016 1135 2017 953 2017 1136 2017 955 2018 953 2018 1134 2018 953 2019 952 2019 1136 2019 1136 2020 948 2020 1137 2020 1137 2021 948 2021 1138 2021 952 2022 948 2022 1136 2022 948 2023 947 2023 1138 2023 1138 2024 946 2024 1139 2024 947 2025 946 2025 1138 2025 1139 2026 943 2026 1140 2026 1140 2027 943 2027 1141 2027 946 2028 943 2028 1139 2028 943 2029 941 2029 1141 2029 941 2030 938 2030 1141 2030 1141 2031 938 2031 1142 2031 1142 2032 938 2032 1143 2032 938 2033 937 2033 1143 2033 937 2034 936 2034 1143 2034 1143 2035 936 2035 1144 2035 1144 2036 936 2036 1145 2036 936 2037 933 2037 1145 2037 933 2038 932 2038 1145 2038 1145 2039 932 2039 1146 2039 1146 2040 932 2040 1147 2040 932 2041 929 2041 1147 2041 1147 2042 929 2042 1148 2042 929 2043 927 2043 1148 2043 927 2044 925 2044 1148 2044 1148 2045 925 2045 1149 2045 925 2046 923 2046 1149 2046 1149 2047 923 2047 1150 2047 923 2048 921 2048 1150 2048 1150 2049 921 2049 1151 2049 921 2050 919 2050 1151 2050 1151 2051 919 2051 1152 2051 1152 2052 919 2052 1153 2052 919 2053 917 2053 1153 2053 1153 2054 917 2054 1154 2054 917 2055 915 2055 1154 2055 1154 2056 913 2056 1155 2056 915 2057 913 2057 1154 2057 1155 2058 911 2058 1156 2058 913 2059 911 2059 1155 2059 1156 2060 909 2060 1157 2060 911 2061 909 2061 1156 2061 1157 2062 907 2062 1158 2062 909 2063 907 2063 1157 2063 1158 2064 905 2064 1159 2064 1159 2065 905 2065 1160 2065 907 2066 905 2066 1158 2066 905 2067 903 2067 1160 2067 1160 2068 901 2068 1161 2068 903 2069 901 2069 1160 2069 1161 2070 899 2070 1162 2070 901 2071 899 2071 1161 2071 1162 2072 897 2072 1163 2072 899 2073 897 2073 1162 2073 1163 2074 895 2074 1164 2074 897 2075 895 2075 1163 2075 1164 2076 893 2076 1165 2076 1165 2077 893 2077 1166 2077 895 2078 893 2078 1164 2078 893 2079 891 2079 1166 2079 1166 2080 889 2080 1167 2080 891 2081 889 2081 1166 2081 889 2082 887 2082 1167 2082 1167 2083 887 2083 1168 2083 887 2084 885 2084 1168 2084 1168 2085 885 2085 1169 2085 885 2086 883 2086 1169 2086 1169 2087 883 2087 1170 2087 883 2088 881 2088 1170 2088 1170 2089 881 2089 1171 2089 881 2090 879 2090 1171 2090 1171 2091 879 2091 1172 2091 1172 2092 879 2092 1173 2092 879 2093 877 2093 1173 2093 1173 2094 877 2094 1174 2094 877 2095 875 2095 1174 2095 875 2096 873 2096 1174 2096 1174 2097 873 2097 1175 2097 873 2098 871 2098 1175 2098 1175 2099 871 2099 1176 2099 871 2100 869 2100 1176 2100 1176 2101 869 2101 1177 2101 1177 2102 869 2102 1178 2102 869 2103 867 2103 1178 2103 1178 2104 867 2104 1179 2104 867 2105 865 2105 1179 2105 1179 2106 865 2106 1180 2106 865 2107 863 2107 1180 2107 863 2108 861 2108 1180 2108 1180 2109 861 2109 1181 2109 861 2110 859 2110 1181 2110 1181 2111 859 2111 1182 2111 859 2112 857 2112 1182 2112 1182 2113 857 2113 1183 2113 857 2114 854 2114 1183 2114 1183 2115 854 2115 1184 2115 854 2116 855 2116 1184 2116 1184 2117 855 2117 1185 2117 1185 2118 855 2118 1186 2118 855 2119 856 2119 1186 2119 856 2120 858 2120 1186 2120 1186 2121 858 2121 1187 2121 858 2122 860 2122 1187 2122 1187 2123 860 2123 1188 2123 1188 2124 862 2124 1189 2124 860 2125 862 2125 1188 2125 1189 2126 864 2126 1190 2126 1190 2127 864 2127 1191 2127 862 2128 864 2128 1189 2128 864 2129 866 2129 1191 2129 1191 2130 868 2130 1192 2130 866 2131 868 2131 1191 2131 1192 2132 870 2132 1193 2132 868 2133 870 2133 1192 2133 870 2134 872 2134 1193 2134 1193 2135 872 2135 1194 2135 1194 2136 872 2136 1195 2136 872 2137 874 2137 1195 2137 874 2138 876 2138 1195 2138 1195 2139 876 2139 1196 2139 1196 2140 876 2140 1197 2140 876 2141 878 2141 1197 2141 1197 2142 878 2142 1198 2142 878 2143 880 2143 1198 2143 880 2144 882 2144 1198 2144 1198 2145 882 2145 1199 2145 1199 2146 882 2146 1200 2146 882 2147 884 2147 1200 2147 884 2148 886 2148 1200 2148 1200 2149 886 2149 1201 2149 1201 2150 886 2150 1202 2150 886 2151 888 2151 1202 2151 888 2152 890 2152 1202 2152 1202 2153 890 2153 1203 2153 890 2154 892 2154 1203 2154 1203 2155 892 2155 1204 2155 1204 2156 892 2156 1205 2156 1205 2157 894 2157 1206 2157 892 2158 894 2158 1205 2158 894 2159 896 2159 1206 2159 1206 2160 898 2160 1207 2160 896 2161 898 2161 1206 2161 1207 2162 900 2162 1208 2162 898 2163 900 2163 1207 2163 1208 2164 902 2164 1209 2164 900 2165 902 2165 1208 2165 1209 2166 904 2166 1210 2166 902 2167 904 2167 1209 2167 1210 2168 906 2168 1211 2168 1211 2169 906 2169 1212 2169 904 2170 906 2170 1210 2170 906 2171 908 2171 1212 2171 1212 2172 910 2172 1213 2172 908 2173 910 2173 1212 2173 1213 2174 912 2174 1214 2174 910 2175 912 2175 1213 2175 1214 2176 914 2176 1215 2176 912 2177 914 2177 1214 2177 1215 2178 916 2178 1216 2178 914 2179 916 2179 1215 2179 1216 2180 918 2180 1217 2180 916 2181 918 2181 1216 2181 918 2182 920 2182 1217 2182 1217 2183 920 2183 1218 2183 920 2184 922 2184 1218 2184 1218 2185 922 2185 1219 2185 922 2186 924 2186 1219 2186 1219 2187 924 2187 1220 2187 924 2188 926 2188 1220 2188 1220 2189 926 2189 1221 2189 1221 2190 928 2190 1222 2190 926 2191 928 2191 1221 2191 1222 2192 930 2192 1223 2192 928 2193 930 2193 1222 2193 1223 2194 931 2194 1224 2194 930 2195 931 2195 1223 2195 1224 2196 934 2196 1225 2196 931 2197 934 2197 1224 2197 1225 2198 935 2198 1226 2198 934 2199 935 2199 1225 2199 1226 2200 939 2200 1227 2200 935 2201 939 2201 1226 2201 1227 2202 940 2202 1228 2202 939 2203 940 2203 1227 2203 1228 2204 942 2204 1229 2204 940 2205 942 2205 1228 2205 1229 2206 944 2206 1230 2206 942 2207 944 2207 1229 2207 1230 2208 945 2208 1231 2208 1231 2209 945 2209 1106 2209 944 2210 945 2210 1230 2210 945 2211 950 2211 1106 2211 1034 2212 1232 2212 1033 2212 1035 2213 1232 2213 1034 2213 1036 2214 1232 2214 1035 2214 1037 2215 1232 2215 1036 2215 1038 2216 1232 2216 1037 2216 1039 2217 1232 2217 1038 2217 1040 2218 1232 2218 1039 2218 1041 2219 1232 2219 1040 2219 1042 2220 1232 2220 1041 2220 1042 2221 1043 2221 1232 2221 1028 2222 1233 2222 1027 2222 1029 2223 1234 2223 1028 2223 1028 2224 1234 2224 1233 2224 1027 2225 1235 2225 1026 2225 1233 2226 1235 2226 1027 2226 1029 2227 1236 2227 1234 2227 1030 2228 1236 2228 1029 2228 1235 2229 1237 2229 1026 2229 1026 2230 1237 2230 1025 2230 1031 2231 1238 2231 1030 2231 1030 2232 1238 2232 1236 2232 1237 2233 1239 2233 1025 2233 1025 2234 1239 2234 1024 2234 1032 2235 1240 2235 1031 2235 1031 2236 1240 2236 1238 2236 1239 2237 1241 2237 1024 2237 1024 2238 1241 2238 1023 2238 1032 2239 1242 2239 1240 2239 1033 2240 1242 2240 1032 2240 1241 2241 1243 2241 1023 2241 1023 2242 1243 2242 1022 2242 1033 2243 1244 2243 1242 2243 1232 2244 1244 2244 1033 2244 1243 2245 1245 2245 1022 2245 1022 2246 1245 2246 1021 2246 1232 2247 1246 2247 1244 2247 1245 2248 1247 2248 1021 2248 1021 2249 1247 2249 1020 2249 1232 2250 1248 2250 1246 2250 1247 2251 1249 2251 1020 2251 1020 2252 1249 2252 1019 2252 1232 2253 1250 2253 1248 2253 1019 2254 1251 2254 1018 2254 1249 2255 1251 2255 1019 2255 1018 2256 1252 2256 1017 2256 1251 2257 1252 2257 1018 2257 1017 2258 1253 2258 1016 2258 1252 2259 1253 2259 1017 2259 1016 2260 1254 2260 1015 2260 1253 2261 1254 2261 1016 2261 1015 2262 1255 2262 1014 2262 1254 2263 1255 2263 1015 2263 1255 2264 1256 2264 1014 2264 1014 2265 1256 2265 1013 2265 1256 2266 1257 2266 1013 2266 1013 2267 1257 2267 1012 2267 1012 2268 1258 2268 1011 2268 1257 2269 1258 2269 1012 2269 1011 2270 1259 2270 1010 2270 1258 2271 1259 2271 1011 2271 1010 2272 1260 2272 1009 2272 1259 2273 1260 2273 1010 2273 1043 2274 1261 2274 1232 2274 1044 2275 1261 2275 1043 2275 1045 2276 1261 2276 1044 2276 1046 2277 1261 2277 1045 2277 1047 2278 1261 2278 1046 2278 1048 2279 1261 2279 1047 2279 1049 2280 1261 2280 1048 2280 1050 2281 1261 2281 1049 2281 1009 2282 1262 2282 1008 2282 1260 2283 1262 2283 1009 2283 1050 2284 1051 2284 1261 2284 1008 2285 1263 2285 1007 2285 1262 2286 1263 2286 1008 2286 1263 2287 1264 2287 1007 2287 1007 2288 1264 2288 1006 2288 1051 2289 1052 2289 1261 2289 1006 2290 1265 2290 1005 2290 1264 2291 1265 2291 1006 2291 1005 2292 1266 2292 1004 2292 1265 2293 1266 2293 1005 2293 1052 2294 1053 2294 1261 2294 1261 2295 1267 2295 1268 2295 1004 2296 1269 2296 1003 2296 1266 2297 1269 2297 1004 2297 1261 2298 1270 2298 1267 2298 1269 2299 1271 2299 1003 2299 1003 2300 1271 2300 1002 2300 1053 2301 1272 2301 1261 2301 1261 2302 1272 2302 1270 2302 1271 2303 1273 2303 1002 2303 1002 2304 1273 2304 1001 2304 1053 2305 1274 2305 1272 2305 1054 2306 1274 2306 1053 2306 1273 2307 1275 2307 1001 2307 1001 2308 1275 2308 1000 2308 1054 2309 1276 2309 1274 2309 1055 2310 1276 2310 1054 2310 1275 2311 1277 2311 1000 2311 1000 2312 1277 2312 999 2312 1055 2313 1278 2313 1276 2313 1056 2314 1278 2314 1055 2314 999 2315 1279 2315 998 2315 1277 2316 1279 2316 999 2316 1056 2317 1280 2317 1278 2317 1057 2318 1280 2318 1056 2318 1279 2319 1281 2319 998 2319 1281 2320 997 2320 998 2320 1057 2321 1282 2321 1280 2321 1057 2322 1058 2322 1282 2322 1281 2323 1283 2323 997 2323 1283 2324 996 2324 997 2324 1058 2325 1284 2325 1282 2325 1283 2326 1285 2326 996 2326 1058 2327 1059 2327 1284 2327 1059 2328 1286 2328 1284 2328 1285 2329 995 2329 996 2329 1287 2330 995 2330 1285 2330 1286 2331 1060 2331 1288 2331 1059 2332 1060 2332 1286 2332 1289 2333 994 2333 1287 2333 1287 2334 994 2334 995 2334 1288 2335 1061 2335 1290 2335 1060 2336 1061 2336 1288 2336 1291 2337 993 2337 1289 2337 1289 2338 993 2338 994 2338 1290 2339 1062 2339 1292 2339 1061 2340 1062 2340 1290 2340 1293 2341 992 2341 1291 2341 1291 2342 992 2342 993 2342 1292 2343 1063 2343 1294 2343 1062 2344 1063 2344 1292 2344 1293 2345 991 2345 992 2345 1295 2346 991 2346 1293 2346 1063 2347 1064 2347 1294 2347 1294 2348 1064 2348 1296 2348 1295 2349 990 2349 991 2349 1297 2350 990 2350 1295 2350 1296 2351 1065 2351 1298 2351 1064 2352 1065 2352 1296 2352 1298 2353 1066 2353 1299 2353 1065 2354 1066 2354 1298 2354 989 2355 1300 2355 988 2355 990 2356 1300 2356 989 2356 1297 2357 1300 2357 990 2357 1301 2358 1300 2358 1297 2358 1302 2359 1300 2359 1301 2359 1303 2360 1300 2360 1302 2360 1299 2361 1067 2361 1304 2361 1066 2362 1067 2362 1299 2362 1300 2363 987 2363 988 2363 1304 2364 1068 2364 1305 2364 1067 2365 1068 2365 1304 2365 1300 2366 986 2366 987 2366 1305 2367 1069 2367 1306 2367 1068 2368 1069 2368 1305 2368 1300 2369 985 2369 986 2369 1306 2370 1070 2370 1307 2370 1069 2371 1070 2371 1306 2371 1300 2372 984 2372 985 2372 1307 2373 1071 2373 1308 2373 1070 2374 1071 2374 1307 2374 1300 2375 983 2375 984 2375 1308 2376 1072 2376 1309 2376 1071 2377 1072 2377 1308 2377 1300 2378 982 2378 983 2378 1309 2379 1073 2379 1310 2379 1072 2380 1073 2380 1309 2380 1300 2381 981 2381 982 2381 1310 2382 1074 2382 1311 2382 1073 2383 1074 2383 1310 2383 1312 2384 1313 2384 1314 2384 1315 2385 1313 2385 1312 2385 1316 2386 1313 2386 1315 2386 1300 2387 980 2387 981 2387 1313 2388 980 2388 1300 2388 1311 2389 1075 2389 1317 2389 1074 2390 1075 2390 1311 2390 1313 2391 1105 2391 980 2391 1317 2392 1076 2392 1318 2392 1075 2393 1076 2393 1317 2393 1313 2394 1104 2394 1105 2394 1318 2395 1077 2395 1319 2395 1076 2396 1077 2396 1318 2396 1313 2397 1103 2397 1104 2397 1319 2398 1078 2398 1320 2398 1077 2399 1078 2399 1319 2399 1313 2400 1102 2400 1103 2400 1320 2401 1079 2401 1321 2401 1078 2402 1079 2402 1320 2402 1313 2403 1101 2403 1102 2403 1079 2404 1080 2404 1321 2404 1321 2405 1080 2405 1322 2405 1313 2406 1100 2406 1101 2406 1080 2407 1081 2407 1322 2407 1322 2408 1081 2408 1323 2408 1313 2409 1099 2409 1100 2409 1081 2410 1082 2410 1323 2410 1323 2411 1082 2411 1324 2411 1313 2412 1098 2412 1099 2412 1082 2413 1083 2413 1324 2413 1324 2414 1083 2414 1325 2414 1313 2415 1097 2415 1098 2415 1083 2416 1084 2416 1325 2416 1325 2417 1084 2417 1326 2417 1313 2418 1096 2418 1097 2418 1327 2419 1096 2419 1316 2419 1316 2420 1096 2420 1313 2420 1084 2421 1085 2421 1326 2421 1326 2422 1085 2422 1328 2422 1327 2423 1095 2423 1096 2423 1329 2424 1095 2424 1327 2424 1085 2425 1086 2425 1328 2425 1328 2426 1086 2426 1330 2426 1329 2427 1094 2427 1095 2427 1331 2428 1094 2428 1329 2428 1086 2429 1087 2429 1330 2429 1330 2430 1087 2430 1332 2430 1331 2431 1093 2431 1094 2431 1333 2432 1093 2432 1331 2432 1087 2433 1088 2433 1332 2433 1332 2434 1088 2434 1334 2434 1333 2435 1092 2435 1093 2435 1335 2436 1092 2436 1333 2436 1088 2437 1089 2437 1334 2437 1334 2438 1089 2438 1336 2438 1335 2439 1091 2439 1092 2439 1337 2440 1091 2440 1335 2440 1336 2441 1090 2441 1337 2441 1089 2442 1090 2442 1336 2442 1337 2443 1090 2443 1091 2443 1338 2444 1185 2444 1339 2444 1340 2445 1184 2445 1338 2445 1338 2446 1184 2446 1185 2446 1339 2447 1186 2447 1341 2447 1185 2448 1186 2448 1339 2448 1340 2449 1183 2449 1184 2449 1342 2450 1183 2450 1340 2450 1186 2451 1187 2451 1341 2451 1341 2452 1187 2452 1343 2452 1342 2453 1182 2453 1183 2453 1344 2454 1182 2454 1342 2454 1187 2455 1188 2455 1343 2455 1343 2456 1188 2456 1345 2456 1344 2457 1181 2457 1182 2457 1346 2458 1181 2458 1344 2458 1188 2459 1189 2459 1345 2459 1345 2460 1189 2460 1347 2460 1348 2461 1180 2461 1346 2461 1346 2462 1180 2462 1181 2462 1189 2463 1190 2463 1347 2463 1347 2464 1190 2464 1349 2464 1348 2465 1179 2465 1180 2465 1350 2466 1179 2466 1348 2466 1190 2467 1191 2467 1349 2467 1349 2468 1191 2468 1351 2468 1352 2469 1178 2469 1350 2469 1350 2470 1178 2470 1179 2470 1191 2471 1192 2471 1351 2471 1351 2472 1192 2472 1353 2472 1354 2473 1177 2473 1352 2473 1352 2474 1177 2474 1178 2474 1353 2475 1193 2475 1355 2475 1192 2476 1193 2476 1353 2476 1356 2477 1176 2477 1354 2477 1354 2478 1176 2478 1177 2478 1355 2479 1194 2479 1357 2479 1193 2480 1194 2480 1355 2480 1356 2481 1175 2481 1176 2481 1358 2482 1175 2482 1356 2482 1357 2483 1195 2483 1359 2483 1194 2484 1195 2484 1357 2484 1358 2485 1174 2485 1175 2485 1360 2486 1174 2486 1358 2486 1195 2487 1196 2487 1359 2487 1359 2488 1196 2488 1361 2488 1360 2489 1173 2489 1174 2489 1362 2490 1173 2490 1360 2490 1196 2491 1197 2491 1361 2491 1361 2492 1197 2492 1363 2492 1362 2493 1172 2493 1173 2493 1364 2494 1172 2494 1362 2494 1197 2495 1198 2495 1363 2495 1363 2496 1198 2496 1365 2496 1366 2497 1171 2497 1364 2497 1364 2498 1171 2498 1172 2498 1365 2499 1199 2499 1367 2499 1198 2500 1199 2500 1365 2500 1368 2501 1170 2501 1366 2501 1366 2502 1170 2502 1171 2502 1367 2503 1200 2503 1369 2503 1199 2504 1200 2504 1367 2504 1368 2505 1169 2505 1170 2505 1370 2506 1169 2506 1368 2506 1200 2507 1201 2507 1369 2507 1369 2508 1201 2508 1371 2508 1372 2509 1168 2509 1370 2509 1370 2510 1168 2510 1169 2510 1371 2511 1202 2511 1373 2511 1201 2512 1202 2512 1371 2512 1374 2513 1167 2513 1372 2513 1372 2514 1167 2514 1168 2514 1373 2515 1203 2515 1375 2515 1202 2516 1203 2516 1373 2516 1376 2517 1166 2517 1374 2517 1374 2518 1166 2518 1167 2518 1203 2519 1204 2519 1375 2519 1375 2520 1204 2520 1377 2520 1376 2521 1165 2521 1166 2521 1378 2522 1165 2522 1376 2522 1204 2523 1205 2523 1377 2523 1377 2524 1205 2524 1379 2524 1378 2525 1164 2525 1165 2525 1380 2526 1164 2526 1378 2526 1205 2527 1206 2527 1379 2527 1379 2528 1206 2528 1381 2528 1380 2529 1163 2529 1164 2529 1382 2530 1163 2530 1380 2530 1206 2531 1207 2531 1381 2531 1381 2532 1207 2532 1383 2532 1382 2533 1162 2533 1163 2533 1384 2534 1162 2534 1382 2534 1383 2535 1208 2535 1385 2535 1207 2536 1208 2536 1383 2536 1384 2537 1161 2537 1162 2537 1386 2538 1161 2538 1384 2538 1385 2539 1209 2539 1387 2539 1208 2540 1209 2540 1385 2540 1386 2541 1160 2541 1161 2541 1388 2542 1160 2542 1386 2542 1387 2543 1210 2543 1389 2543 1209 2544 1210 2544 1387 2544 1388 2545 1159 2545 1160 2545 1390 2546 1159 2546 1388 2546 1210 2547 1211 2547 1389 2547 1211 2548 1391 2548 1389 2548 1390 2549 1158 2549 1159 2549 1392 2550 1158 2550 1390 2550 1211 2551 1212 2551 1391 2551 1212 2552 1393 2552 1391 2552 1392 2553 1157 2553 1158 2553 1394 2554 1157 2554 1392 2554 1212 2555 1213 2555 1393 2555 1213 2556 1395 2556 1393 2556 1396 2557 1156 2557 1394 2557 1394 2558 1156 2558 1157 2558 1213 2559 1214 2559 1395 2559 1397 2560 1155 2560 1396 2560 1396 2561 1155 2561 1156 2561 1214 2562 1398 2562 1395 2562 1214 2563 1215 2563 1398 2563 1399 2564 1154 2564 1397 2564 1397 2565 1154 2565 1155 2565 1215 2566 1400 2566 1398 2566 1215 2567 1216 2567 1400 2567 1399 2568 1153 2568 1154 2568 1399 2569 1401 2569 1153 2569 1217 2570 1402 2570 1216 2570 1216 2571 1402 2571 1400 2571 1401 2572 1152 2572 1153 2572 1401 2573 1403 2573 1152 2573 1217 2574 1404 2574 1402 2574 1218 2575 1404 2575 1217 2575 1403 2576 1151 2576 1152 2576 1403 2577 1405 2577 1151 2577 1218 2578 1406 2578 1404 2578 1219 2579 1406 2579 1218 2579 1405 2580 1407 2580 1151 2580 1151 2581 1407 2581 1150 2581 1407 2582 1149 2582 1150 2582 1219 2583 1408 2583 1406 2583 1220 2584 1408 2584 1219 2584 1407 2585 1409 2585 1149 2585 1409 2586 1148 2586 1149 2586 1220 2587 1410 2587 1408 2587 1221 2588 1410 2588 1220 2588 1409 2589 1411 2589 1148 2589 1148 2590 1411 2590 1147 2590 1221 2591 1412 2591 1410 2591 1222 2592 1412 2592 1221 2592 1411 2593 1413 2593 1147 2593 1147 2594 1413 2594 1146 2594 1223 2595 1414 2595 1222 2595 1222 2596 1414 2596 1412 2596 1413 2597 1415 2597 1146 2597 1146 2598 1415 2598 1145 2598 1224 2599 1416 2599 1223 2599 1223 2600 1416 2600 1414 2600 1415 2601 1417 2601 1145 2601 1145 2602 1417 2602 1144 2602 1225 2603 1418 2603 1224 2603 1224 2604 1418 2604 1416 2604 1417 2605 1419 2605 1144 2605 1226 2606 1420 2606 1225 2606 1225 2607 1420 2607 1418 2607 1143 2608 1421 2608 1142 2608 1144 2609 1421 2609 1143 2609 1419 2610 1421 2610 1144 2610 1227 2611 1422 2611 1226 2611 1226 2612 1422 2612 1420 2612 1421 2613 1423 2613 1142 2613 1228 2614 1424 2614 1227 2614 1227 2615 1424 2615 1422 2615 1423 2616 1425 2616 1142 2616 1141 2617 1425 2617 1140 2617 1142 2618 1425 2618 1141 2618 1229 2619 1426 2619 1228 2619 1228 2620 1426 2620 1424 2620 1425 2621 1427 2621 1140 2621 1229 2622 1428 2622 1426 2622 1230 2623 1428 2623 1229 2623 1139 2624 1429 2624 1138 2624 1140 2625 1429 2625 1139 2625 1427 2626 1429 2626 1140 2626 1230 2627 1430 2627 1428 2627 1231 2628 1430 2628 1230 2628 1429 2629 1431 2629 1138 2629 1138 2630 1431 2630 1137 2630 1231 2631 1432 2631 1430 2631 1106 2632 1432 2632 1231 2632 1431 2633 1433 2633 1137 2633 1137 2634 1433 2634 1136 2634 1107 2635 1434 2635 1106 2635 1106 2636 1434 2636 1432 2636 1136 2637 1435 2637 1135 2637 1433 2638 1435 2638 1136 2638 1108 2639 1436 2639 1107 2639 1107 2640 1436 2640 1434 2640 1135 2641 1437 2641 1134 2641 1435 2642 1437 2642 1135 2642 1109 2643 1438 2643 1108 2643 1108 2644 1438 2644 1436 2644 1134 2645 1439 2645 1133 2645 1437 2646 1439 2646 1134 2646 1110 2647 1440 2647 1109 2647 1109 2648 1440 2648 1438 2648 1439 2649 1441 2649 1133 2649 1111 2650 1442 2650 1110 2650 1110 2651 1442 2651 1440 2651 1441 2652 1443 2652 1133 2652 1132 2653 1443 2653 1131 2653 1133 2654 1443 2654 1132 2654 1112 2655 1444 2655 1111 2655 1111 2656 1444 2656 1442 2656 1443 2657 1445 2657 1131 2657 1131 2658 1445 2658 1130 2658 1113 2659 1446 2659 1112 2659 1112 2660 1446 2660 1444 2660 1445 2661 1447 2661 1130 2661 1130 2662 1447 2662 1129 2662 1113 2663 1448 2663 1446 2663 1114 2664 1448 2664 1113 2664 1115 2665 1448 2665 1114 2665 1447 2666 1449 2666 1129 2666 1129 2667 1449 2667 1128 2667 1115 2668 1450 2668 1448 2668 1449 2669 1451 2669 1128 2669 1128 2670 1451 2670 1127 2670 1115 2671 1452 2671 1450 2671 1116 2672 1452 2672 1115 2672 1451 2673 1453 2673 1127 2673 1116 2674 1454 2674 1452 2674 1117 2675 1454 2675 1116 2675 1453 2676 1455 2676 1127 2676 1127 2677 1455 2677 1126 2677 1118 2678 1456 2678 1117 2678 1117 2679 1456 2679 1454 2679 1455 2680 1457 2680 1126 2680 1125 2681 1457 2681 1124 2681 1126 2682 1457 2682 1125 2682 1118 2683 1458 2683 1456 2683 1119 2684 1458 2684 1118 2684 1457 2685 1459 2685 1124 2685 1124 2686 1459 2686 1123 2686 1120 2687 1460 2687 1119 2687 1119 2688 1460 2688 1458 2688 1123 2689 1461 2689 1122 2689 1459 2690 1461 2690 1123 2690 1121 2691 1462 2691 1120 2691 1120 2692 1462 2692 1460 2692 1461 2693 1463 2693 1122 2693 1122 2694 1463 2694 1121 2694 1121 2695 1463 2695 1462 2695 1464 2696 1465 2696 1300 2696 1300 2697 1465 2697 1313 2697 1465 2698 1466 2698 1313 2698 1313 2699 1466 2699 1314 2699 1314 2700 1466 2700 1312 2700 1466 2701 1467 2701 1312 2701 1467 2702 1468 2702 1312 2702 1312 2703 1468 2703 1315 2703 1315 2704 1468 2704 1316 2704 1468 2705 1469 2705 1316 2705 1469 2706 1470 2706 1316 2706 1316 2707 1470 2707 1327 2707 1470 2708 1471 2708 1327 2708 1327 2709 1471 2709 1329 2709 1329 2710 1471 2710 1331 2710 1471 2711 1472 2711 1331 2711 1472 2712 1473 2712 1331 2712 1331 2713 1473 2713 1333 2713 1473 2714 1474 2714 1333 2714 1333 2715 1474 2715 1335 2715 1474 2716 1475 2716 1335 2716 1335 2717 1475 2717 1337 2717 1337 2718 1475 2718 1336 2718 1475 2719 1476 2719 1336 2719 1476 2720 1477 2720 1336 2720 1336 2721 1477 2721 1334 2721 1477 2722 1478 2722 1334 2722 1334 2723 1478 2723 1332 2723 1478 2724 1479 2724 1332 2724 1332 2725 1479 2725 1330 2725 1479 2726 1480 2726 1330 2726 1330 2727 1480 2727 1328 2727 1480 2728 1481 2728 1328 2728 1328 2729 1481 2729 1326 2729 1326 2730 1481 2730 1325 2730 1481 2731 1482 2731 1325 2731 1325 2732 1483 2732 1324 2732 1482 2733 1483 2733 1325 2733 1324 2734 1484 2734 1323 2734 1323 2735 1484 2735 1322 2735 1483 2736 1484 2736 1324 2736 1484 2737 1485 2737 1322 2737 1322 2738 1486 2738 1321 2738 1321 2739 1486 2739 1320 2739 1485 2740 1486 2740 1322 2740 1486 2741 1487 2741 1320 2741 1320 2742 1488 2742 1319 2742 1487 2743 1488 2743 1320 2743 1319 2744 1489 2744 1318 2744 1488 2745 1489 2745 1319 2745 1318 2746 1490 2746 1317 2746 1317 2747 1490 2747 1311 2747 1489 2748 1490 2748 1318 2748 1490 2749 1491 2749 1311 2749 1491 2750 1492 2750 1311 2750 1311 2751 1492 2751 1310 2751 1310 2752 1492 2752 1309 2752 1492 2753 1493 2753 1309 2753 1309 2754 1493 2754 1308 2754 1493 2755 1494 2755 1308 2755 1494 2756 1495 2756 1308 2756 1308 2757 1495 2757 1307 2757 1495 2758 1496 2758 1307 2758 1307 2759 1496 2759 1306 2759 1306 2760 1496 2760 1305 2760 1496 2761 1497 2761 1305 2761 1305 2762 1497 2762 1304 2762 1497 2763 1498 2763 1304 2763 1498 2764 1499 2764 1304 2764 1304 2765 1499 2765 1299 2765 1299 2766 1499 2766 1298 2766 1499 2767 1500 2767 1298 2767 1500 2768 1501 2768 1298 2768 1298 2769 1501 2769 1296 2769 1501 2770 1502 2770 1296 2770 1296 2771 1502 2771 1294 2771 1502 2772 1503 2772 1294 2772 1294 2773 1503 2773 1292 2773 1292 2774 1503 2774 1290 2774 1503 2775 1504 2775 1290 2775 1504 2776 1505 2776 1290 2776 1290 2777 1505 2777 1288 2777 1505 2778 1506 2778 1288 2778 1288 2779 1506 2779 1286 2779 1506 2780 1507 2780 1286 2780 1286 2781 1507 2781 1284 2781 1507 2782 1508 2782 1284 2782 1284 2783 1508 2783 1282 2783 1508 2784 1509 2784 1282 2784 1282 2785 1509 2785 1280 2785 1509 2786 1510 2786 1280 2786 1280 2787 1510 2787 1278 2787 1510 2788 1511 2788 1278 2788 1278 2789 1511 2789 1276 2789 1276 2790 1511 2790 1274 2790 1511 2791 1512 2791 1274 2791 1512 2792 1513 2792 1274 2792 1274 2793 1513 2793 1272 2793 1272 2794 1514 2794 1270 2794 1513 2795 1514 2795 1272 2795 1514 2796 1515 2796 1270 2796 1270 2797 1515 2797 1267 2797 1267 2798 1516 2798 1268 2798 1515 2799 1516 2799 1267 2799 1516 2800 1517 2800 1261 2800 1516 2801 1261 2801 1268 2801 1517 2802 1518 2802 1261 2802 1261 2803 1518 2803 1232 2803 1518 2804 1519 2804 1232 2804 1232 2805 1519 2805 1250 2805 1519 2806 1520 2806 1250 2806 1250 2807 1520 2807 1248 2807 1520 2808 1521 2808 1248 2808 1248 2809 1521 2809 1246 2809 1246 2810 1521 2810 1244 2810 1521 2811 1522 2811 1244 2811 1244 2812 1522 2812 1242 2812 1522 2813 1523 2813 1242 2813 1523 2814 1524 2814 1242 2814 1242 2815 1524 2815 1240 2815 1524 2816 1525 2816 1240 2816 1240 2817 1525 2817 1238 2817 1525 2818 1526 2818 1238 2818 1238 2819 1526 2819 1236 2819 1526 2820 1527 2820 1236 2820 1236 2821 1527 2821 1234 2821 1527 2822 1528 2822 1234 2822 1234 2823 1528 2823 1233 2823 1528 2824 1529 2824 1233 2824 1233 2825 1529 2825 1235 2825 1529 2826 1530 2826 1235 2826 1235 2827 1530 2827 1237 2827 1530 2828 1531 2828 1237 2828 1237 2829 1531 2829 1239 2829 1239 2830 1531 2830 1241 2830 1531 2831 1532 2831 1241 2831 1532 2832 1533 2832 1241 2832 1241 2833 1533 2833 1243 2833 1243 2834 1533 2834 1245 2834 1245 2835 1534 2835 1247 2835 1533 2836 1534 2836 1245 2836 1534 2837 1535 2837 1247 2837 1247 2838 1536 2838 1249 2838 1249 2839 1536 2839 1251 2839 1535 2840 1536 2840 1247 2840 1536 2841 1537 2841 1251 2841 1251 2842 1538 2842 1252 2842 1537 2843 1538 2843 1251 2843 1252 2844 1539 2844 1253 2844 1538 2845 1539 2845 1252 2845 1253 2846 1540 2846 1254 2846 1539 2847 1540 2847 1253 2847 1254 2848 1541 2848 1255 2848 1255 2849 1541 2849 1256 2849 1540 2850 1541 2850 1254 2850 1541 2851 1542 2851 1256 2851 1256 2852 1543 2852 1257 2852 1257 2853 1543 2853 1258 2853 1542 2854 1543 2854 1256 2854 1543 2855 1544 2855 1258 2855 1544 2856 1545 2856 1258 2856 1258 2857 1545 2857 1259 2857 1545 2858 1546 2858 1259 2858 1259 2859 1546 2859 1260 2859 1546 2860 1547 2860 1260 2860 1260 2861 1547 2861 1262 2861 1547 2862 1548 2862 1262 2862 1262 2863 1548 2863 1263 2863 1548 2864 1549 2864 1263 2864 1263 2865 1549 2865 1264 2865 1549 2866 1550 2866 1264 2866 1264 2867 1550 2867 1265 2867 1550 2868 1551 2868 1265 2868 1265 2869 1551 2869 1266 2869 1551 2870 1552 2870 1266 2870 1266 2871 1552 2871 1269 2871 1552 2872 1553 2872 1269 2872 1269 2873 1553 2873 1271 2873 1553 2874 1554 2874 1271 2874 1271 2875 1554 2875 1273 2875 1554 2876 1555 2876 1273 2876 1273 2877 1555 2877 1275 2877 1555 2878 1556 2878 1275 2878 1275 2879 1556 2879 1277 2879 1556 2880 1557 2880 1277 2880 1277 2881 1557 2881 1279 2881 1557 2882 1558 2882 1279 2882 1279 2883 1558 2883 1281 2883 1281 2884 1558 2884 1283 2884 1558 2885 1559 2885 1283 2885 1559 2886 1560 2886 1283 2886 1283 2887 1560 2887 1285 2887 1560 2888 1561 2888 1285 2888 1285 2889 1561 2889 1287 2889 1287 2890 1561 2890 1289 2890 1561 2891 1562 2891 1289 2891 1562 2892 1563 2892 1289 2892 1289 2893 1563 2893 1291 2893 1291 2894 1563 2894 1293 2894 1563 2895 1564 2895 1293 2895 1564 2896 1565 2896 1293 2896 1293 2897 1565 2897 1295 2897 1565 2898 1566 2898 1295 2898 1295 2899 1566 2899 1297 2899 1297 2900 1566 2900 1301 2900 1566 2901 1567 2901 1301 2901 1302 2902 1568 2902 1303 2902 1567 2903 1568 2903 1301 2903 1301 2904 1568 2904 1302 2904 1568 2905 1569 2905 1303 2905 1569 2906 1464 2906 1300 2906 1569 2907 1300 2907 1303 2907 1570 2908 1571 2908 1432 2908 1432 2909 1571 2909 1430 2909 1430 2910 1572 2910 1428 2910 1571 2911 1572 2911 1430 2911 1428 2912 1573 2912 1426 2912 1572 2913 1573 2913 1428 2913 1426 2914 1574 2914 1424 2914 1573 2915 1574 2915 1426 2915 1424 2916 1575 2916 1422 2916 1574 2917 1575 2917 1424 2917 1422 2918 1576 2918 1420 2918 1420 2919 1576 2919 1418 2919 1575 2920 1576 2920 1422 2920 1576 2921 1577 2921 1418 2921 1418 2922 1578 2922 1416 2922 1577 2923 1578 2923 1418 2923 1416 2924 1579 2924 1414 2924 1578 2925 1579 2925 1416 2925 1414 2926 1580 2926 1412 2926 1579 2927 1580 2927 1414 2927 1580 2928 1581 2928 1412 2928 1412 2929 1581 2929 1410 2929 1581 2930 1582 2930 1410 2930 1410 2931 1582 2931 1408 2931 1582 2932 1583 2932 1408 2932 1408 2933 1583 2933 1406 2933 1583 2934 1584 2934 1406 2934 1406 2935 1584 2935 1404 2935 1404 2936 1585 2936 1402 2936 1584 2937 1585 2937 1404 2937 1402 2938 1586 2938 1400 2938 1585 2939 1586 2939 1402 2939 1400 2940 1587 2940 1398 2940 1586 2941 1587 2941 1400 2941 1398 2942 1588 2942 1395 2942 1587 2943 1588 2943 1398 2943 1395 2944 1589 2944 1393 2944 1393 2945 1589 2945 1391 2945 1588 2946 1589 2946 1395 2946 1391 2947 1590 2947 1389 2947 1589 2948 1590 2948 1391 2948 1590 2949 1591 2949 1389 2949 1389 2950 1592 2950 1387 2950 1591 2951 1592 2951 1389 2951 1387 2952 1593 2952 1385 2952 1592 2953 1593 2953 1387 2953 1385 2954 1594 2954 1383 2954 1593 2955 1594 2955 1385 2955 1383 2956 1595 2956 1381 2956 1594 2957 1595 2957 1383 2957 1381 2958 1596 2958 1379 2958 1595 2959 1596 2959 1381 2959 1379 2960 1597 2960 1377 2960 1596 2961 1597 2961 1379 2961 1377 2962 1598 2962 1375 2962 1597 2963 1598 2963 1377 2963 1375 2964 1599 2964 1373 2964 1598 2965 1599 2965 1375 2965 1373 2966 1600 2966 1371 2966 1599 2967 1600 2967 1373 2967 1371 2968 1601 2968 1369 2968 1600 2969 1601 2969 1371 2969 1369 2970 1602 2970 1367 2970 1367 2971 1602 2971 1365 2971 1601 2972 1602 2972 1369 2972 1602 2973 1603 2973 1365 2973 1365 2974 1604 2974 1363 2974 1603 2975 1604 2975 1365 2975 1363 2976 1605 2976 1361 2976 1604 2977 1605 2977 1363 2977 1361 2978 1606 2978 1359 2978 1605 2979 1606 2979 1361 2979 1359 2980 1607 2980 1357 2980 1606 2981 1607 2981 1359 2981 1607 2982 1608 2982 1357 2982 1357 2983 1608 2983 1355 2983 1608 2984 1609 2984 1355 2984 1355 2985 1609 2985 1353 2985 1609 2986 1610 2986 1353 2986 1353 2987 1610 2987 1351 2987 1610 2988 1611 2988 1351 2988 1351 2989 1611 2989 1349 2989 1349 2990 1611 2990 1347 2990 1611 2991 1612 2991 1347 2991 1612 2992 1613 2992 1347 2992 1347 2993 1613 2993 1345 2993 1613 2994 1614 2994 1345 2994 1345 2995 1614 2995 1343 2995 1614 2996 1615 2996 1343 2996 1343 2997 1615 2997 1341 2997 1615 2998 1616 2998 1341 2998 1341 2999 1616 2999 1339 2999 1616 3000 1617 3000 1339 3000 1339 3001 1617 3001 1338 3001 1338 3002 1618 3002 1340 3002 1617 3003 1618 3003 1338 3003 1340 3004 1619 3004 1342 3004 1618 3005 1619 3005 1340 3005 1342 3006 1620 3006 1344 3006 1619 3007 1620 3007 1342 3007 1344 3008 1621 3008 1346 3008 1620 3009 1621 3009 1344 3009 1346 3010 1622 3010 1348 3010 1621 3011 1622 3011 1346 3011 1348 3012 1623 3012 1350 3012 1622 3013 1623 3013 1348 3013 1350 3014 1624 3014 1352 3014 1623 3015 1624 3015 1350 3015 1352 3016 1625 3016 1354 3016 1624 3017 1625 3017 1352 3017 1354 3018 1626 3018 1356 3018 1625 3019 1626 3019 1354 3019 1356 3020 1627 3020 1358 3020 1626 3021 1627 3021 1356 3021 1358 3022 1628 3022 1360 3022 1627 3023 1628 3023 1358 3023 1360 3024 1629 3024 1362 3024 1628 3025 1629 3025 1360 3025 1362 3026 1630 3026 1364 3026 1629 3027 1630 3027 1362 3027 1364 3028 1631 3028 1366 3028 1630 3029 1631 3029 1364 3029 1631 3030 1632 3030 1366 3030 1366 3031 1632 3031 1368 3031 1632 3032 1633 3032 1368 3032 1368 3033 1633 3033 1370 3033 1633 3034 1634 3034 1370 3034 1370 3035 1634 3035 1372 3035 1634 3036 1635 3036 1372 3036 1372 3037 1635 3037 1374 3037 1635 3038 1636 3038 1374 3038 1374 3039 1636 3039 1376 3039 1636 3040 1637 3040 1376 3040 1376 3041 1637 3041 1378 3041 1637 3042 1638 3042 1378 3042 1378 3043 1638 3043 1380 3043 1638 3044 1639 3044 1380 3044 1380 3045 1639 3045 1382 3045 1639 3046 1640 3046 1382 3046 1382 3047 1640 3047 1384 3047 1640 3048 1641 3048 1384 3048 1384 3049 1641 3049 1386 3049 1641 3050 1642 3050 1386 3050 1386 3051 1642 3051 1388 3051 1642 3052 1643 3052 1388 3052 1388 3053 1643 3053 1390 3053 1390 3054 1643 3054 1392 3054 1643 3055 1644 3055 1392 3055 1644 3056 1645 3056 1392 3056 1392 3057 1645 3057 1394 3057 1645 3058 1646 3058 1394 3058 1394 3059 1646 3059 1396 3059 1646 3060 1647 3060 1396 3060 1396 3061 1647 3061 1397 3061 1647 3062 1648 3062 1397 3062 1397 3063 1648 3063 1399 3063 1648 3064 1649 3064 1399 3064 1399 3065 1649 3065 1401 3065 1649 3066 1650 3066 1401 3066 1401 3067 1650 3067 1403 3067 1650 3068 1651 3068 1403 3068 1403 3069 1651 3069 1405 3069 1651 3070 1652 3070 1405 3070 1405 3071 1652 3071 1407 3071 1407 3072 1653 3072 1409 3072 1652 3073 1653 3073 1407 3073 1409 3074 1654 3074 1411 3074 1653 3075 1654 3075 1409 3075 1411 3076 1655 3076 1413 3076 1654 3077 1655 3077 1411 3077 1413 3078 1656 3078 1415 3078 1655 3079 1656 3079 1413 3079 1415 3080 1657 3080 1417 3080 1656 3081 1657 3081 1415 3081 1657 3082 1658 3082 1417 3082 1417 3083 1658 3083 1419 3083 1658 3084 1659 3084 1419 3084 1419 3085 1659 3085 1421 3085 1659 3086 1660 3086 1421 3086 1421 3087 1660 3087 1423 3087 1660 3088 1661 3088 1423 3088 1423 3089 1661 3089 1425 3089 1661 3090 1662 3090 1425 3090 1425 3091 1662 3091 1427 3091 1662 3092 1663 3092 1427 3092 1427 3093 1663 3093 1429 3093 1663 3094 1664 3094 1429 3094 1429 3095 1664 3095 1431 3095 1664 3096 1665 3096 1431 3096 1431 3097 1665 3097 1433 3097 1665 3098 1666 3098 1433 3098 1433 3099 1666 3099 1435 3099 1666 3100 1667 3100 1435 3100 1435 3101 1667 3101 1437 3101 1667 3102 1668 3102 1437 3102 1437 3103 1668 3103 1439 3103 1668 3104 1669 3104 1439 3104 1439 3105 1669 3105 1441 3105 1441 3106 1670 3106 1443 3106 1669 3107 1670 3107 1441 3107 1443 3108 1671 3108 1445 3108 1670 3109 1671 3109 1443 3109 1445 3110 1672 3110 1447 3110 1671 3111 1672 3111 1445 3111 1447 3112 1673 3112 1449 3112 1672 3113 1673 3113 1447 3113 1449 3114 1674 3114 1451 3114 1673 3115 1674 3115 1449 3115 1451 3116 1675 3116 1453 3116 1674 3117 1675 3117 1451 3117 1453 3118 1676 3118 1455 3118 1675 3119 1676 3119 1453 3119 1455 3120 1677 3120 1457 3120 1676 3121 1677 3121 1455 3121 1457 3122 1678 3122 1459 3122 1677 3123 1678 3123 1457 3123 1459 3124 1679 3124 1461 3124 1678 3125 1679 3125 1459 3125 1461 3126 1680 3126 1463 3126 1679 3127 1680 3127 1461 3127 1463 3128 1681 3128 1462 3128 1680 3129 1681 3129 1463 3129 1462 3130 1682 3130 1460 3130 1681 3131 1682 3131 1462 3131 1682 3132 1683 3132 1460 3132 1460 3133 1683 3133 1458 3133 1683 3134 1684 3134 1458 3134 1458 3135 1684 3135 1456 3135 1684 3136 1685 3136 1456 3136 1456 3137 1685 3137 1454 3137 1685 3138 1686 3138 1454 3138 1454 3139 1686 3139 1452 3139 1452 3140 1687 3140 1450 3140 1686 3141 1687 3141 1452 3141 1450 3142 1688 3142 1448 3142 1687 3143 1688 3143 1450 3143 1448 3144 1689 3144 1446 3144 1688 3145 1689 3145 1448 3145 1446 3146 1690 3146 1444 3146 1689 3147 1690 3147 1446 3147 1444 3148 1691 3148 1442 3148 1690 3149 1691 3149 1444 3149 1442 3150 1692 3150 1440 3150 1691 3151 1692 3151 1442 3151 1440 3152 1693 3152 1438 3152 1692 3153 1693 3153 1440 3153 1438 3154 1694 3154 1436 3154 1693 3155 1694 3155 1438 3155 1436 3156 1695 3156 1434 3156 1694 3157 1695 3157 1436 3157 1434 3158 1570 3158 1432 3158 1695 3159 1570 3159 1434 3159 1518 3160 1696 3160 1697 3160 1518 3161 1697 3161 1698 3161 1518 3162 1698 3162 1699 3162 1518 3163 1699 3163 1700 3163 1518 3164 1700 3164 1701 3164 1518 3165 1701 3165 1702 3165 1518 3166 1702 3166 1703 3166 1518 3167 1703 3167 1704 3167 1518 3168 1704 3168 1705 3168 1706 3169 1696 3169 1518 3169 1528 3170 1707 3170 1708 3170 1527 3171 1707 3171 1528 3171 1527 3172 1709 3172 1707 3172 1529 3173 1528 3173 1708 3173 1529 3174 1708 3174 1710 3174 1526 3175 1709 3175 1527 3175 1526 3176 1711 3176 1709 3176 1530 3177 1529 3177 1710 3177 1530 3178 1710 3178 1712 3178 1525 3179 1711 3179 1526 3179 1525 3180 1713 3180 1711 3180 1531 3181 1530 3181 1712 3181 1531 3182 1712 3182 1714 3182 1524 3183 1713 3183 1525 3183 1524 3184 1715 3184 1713 3184 1532 3185 1531 3185 1714 3185 1532 3186 1714 3186 1716 3186 1523 3187 1715 3187 1524 3187 1523 3188 1705 3188 1715 3188 1533 3189 1532 3189 1716 3189 1533 3190 1716 3190 1717 3190 1522 3191 1705 3191 1523 3191 1522 3192 1518 3192 1705 3192 1534 3193 1533 3193 1717 3193 1534 3194 1717 3194 1718 3194 1521 3195 1518 3195 1522 3195 1535 3196 1534 3196 1718 3196 1535 3197 1718 3197 1719 3197 1520 3198 1518 3198 1521 3198 1536 3199 1535 3199 1719 3199 1536 3200 1719 3200 1720 3200 1519 3201 1518 3201 1520 3201 1537 3202 1536 3202 1720 3202 1537 3203 1720 3203 1721 3203 1538 3204 1537 3204 1721 3204 1538 3205 1721 3205 1722 3205 1539 3206 1538 3206 1722 3206 1539 3207 1722 3207 1723 3207 1540 3208 1539 3208 1723 3208 1540 3209 1723 3209 1724 3209 1541 3210 1540 3210 1724 3210 1541 3211 1724 3211 1725 3211 1542 3212 1541 3212 1725 3212 1542 3213 1725 3213 1726 3213 1543 3214 1542 3214 1726 3214 1543 3215 1726 3215 1727 3215 1544 3216 1543 3216 1727 3216 1544 3217 1727 3217 1728 3217 1545 3218 1544 3218 1728 3218 1545 3219 1728 3219 1729 3219 1546 3220 1545 3220 1729 3220 1546 3221 1729 3221 1730 3221 1517 3222 1706 3222 1518 3222 1517 3223 1731 3223 1732 3223 1517 3224 1732 3224 1733 3224 1517 3225 1733 3225 1734 3225 1517 3226 1734 3226 1735 3226 1517 3227 1735 3227 1736 3227 1517 3228 1736 3228 1737 3228 1517 3229 1737 3229 1706 3229 1547 3230 1546 3230 1730 3230 1547 3231 1730 3231 1738 3231 1739 3232 1731 3232 1517 3232 1548 3233 1547 3233 1738 3233 1548 3234 1738 3234 1740 3234 1549 3235 1548 3235 1740 3235 1549 3236 1740 3236 1741 3236 1742 3237 1739 3237 1517 3237 1550 3238 1741 3238 1743 3238 1550 3239 1549 3239 1741 3239 1551 3240 1743 3240 1744 3240 1551 3241 1550 3241 1743 3241 1745 3242 1742 3242 1517 3242 1515 3243 1517 3243 1516 3243 1552 3244 1744 3244 1746 3244 1552 3245 1551 3245 1744 3245 1514 3246 1517 3246 1515 3246 1553 3247 1746 3247 1747 3247 1553 3248 1552 3248 1746 3248 1513 3249 1745 3249 1517 3249 1513 3250 1517 3250 1514 3250 1554 3251 1747 3251 1748 3251 1554 3252 1553 3252 1747 3252 1512 3253 1745 3253 1513 3253 1512 3254 1749 3254 1745 3254 1555 3255 1748 3255 1750 3255 1555 3256 1554 3256 1748 3256 1511 3257 1749 3257 1512 3257 1511 3258 1751 3258 1749 3258 1556 3259 1750 3259 1752 3259 1556 3260 1555 3260 1750 3260 1510 3261 1751 3261 1511 3261 1510 3262 1753 3262 1751 3262 1557 3263 1752 3263 1754 3263 1557 3264 1556 3264 1752 3264 1509 3265 1753 3265 1510 3265 1509 3266 1755 3266 1753 3266 1558 3267 1557 3267 1754 3267 1756 3268 1558 3268 1754 3268 1508 3269 1755 3269 1509 3269 1757 3270 1755 3270 1508 3270 1559 3271 1558 3271 1756 3271 1758 3272 1559 3272 1756 3272 1507 3273 1757 3273 1508 3273 1560 3274 1559 3274 1758 3274 1759 3275 1757 3275 1507 3275 1506 3276 1759 3276 1507 3276 1760 3277 1560 3277 1758 3277 1760 3278 1561 3278 1560 3278 1761 3279 1506 3279 1505 3279 1761 3280 1759 3280 1506 3280 1762 3281 1562 3281 1561 3281 1762 3282 1561 3282 1760 3282 1763 3283 1505 3283 1504 3283 1763 3284 1761 3284 1505 3284 1764 3285 1563 3285 1562 3285 1764 3286 1562 3286 1762 3286 1765 3287 1504 3287 1503 3287 1765 3288 1763 3288 1504 3288 1766 3289 1564 3289 1563 3289 1766 3290 1563 3290 1764 3290 1767 3291 1503 3291 1502 3291 1767 3292 1765 3292 1503 3292 1768 3293 1564 3293 1766 3293 1768 3294 1565 3294 1564 3294 1769 3295 1767 3295 1502 3295 1769 3296 1502 3296 1501 3296 1770 3297 1565 3297 1768 3297 1770 3298 1566 3298 1565 3298 1771 3299 1501 3299 1500 3299 1771 3300 1769 3300 1501 3300 1772 3301 1500 3301 1499 3301 1772 3302 1771 3302 1500 3302 1464 3303 1770 3303 1773 3303 1464 3304 1773 3304 1774 3304 1464 3305 1566 3305 1770 3305 1464 3306 1567 3306 1566 3306 1464 3307 1568 3307 1567 3307 1464 3308 1569 3308 1568 3308 1775 3309 1499 3309 1498 3309 1775 3310 1772 3310 1499 3310 1776 3311 1464 3311 1774 3311 1777 3312 1498 3312 1497 3312 1777 3313 1775 3313 1498 3313 1778 3314 1464 3314 1776 3314 1779 3315 1497 3315 1496 3315 1779 3316 1777 3316 1497 3316 1780 3317 1464 3317 1778 3317 1781 3318 1496 3318 1495 3318 1781 3319 1779 3319 1496 3319 1782 3320 1464 3320 1780 3320 1783 3321 1495 3321 1494 3321 1783 3322 1781 3322 1495 3322 1784 3323 1464 3323 1782 3323 1785 3324 1494 3324 1493 3324 1785 3325 1783 3325 1494 3325 1786 3326 1464 3326 1784 3326 1787 3327 1493 3327 1492 3327 1787 3328 1785 3328 1493 3328 1788 3329 1464 3329 1786 3329 1789 3330 1492 3330 1491 3330 1789 3331 1787 3331 1492 3331 1790 3332 1464 3332 1788 3332 1465 3333 1464 3333 1790 3333 1465 3334 1467 3334 1466 3334 1465 3335 1468 3335 1467 3335 1465 3336 1469 3336 1468 3336 1791 3337 1491 3337 1490 3337 1791 3338 1789 3338 1491 3338 1792 3339 1465 3339 1790 3339 1793 3340 1490 3340 1489 3340 1793 3341 1791 3341 1490 3341 1794 3342 1465 3342 1792 3342 1795 3343 1489 3343 1488 3343 1795 3344 1793 3344 1489 3344 1796 3345 1465 3345 1794 3345 1797 3346 1488 3346 1487 3346 1797 3347 1795 3347 1488 3347 1798 3348 1465 3348 1796 3348 1799 3349 1487 3349 1486 3349 1799 3350 1797 3350 1487 3350 1800 3351 1465 3351 1798 3351 1801 3352 1799 3352 1486 3352 1801 3353 1486 3353 1485 3353 1802 3354 1465 3354 1800 3354 1803 3355 1801 3355 1485 3355 1803 3356 1485 3356 1484 3356 1804 3357 1465 3357 1802 3357 1805 3358 1803 3358 1484 3358 1805 3359 1484 3359 1483 3359 1806 3360 1465 3360 1804 3360 1807 3361 1805 3361 1483 3361 1807 3362 1483 3362 1482 3362 1808 3363 1465 3363 1806 3363 1809 3364 1807 3364 1482 3364 1809 3365 1482 3365 1481 3365 1810 3366 1465 3366 1808 3366 1810 3367 1470 3367 1469 3367 1810 3368 1469 3368 1465 3368 1811 3369 1809 3369 1481 3369 1811 3370 1481 3370 1480 3370 1812 3371 1471 3371 1470 3371 1812 3372 1470 3372 1810 3372 1813 3373 1811 3373 1480 3373 1813 3374 1480 3374 1479 3374 1814 3375 1471 3375 1812 3375 1814 3376 1472 3376 1471 3376 1815 3377 1813 3377 1479 3377 1815 3378 1479 3378 1478 3378 1816 3379 1472 3379 1814 3379 1816 3380 1473 3380 1472 3380 1817 3381 1815 3381 1478 3381 1817 3382 1478 3382 1477 3382 1818 3383 1473 3383 1816 3383 1818 3384 1474 3384 1473 3384 1819 3385 1817 3385 1477 3385 1819 3386 1477 3386 1476 3386 1820 3387 1474 3387 1818 3387 1820 3388 1475 3388 1474 3388 1821 3389 1476 3389 1475 3389 1821 3390 1819 3390 1476 3390 1821 3391 1475 3391 1820 3391 1822 3392 1617 3392 1823 3392 1823 3393 1617 3393 1824 3393 1824 3394 1617 3394 1825 3394 1822 3395 1618 3395 1617 3395 1617 3396 1616 3396 1825 3396 1822 3397 1619 3397 1618 3397 1616 3398 1615 3398 1825 3398 1826 3399 1620 3399 1822 3399 1822 3400 1620 3400 1619 3400 1825 3401 1614 3401 1827 3401 1615 3402 1614 3402 1825 3402 1828 3403 1621 3403 1826 3403 1826 3404 1621 3404 1620 3404 1827 3405 1613 3405 1829 3405 1614 3406 1613 3406 1827 3406 1830 3407 1622 3407 1828 3407 1828 3408 1622 3408 1621 3408 1829 3409 1612 3409 1831 3409 1613 3410 1612 3410 1829 3410 1832 3411 1623 3411 1830 3411 1830 3412 1623 3412 1622 3412 1831 3413 1611 3413 1833 3413 1612 3414 1611 3414 1831 3414 1834 3415 1624 3415 1832 3415 1832 3416 1624 3416 1623 3416 1833 3417 1610 3417 1835 3417 1611 3418 1610 3418 1833 3418 1834 3419 1625 3419 1624 3419 1836 3420 1625 3420 1834 3420 1610 3421 1609 3421 1835 3421 1835 3422 1609 3422 1837 3422 1836 3423 1626 3423 1625 3423 1838 3424 1626 3424 1836 3424 1837 3425 1608 3425 1839 3425 1609 3426 1608 3426 1837 3426 1838 3427 1627 3427 1626 3427 1840 3428 1627 3428 1838 3428 1608 3429 1607 3429 1839 3429 1839 3430 1607 3430 1841 3430 1840 3431 1628 3431 1627 3431 1842 3432 1628 3432 1840 3432 1607 3433 1606 3433 1841 3433 1841 3434 1606 3434 1843 3434 1843 3435 1606 3435 1844 3435 1845 3436 1629 3436 1842 3436 1842 3437 1629 3437 1628 3437 1606 3438 1605 3438 1844 3438 1844 3439 1605 3439 1846 3439 1847 3440 1630 3440 1845 3440 1845 3441 1630 3441 1629 3441 1605 3442 1604 3442 1846 3442 1847 3443 1631 3443 1630 3443 1604 3444 1603 3444 1846 3444 1847 3445 1632 3445 1631 3445 1603 3446 1602 3446 1846 3446 1846 3447 1602 3447 1848 3447 1849 3448 1633 3448 1850 3448 1850 3449 1633 3449 1847 3449 1847 3450 1633 3450 1632 3450 1602 3451 1601 3451 1848 3451 1848 3452 1601 3452 1851 3452 1849 3453 1852 3453 1633 3453 1633 3454 1852 3454 1634 3454 1600 3455 1853 3455 1601 3455 1601 3456 1853 3456 1851 3456 1852 3457 1635 3457 1634 3457 1600 3458 1599 3458 1853 3458 1854 3459 1636 3459 1852 3459 1852 3460 1636 3460 1635 3460 1853 3461 1598 3461 1855 3461 1599 3462 1598 3462 1853 3462 1856 3463 1637 3463 1854 3463 1854 3464 1637 3464 1636 3464 1855 3465 1597 3465 1857 3465 1598 3466 1597 3466 1855 3466 1597 3467 1858 3467 1857 3467 1859 3468 1638 3468 1856 3468 1856 3469 1638 3469 1637 3469 1597 3470 1596 3470 1858 3470 1596 3471 1860 3471 1858 3471 1861 3472 1639 3472 1859 3472 1859 3473 1639 3473 1638 3473 1596 3474 1595 3474 1860 3474 1595 3475 1862 3475 1860 3475 1863 3476 1640 3476 1861 3476 1861 3477 1640 3477 1639 3477 1595 3478 1594 3478 1862 3478 1594 3479 1864 3479 1862 3479 1863 3480 1641 3480 1640 3480 1865 3481 1641 3481 1863 3481 1594 3482 1593 3482 1864 3482 1593 3483 1866 3483 1864 3483 1867 3484 1642 3484 1865 3484 1865 3485 1642 3485 1641 3485 1593 3486 1592 3486 1866 3486 1592 3487 1868 3487 1866 3487 1867 3488 1643 3488 1642 3488 1869 3489 1643 3489 1867 3489 1592 3490 1591 3490 1868 3490 1591 3491 1870 3491 1868 3491 1871 3492 1644 3492 1869 3492 1869 3493 1644 3493 1643 3493 1591 3494 1590 3494 1870 3494 1590 3495 1872 3495 1870 3495 1873 3496 1645 3496 1871 3496 1871 3497 1645 3497 1644 3497 1590 3498 1589 3498 1872 3498 1873 3499 1646 3499 1645 3499 1873 3500 1874 3500 1646 3500 1589 3501 1875 3501 1872 3501 1589 3502 1588 3502 1875 3502 1874 3503 1647 3503 1646 3503 1588 3504 1587 3504 1875 3504 1874 3505 1648 3505 1647 3505 1587 3506 1586 3506 1875 3506 1875 3507 1586 3507 1876 3507 1877 3508 1649 3508 1874 3508 1874 3509 1649 3509 1648 3509 1877 3510 1878 3510 1649 3510 1586 3511 1879 3511 1876 3511 1878 3512 1880 3512 1649 3512 1649 3513 1880 3513 1650 3513 1650 3514 1880 3514 1651 3514 1584 3515 1881 3515 1585 3515 1585 3516 1881 3516 1586 3516 1586 3517 1881 3517 1879 3517 1584 3518 1583 3518 1881 3518 1880 3519 1652 3519 1651 3519 1880 3520 1882 3520 1652 3520 1582 3521 1883 3521 1583 3521 1583 3522 1883 3522 1881 3522 1882 3523 1653 3523 1652 3523 1882 3524 1884 3524 1653 3524 1581 3525 1885 3525 1582 3525 1582 3526 1885 3526 1883 3526 1884 3527 1654 3527 1653 3527 1884 3528 1886 3528 1654 3528 1581 3529 1887 3529 1885 3529 1580 3530 1887 3530 1581 3530 1886 3531 1655 3531 1654 3531 1886 3532 1888 3532 1655 3532 1580 3533 1889 3533 1887 3533 1579 3534 1889 3534 1580 3534 1888 3535 1656 3535 1655 3535 1888 3536 1890 3536 1656 3536 1579 3537 1891 3537 1889 3537 1578 3538 1891 3538 1579 3538 1890 3539 1657 3539 1656 3539 1890 3540 1892 3540 1657 3540 1578 3541 1893 3541 1891 3541 1577 3542 1893 3542 1578 3542 1892 3543 1658 3543 1657 3543 1892 3544 1894 3544 1658 3544 1577 3545 1895 3545 1893 3545 1576 3546 1895 3546 1577 3546 1894 3547 1659 3547 1658 3547 1894 3548 1896 3548 1659 3548 1575 3549 1897 3549 1576 3549 1576 3550 1897 3550 1895 3550 1896 3551 1660 3551 1659 3551 1896 3552 1898 3552 1660 3552 1574 3553 1899 3553 1575 3553 1575 3554 1899 3554 1897 3554 1660 3555 1900 3555 1661 3555 1898 3556 1900 3556 1660 3556 1573 3557 1901 3557 1574 3557 1574 3558 1901 3558 1899 3558 1661 3559 1902 3559 1662 3559 1900 3560 1902 3560 1661 3560 1902 3561 1663 3561 1662 3561 1572 3562 1903 3562 1573 3562 1573 3563 1903 3563 1901 3563 1572 3564 1571 3564 1903 3564 1902 3565 1664 3565 1663 3565 1571 3566 1570 3566 1903 3566 1665 3567 1904 3567 1666 3567 1666 3568 1904 3568 1667 3568 1667 3569 1904 3569 1668 3569 1693 3570 1905 3570 1694 3570 1694 3571 1905 3571 1695 3571 1695 3572 1905 3572 1570 3572 1668 3573 1906 3573 1669 3573 1904 3574 1906 3574 1668 3574 1692 3575 1907 3575 1693 3575 1693 3576 1907 3576 1905 3576 1902 3577 1908 3577 1664 3577 1570 3578 1909 3578 1903 3578 1906 3579 1910 3579 1669 3579 1692 3580 1911 3580 1907 3580 1691 3581 1911 3581 1692 3581 1669 3582 1912 3582 1670 3582 1910 3583 1912 3583 1669 3583 1690 3584 1913 3584 1691 3584 1691 3585 1913 3585 1911 3585 1670 3586 1914 3586 1671 3586 1912 3587 1914 3587 1670 3587 1689 3588 1915 3588 1690 3588 1690 3589 1915 3589 1913 3589 1671 3590 1916 3590 1672 3590 1914 3591 1916 3591 1671 3591 1688 3592 1917 3592 1689 3592 1689 3593 1917 3593 1915 3593 1672 3594 1918 3594 1673 3594 1916 3595 1918 3595 1672 3595 1687 3596 1919 3596 1688 3596 1688 3597 1919 3597 1917 3597 1665 3598 1920 3598 1904 3598 1664 3599 1920 3599 1665 3599 1908 3600 1920 3600 1664 3600 1570 3601 1921 3601 1909 3601 1905 3602 1921 3602 1570 3602 1673 3603 1922 3603 1674 3603 1918 3604 1922 3604 1673 3604 1686 3605 1923 3605 1687 3605 1687 3606 1923 3606 1919 3606 1674 3607 1924 3607 1675 3607 1922 3608 1924 3608 1674 3608 1685 3609 1925 3609 1686 3609 1686 3610 1925 3610 1923 3610 1675 3611 1926 3611 1676 3611 1924 3612 1926 3612 1675 3612 1684 3613 1927 3613 1685 3613 1685 3614 1927 3614 1925 3614 1676 3615 1928 3615 1677 3615 1926 3616 1928 3616 1676 3616 1684 3617 1929 3617 1927 3617 1683 3618 1929 3618 1684 3618 1677 3619 1930 3619 1678 3619 1678 3620 1930 3620 1679 3620 1679 3621 1930 3621 1680 3621 1928 3622 1930 3622 1677 3622 1683 3623 1931 3623 1929 3623 1680 3624 1931 3624 1681 3624 1681 3625 1931 3625 1682 3625 1682 3626 1931 3626 1683 3626 1680 3627 1932 3627 1931 3627 1680 3628 1933 3628 1932 3628 1930 3629 1933 3629 1680 3629 1934 3630 1935 3630 1790 3630 1790 3631 1935 3631 1792 3631 1792 3632 1936 3632 1794 3632 1935 3633 1936 3633 1792 3633 1794 3634 1937 3634 1796 3634 1796 3635 1937 3635 1798 3635 1936 3636 1937 3636 1794 3636 1937 3637 1938 3637 1798 3637 1798 3638 1939 3638 1800 3638 1938 3639 1939 3639 1798 3639 1800 3640 1940 3640 1802 3640 1939 3641 1940 3641 1800 3641 1802 3642 1941 3642 1804 3642 1940 3643 1941 3643 1802 3643 1804 3644 1942 3644 1806 3644 1941 3645 1942 3645 1804 3645 1806 3646 1943 3646 1808 3646 1942 3647 1943 3647 1806 3647 1808 3648 1944 3648 1810 3648 1810 3649 1944 3649 1812 3649 1943 3650 1944 3650 1808 3650 1944 3651 1945 3651 1812 3651 1945 3652 1946 3652 1812 3652 1812 3653 1946 3653 1814 3653 1946 3654 1947 3654 1814 3654 1814 3655 1947 3655 1816 3655 1947 3656 1948 3656 1816 3656 1816 3657 1948 3657 1818 3657 1818 3658 1948 3658 1820 3658 1948 3659 1949 3659 1820 3659 1949 3660 1950 3660 1820 3660 1820 3661 1950 3661 1821 3661 1821 3662 1951 3662 1819 3662 1819 3663 1951 3663 1817 3663 1950 3664 1951 3664 1821 3664 1951 3665 1952 3665 1817 3665 1952 3666 1953 3666 1817 3666 1817 3667 1953 3667 1815 3667 1815 3668 1954 3668 1813 3668 1813 3669 1954 3669 1811 3669 1953 3670 1954 3670 1815 3670 1954 3671 1955 3671 1811 3671 1811 3672 1956 3672 1809 3672 1955 3673 1956 3673 1811 3673 1809 3674 1957 3674 1807 3674 1807 3675 1957 3675 1805 3675 1956 3676 1957 3676 1809 3676 1957 3677 1958 3677 1805 3677 1805 3678 1959 3678 1803 3678 1958 3679 1959 3679 1805 3679 1803 3680 1960 3680 1801 3680 1959 3681 1960 3681 1803 3681 1801 3682 1961 3682 1799 3682 1960 3683 1961 3683 1801 3683 1799 3684 1962 3684 1797 3684 1961 3685 1962 3685 1799 3685 1797 3686 1963 3686 1795 3686 1795 3687 1963 3687 1793 3687 1962 3688 1963 3688 1797 3688 1963 3689 1964 3689 1793 3689 1793 3690 1965 3690 1791 3690 1791 3691 1965 3691 1789 3691 1964 3692 1965 3692 1793 3692 1965 3693 1966 3693 1789 3693 1789 3694 1967 3694 1787 3694 1966 3695 1967 3695 1789 3695 1787 3696 1968 3696 1785 3696 1967 3697 1968 3697 1787 3697 1785 3698 1969 3698 1783 3698 1783 3699 1969 3699 1781 3699 1968 3700 1969 3700 1785 3700 1781 3701 1970 3701 1779 3701 1969 3702 1970 3702 1781 3702 1970 3703 1971 3703 1779 3703 1971 3704 1972 3704 1779 3704 1779 3705 1972 3705 1777 3705 1972 3706 1973 3706 1777 3706 1777 3707 1973 3707 1775 3707 1973 3708 1974 3708 1775 3708 1775 3709 1974 3709 1772 3709 1974 3710 1975 3710 1772 3710 1772 3711 1975 3711 1771 3711 1975 3712 1976 3712 1771 3712 1771 3713 1976 3713 1769 3713 1769 3714 1976 3714 1767 3714 1976 3715 1977 3715 1767 3715 1977 3716 1978 3716 1767 3716 1767 3717 1978 3717 1765 3717 1978 3718 1979 3718 1765 3718 1765 3719 1979 3719 1763 3719 1979 3720 1980 3720 1763 3720 1763 3721 1980 3721 1761 3721 1980 3722 1981 3722 1761 3722 1761 3723 1981 3723 1759 3723 1759 3724 1982 3724 1757 3724 1981 3725 1982 3725 1759 3725 1757 3726 1983 3726 1755 3726 1982 3727 1983 3727 1757 3727 1755 3728 1984 3728 1753 3728 1983 3729 1984 3729 1755 3729 1753 3730 1985 3730 1751 3730 1751 3731 1985 3731 1749 3731 1984 3732 1985 3732 1753 3732 1749 3733 1986 3733 1745 3733 1985 3734 1986 3734 1749 3734 1986 3735 1987 3735 1745 3735 1745 3736 1988 3736 1742 3736 1987 3737 1988 3737 1745 3737 1742 3738 1989 3738 1739 3738 1988 3739 1989 3739 1742 3739 1739 3740 1990 3740 1731 3740 1989 3741 1990 3741 1739 3741 1731 3742 1991 3742 1732 3742 1990 3743 1991 3743 1731 3743 1732 3744 1992 3744 1733 3744 1991 3745 1992 3745 1732 3745 1733 3746 1993 3746 1734 3746 1992 3747 1993 3747 1733 3747 1734 3748 1994 3748 1735 3748 1993 3749 1994 3749 1734 3749 1735 3750 1995 3750 1736 3750 1994 3751 1995 3751 1735 3751 1995 3752 1996 3752 1736 3752 1736 3753 1996 3753 1737 3753 1996 3754 1997 3754 1737 3754 1737 3755 1997 3755 1706 3755 1997 3756 1998 3756 1706 3756 1706 3757 1998 3757 1696 3757 1696 3758 1998 3758 1697 3758 1998 3759 1999 3759 1697 3759 1999 3760 2000 3760 1697 3760 1697 3761 2000 3761 1698 3761 1698 3762 2000 3762 1699 3762 2000 3763 2001 3763 1699 3763 2001 3764 2002 3764 1699 3764 1699 3765 2002 3765 1700 3765 2002 3766 2003 3766 1700 3766 1700 3767 2003 3767 1701 3767 2003 3768 2004 3768 1701 3768 1701 3769 2004 3769 1702 3769 2004 3770 2005 3770 1702 3770 1702 3771 2005 3771 1703 3771 2005 3772 2006 3772 1703 3772 1703 3773 2006 3773 1704 3773 1704 3774 2006 3774 1705 3774 2006 3775 2007 3775 1705 3775 2007 3776 2008 3776 1705 3776 1705 3777 2008 3777 1715 3777 1715 3778 2008 3778 1713 3778 2008 3779 2009 3779 1713 3779 2009 3780 2010 3780 1713 3780 1713 3781 2010 3781 1711 3781 1711 3782 2010 3782 1709 3782 2010 3783 2011 3783 1709 3783 2011 3784 2012 3784 1709 3784 1709 3785 2012 3785 1707 3785 1707 3786 2012 3786 1708 3786 2012 3787 2013 3787 1708 3787 2013 3788 2014 3788 1708 3788 1708 3789 2014 3789 1710 3789 2014 3790 2015 3790 1710 3790 1710 3791 2015 3791 1712 3791 2015 3792 2016 3792 1712 3792 1712 3793 2016 3793 1714 3793 1714 3794 2017 3794 1716 3794 2016 3795 2017 3795 1714 3795 1716 3796 2018 3796 1717 3796 2017 3797 2018 3797 1716 3797 1717 3798 2019 3798 1718 3798 2018 3799 2019 3799 1717 3799 1718 3800 2020 3800 1719 3800 2019 3801 2020 3801 1718 3801 1719 3802 2021 3802 1720 3802 2020 3803 2021 3803 1719 3803 2021 3804 2022 3804 1720 3804 1720 3805 2022 3805 1721 3805 2022 3806 2023 3806 1721 3806 1721 3807 2023 3807 1722 3807 2023 3808 2024 3808 1722 3808 1722 3809 2024 3809 1723 3809 2024 3810 2025 3810 1723 3810 1723 3811 2025 3811 1724 3811 2025 3812 2026 3812 1724 3812 1724 3813 2026 3813 1725 3813 2026 3814 2027 3814 1725 3814 1725 3815 2027 3815 1726 3815 2027 3816 2028 3816 1726 3816 1726 3817 2028 3817 1727 3817 2028 3818 2029 3818 1727 3818 1727 3819 2029 3819 1728 3819 2029 3820 2030 3820 1728 3820 1728 3821 2030 3821 1729 3821 2030 3822 2031 3822 1729 3822 1729 3823 2031 3823 1730 3823 2031 3824 2032 3824 1730 3824 1730 3825 2032 3825 1738 3825 2032 3826 2033 3826 1738 3826 1738 3827 2033 3827 1740 3827 1740 3828 2034 3828 1741 3828 2033 3829 2034 3829 1740 3829 1741 3830 2035 3830 1743 3830 2034 3831 2035 3831 1741 3831 1743 3832 2036 3832 1744 3832 2035 3833 2036 3833 1743 3833 1744 3834 2037 3834 1746 3834 2036 3835 2037 3835 1744 3835 1746 3836 2038 3836 1747 3836 2037 3837 2038 3837 1746 3837 1747 3838 2039 3838 1748 3838 2038 3839 2039 3839 1747 3839 1748 3840 2040 3840 1750 3840 2039 3841 2040 3841 1748 3841 1750 3842 2041 3842 1752 3842 2040 3843 2041 3843 1750 3843 1752 3844 2042 3844 1754 3844 2041 3845 2042 3845 1752 3845 1754 3846 2043 3846 1756 3846 2042 3847 2043 3847 1754 3847 1756 3848 2044 3848 1758 3848 2043 3849 2044 3849 1756 3849 1758 3850 2045 3850 1760 3850 2044 3851 2045 3851 1758 3851 1760 3852 2046 3852 1762 3852 2045 3853 2046 3853 1760 3853 2046 3854 2047 3854 1762 3854 1762 3855 2047 3855 1764 3855 2047 3856 2048 3856 1764 3856 1764 3857 2048 3857 1766 3857 2048 3858 2049 3858 1766 3858 1766 3859 2049 3859 1768 3859 1768 3860 2049 3860 1770 3860 2049 3861 2050 3861 1770 3861 1770 3862 2051 3862 1773 3862 2050 3863 2051 3863 1770 3863 1773 3864 2052 3864 1774 3864 2051 3865 2052 3865 1773 3865 1774 3866 2053 3866 1776 3866 2052 3867 2053 3867 1774 3867 1776 3868 2054 3868 1778 3868 1778 3869 2054 3869 1780 3869 2053 3870 2054 3870 1776 3870 2054 3871 2055 3871 1780 3871 1780 3872 2056 3872 1782 3872 1782 3873 2056 3873 1784 3873 2055 3874 2056 3874 1780 3874 2056 3875 2057 3875 1784 3875 1784 3876 2058 3876 1786 3876 2057 3877 2058 3877 1784 3877 1786 3878 2059 3878 1788 3878 2058 3879 2059 3879 1786 3879 1788 3880 1934 3880 1790 3880 2059 3881 1934 3881 1788 3881 1908 3882 1902 3882 2060 3882 2060 3883 1902 3883 2061 3883 1920 3884 1908 3884 2062 3884 2062 3885 1908 3885 2060 3885 1902 3886 1900 3886 2061 3886 2061 3887 1900 3887 2063 3887 2063 3888 1898 3888 2064 3888 1900 3889 1898 3889 2063 3889 2064 3890 1896 3890 2065 3890 1898 3891 1896 3891 2064 3891 2065 3892 1894 3892 2066 3892 1896 3893 1894 3893 2065 3893 2066 3894 1892 3894 2067 3894 1894 3895 1892 3895 2066 3895 2067 3896 1890 3896 2068 3896 1892 3897 1890 3897 2067 3897 2068 3898 1888 3898 2069 3898 1890 3899 1888 3899 2068 3899 2069 3900 1886 3900 2070 3900 2070 3901 1886 3901 2071 3901 1888 3902 1886 3902 2069 3902 1886 3903 1884 3903 2071 3903 2071 3904 1882 3904 2072 3904 2072 3905 1882 3905 2073 3905 1884 3906 1882 3906 2071 3906 1882 3907 1880 3907 2073 3907 1904 3908 1920 3908 2074 3908 2074 3909 1920 3909 2062 3909 1880 3910 1878 3910 2073 3910 2073 3911 1878 3911 2075 3911 1930 3912 1928 3912 2076 3912 2076 3913 1928 3913 2077 3913 2077 3914 1926 3914 2078 3914 1928 3915 1926 3915 2077 3915 2078 3916 1924 3916 2079 3916 1926 3917 1924 3917 2078 3917 2079 3918 1922 3918 2080 3918 1924 3919 1922 3919 2079 3919 2080 3920 1918 3920 2081 3920 1922 3921 1918 3921 2080 3921 2081 3922 1916 3922 2082 3922 1918 3923 1916 3923 2081 3923 2082 3924 1914 3924 2083 3924 1916 3925 1914 3925 2082 3925 2083 3926 1912 3926 2084 3926 1914 3927 1912 3927 2083 3927 2084 3928 1910 3928 2085 3928 2085 3929 1910 3929 2086 3929 1912 3930 1910 3930 2084 3930 1910 3931 1906 3931 2086 3931 2086 3932 1904 3932 2074 3932 1906 3933 1904 3933 2086 3933 1878 3934 1877 3934 2075 3934 2075 3935 1877 3935 2087 3935 1933 3936 1930 3936 2088 3936 2088 3937 1930 3937 2076 3937 1877 3938 1874 3938 2087 3938 2087 3939 1874 3939 2089 3939 1932 3940 1933 3940 2090 3940 2090 3941 1933 3941 2088 3941 1874 3942 1873 3942 2089 3942 2089 3943 1873 3943 2091 3943 2091 3944 1871 3944 2092 3944 1873 3945 1871 3945 2091 3945 2092 3946 1869 3946 2093 3946 1871 3947 1869 3947 2092 3947 2093 3948 1867 3948 2094 3948 1869 3949 1867 3949 2093 3949 2094 3950 1865 3950 2095 3950 2095 3951 1865 3951 2096 3951 1867 3952 1865 3952 2094 3952 1865 3953 1863 3953 2096 3953 2096 3954 1861 3954 2097 3954 1863 3955 1861 3955 2096 3955 2097 3956 1859 3956 2098 3956 1861 3957 1859 3957 2097 3957 2098 3958 1856 3958 2099 3958 1859 3959 1856 3959 2098 3959 2099 3960 1854 3960 2100 3960 2100 3961 1854 3961 2101 3961 1856 3962 1854 3962 2099 3962 1854 3963 1852 3963 2101 3963 1931 3964 1932 3964 2102 3964 2102 3965 1932 3965 2090 3965 1852 3966 1849 3966 2101 3966 2101 3967 1849 3967 2103 3967 1905 3968 1907 3968 2104 3968 2104 3969 1907 3969 2105 3969 2105 3970 1911 3970 2106 3970 1907 3971 1911 3971 2105 3971 2106 3972 1913 3972 2107 3972 2107 3973 1913 3973 2108 3973 1911 3974 1913 3974 2106 3974 1913 3975 1915 3975 2108 3975 2108 3976 1917 3976 2109 3976 1915 3977 1917 3977 2108 3977 2109 3978 1919 3978 2110 3978 1917 3979 1919 3979 2109 3979 2110 3980 1923 3980 2111 3980 1919 3981 1923 3981 2110 3981 2111 3982 1925 3982 2112 3982 1923 3983 1925 3983 2111 3983 2112 3984 1927 3984 2113 3984 2113 3985 1927 3985 2114 3985 1925 3986 1927 3986 2112 3986 1927 3987 1929 3987 2114 3987 2114 3988 1931 3988 2102 3988 1929 3989 1931 3989 2114 3989 1849 3990 1850 3990 2103 3990 2103 3991 1850 3991 2115 3991 1921 3992 1905 3992 2116 3992 2116 3993 1905 3993 2104 3993 1850 3994 2117 3994 2115 3994 1850 3995 1847 3995 2117 3995 1909 3996 1921 3996 2118 3996 2118 3997 1921 3997 2116 3997 1847 3998 1845 3998 2117 3998 2117 3999 1845 3999 2119 3999 2119 4000 1842 4000 2120 4000 1845 4001 1842 4001 2119 4001 2120 4002 1840 4002 2121 4002 1842 4003 1840 4003 2120 4003 2121 4004 1838 4004 2122 4004 1840 4005 1838 4005 2121 4005 2122 4006 1836 4006 2123 4006 2123 4007 1836 4007 2124 4007 1838 4008 1836 4008 2122 4008 2124 4009 1834 4009 2125 4009 1836 4010 1834 4010 2124 4010 1834 4011 1832 4011 2125 4011 2125 4012 1830 4012 2126 4012 1832 4013 1830 4013 2125 4013 2126 4014 1828 4014 2127 4014 1830 4015 1828 4015 2126 4015 2127 4016 1826 4016 2128 4016 1828 4017 1826 4017 2127 4017 2128 4018 1822 4018 2129 4018 1826 4019 1822 4019 2128 4019 1903 4020 1909 4020 2130 4020 2130 4021 1909 4021 2118 4021 1822 4022 1823 4022 2129 4022 2129 4023 1823 4023 2131 4023 1881 4024 1883 4024 2132 4024 2132 4025 1883 4025 2133 4025 2133 4026 1885 4026 2134 4026 1883 4027 1885 4027 2133 4027 2134 4028 1887 4028 2135 4028 1885 4029 1887 4029 2134 4029 2135 4030 1889 4030 2136 4030 1887 4031 1889 4031 2135 4031 2136 4032 1891 4032 2137 4032 1889 4033 1891 4033 2136 4033 2137 4034 1893 4034 2138 4034 1891 4035 1893 4035 2137 4035 2138 4036 1895 4036 2139 4036 1893 4037 1895 4037 2138 4037 2139 4038 1897 4038 2140 4038 2140 4039 1897 4039 2141 4039 1895 4040 1897 4040 2139 4040 1897 4041 1899 4041 2141 4041 2141 4042 1901 4042 2142 4042 1899 4043 1901 4043 2141 4043 2142 4044 1903 4044 2130 4044 1901 4045 1903 4045 2142 4045 1823 4046 1824 4046 2131 4046 2131 4047 1824 4047 2143 4047 1879 4048 1881 4048 2144 4048 2144 4049 1881 4049 2132 4049 1824 4050 1825 4050 2143 4050 2143 4051 1825 4051 2145 4051 1876 4052 1879 4052 2146 4052 2146 4053 1879 4053 2144 4053 1825 4054 1827 4054 2145 4054 2145 4055 1827 4055 2147 4055 2147 4056 1829 4056 2148 4056 1827 4057 1829 4057 2147 4057 2148 4058 1831 4058 2149 4058 1829 4059 1831 4059 2148 4059 2149 4060 1833 4060 2150 4060 1831 4061 1833 4061 2149 4061 2150 4062 1835 4062 2151 4062 1833 4063 1835 4063 2150 4063 2151 4064 1837 4064 2152 4064 1835 4065 1837 4065 2151 4065 2152 4066 1839 4066 2153 4066 1837 4067 1839 4067 2152 4067 2153 4068 1841 4068 2154 4068 2154 4069 1841 4069 2155 4069 1839 4070 1841 4070 2153 4070 1841 4071 1843 4071 2155 4071 2155 4072 1844 4072 2156 4072 1843 4073 1844 4073 2155 4073 2156 4074 1846 4074 2157 4074 1844 4075 1846 4075 2156 4075 1875 4076 1876 4076 2158 4076 2158 4077 1876 4077 2146 4077 1846 4078 1848 4078 2157 4078 2157 4079 1848 4079 2159 4079 1853 4080 1855 4080 2160 4080 2160 4081 1855 4081 2161 4081 2161 4082 1857 4082 2162 4082 1855 4083 1857 4083 2161 4083 2162 4084 1858 4084 2163 4084 1857 4085 1858 4085 2162 4085 2163 4086 1860 4086 2164 4086 1858 4087 1860 4087 2163 4087 2164 4088 1862 4088 2165 4088 1860 4089 1862 4089 2164 4089 2165 4090 1864 4090 2166 4090 1862 4091 1864 4091 2165 4091 2166 4092 1866 4092 2167 4092 1864 4093 1866 4093 2166 4093 2167 4094 1868 4094 2168 4094 2168 4095 1868 4095 2169 4095 1866 4096 1868 4096 2167 4096 1868 4097 1870 4097 2169 4097 2169 4098 1872 4098 2170 4098 2170 4099 1872 4099 2158 4099 1870 4100 1872 4100 2169 4100 1872 4101 1875 4101 2158 4101 1848 4102 1851 4102 2159 4102 2159 4103 1851 4103 2171 4103 1851 4104 1853 4104 2171 4104 2171 4105 1853 4105 2160 4105 2013 4106 2172 4106 2173 4106 2012 4107 2172 4107 2013 4107 2012 4108 2174 4108 2172 4108 2014 4109 2173 4109 2175 4109 2014 4110 2013 4110 2173 4110 2011 4111 2174 4111 2012 4111 2011 4112 2176 4112 2174 4112 2015 4113 2014 4113 2175 4113 2015 4114 2175 4114 2177 4114 2010 4115 2176 4115 2011 4115 2010 4116 2178 4116 2176 4116 2016 4117 2015 4117 2177 4117 2016 4118 2177 4118 2179 4118 2009 4119 2178 4119 2010 4119 2009 4120 2180 4120 2178 4120 2017 4121 2016 4121 2179 4121 2017 4122 2179 4122 2181 4122 2008 4123 2180 4123 2009 4123 2008 4124 2182 4124 2180 4124 2018 4125 2181 4125 2183 4125 2018 4126 2017 4126 2181 4126 2007 4127 2182 4127 2008 4127 2007 4128 2184 4128 2182 4128 2019 4129 2183 4129 2185 4129 2019 4130 2018 4130 2183 4130 2006 4131 2184 4131 2007 4131 2006 4132 2186 4132 2184 4132 2020 4133 2019 4133 2185 4133 2020 4134 2185 4134 2187 4134 2005 4135 2186 4135 2006 4135 2005 4136 2188 4136 2186 4136 2021 4137 2020 4137 2187 4137 2021 4138 2187 4138 2189 4138 2004 4139 2188 4139 2005 4139 2004 4140 2190 4140 2188 4140 2022 4141 2021 4141 2189 4141 2022 4142 2189 4142 2191 4142 2003 4143 2190 4143 2004 4143 2003 4144 2192 4144 2190 4144 2023 4145 2022 4145 2191 4145 2023 4146 2191 4146 2193 4146 2002 4147 2192 4147 2003 4147 2002 4148 2194 4148 2192 4148 2024 4149 2023 4149 2193 4149 2024 4150 2193 4150 2195 4150 2001 4151 2194 4151 2002 4151 2001 4152 2196 4152 2194 4152 2025 4153 2024 4153 2195 4153 2025 4154 2195 4154 2197 4154 2000 4155 2198 4155 2196 4155 2000 4156 2196 4156 2001 4156 2026 4157 2025 4157 2197 4157 2026 4158 2197 4158 2199 4158 1999 4159 2200 4159 2198 4159 1999 4160 2198 4160 2000 4160 2027 4161 2026 4161 2199 4161 2027 4162 2199 4162 2201 4162 1998 4163 2202 4163 2200 4163 1998 4164 2200 4164 1999 4164 2028 4165 2027 4165 2201 4165 2028 4166 2201 4166 2203 4166 1997 4167 2204 4167 2205 4167 1997 4168 2205 4168 2202 4168 1997 4169 2202 4169 1998 4169 2029 4170 2028 4170 2203 4170 2029 4171 2203 4171 2206 4171 1996 4172 2204 4172 1997 4172 1996 4173 2207 4173 2204 4173 2030 4174 2206 4174 2208 4174 2030 4175 2029 4175 2206 4175 1995 4176 2209 4176 2207 4176 1995 4177 2207 4177 1996 4177 2031 4178 2030 4178 2208 4178 2031 4179 2208 4179 2210 4179 1994 4180 2209 4180 1995 4180 1994 4181 2211 4181 2209 4181 2032 4182 2031 4182 2210 4182 2032 4183 2210 4183 2212 4183 1993 4184 2211 4184 1994 4184 1993 4185 2213 4185 2211 4185 2033 4186 2032 4186 2212 4186 2033 4187 2212 4187 2214 4187 1992 4188 2213 4188 1993 4188 1992 4189 2215 4189 2213 4189 2034 4190 2214 4190 2216 4190 2034 4191 2033 4191 2214 4191 1991 4192 2215 4192 1992 4192 1991 4193 2217 4193 2215 4193 2035 4194 2216 4194 2218 4194 2035 4195 2034 4195 2216 4195 1990 4196 2217 4196 1991 4196 1990 4197 2219 4197 2217 4197 2036 4198 2218 4198 2220 4198 2036 4199 2035 4199 2218 4199 1989 4200 2219 4200 1990 4200 1989 4201 2221 4201 2219 4201 2037 4202 2220 4202 2222 4202 2037 4203 2036 4203 2220 4203 1988 4204 2221 4204 1989 4204 1988 4205 2223 4205 2221 4205 2038 4206 2222 4206 2224 4206 2038 4207 2037 4207 2222 4207 1987 4208 2225 4208 2223 4208 1987 4209 2223 4209 1988 4209 2039 4210 2224 4210 2226 4210 2039 4211 2038 4211 2224 4211 1986 4212 2227 4212 2225 4212 1986 4213 2225 4213 1987 4213 2040 4214 2039 4214 2226 4214 2228 4215 2040 4215 2226 4215 1985 4216 2227 4216 1986 4216 2229 4217 2227 4217 1985 4217 2041 4218 2040 4218 2228 4218 2230 4219 2041 4219 2228 4219 1984 4220 2229 4220 1985 4220 2231 4221 2229 4221 1984 4221 2042 4222 2041 4222 2230 4222 1983 4223 2231 4223 1984 4223 2232 4224 2042 4224 2230 4224 2043 4225 2042 4225 2232 4225 2233 4226 2231 4226 1983 4226 1982 4227 2233 4227 1983 4227 2234 4228 2043 4228 2232 4228 2044 4229 2043 4229 2234 4229 2235 4230 2233 4230 1982 4230 1981 4231 2235 4231 1982 4231 2236 4232 2044 4232 2234 4232 2045 4233 2044 4233 2236 4233 2237 4234 1981 4234 1980 4234 2237 4235 2235 4235 1981 4235 2238 4236 2046 4236 2045 4236 2238 4237 2045 4237 2236 4237 2239 4238 2237 4238 1980 4238 2239 4239 1980 4239 1979 4239 2240 4240 2046 4240 2238 4240 2240 4241 2047 4241 2046 4241 2241 4242 2239 4242 1979 4242 2241 4243 1979 4243 1978 4243 2242 4244 2047 4244 2240 4244 2242 4245 2048 4245 2047 4245 2243 4246 2241 4246 1978 4246 2243 4247 1978 4247 1977 4247 2244 4248 2048 4248 2242 4248 2244 4249 2049 4249 2048 4249 2245 4250 2243 4250 1977 4250 2245 4251 1977 4251 1976 4251 2246 4252 2049 4252 2244 4252 2246 4253 2050 4253 2049 4253 2247 4254 2245 4254 1976 4254 2247 4255 1976 4255 1975 4255 2248 4256 2051 4256 2050 4256 2248 4257 2050 4257 2246 4257 2249 4258 2247 4258 1975 4258 2249 4259 1975 4259 1974 4259 2250 4260 2051 4260 2248 4260 2250 4261 2052 4261 2051 4261 2251 4262 1974 4262 1973 4262 2251 4263 2249 4263 1974 4263 2252 4264 2053 4264 2052 4264 2252 4265 2052 4265 2250 4265 2253 4266 1973 4266 1972 4266 2253 4267 2251 4267 1973 4267 2254 4268 2054 4268 2053 4268 2254 4269 2053 4269 2252 4269 2255 4270 1972 4270 1971 4270 2255 4271 2253 4271 1972 4271 2256 4272 2055 4272 2054 4272 2256 4273 2054 4273 2254 4273 2257 4274 1971 4274 1970 4274 2257 4275 2255 4275 1971 4275 2258 4276 2056 4276 2055 4276 2258 4277 2055 4277 2256 4277 2259 4278 1970 4278 1969 4278 2259 4279 2257 4279 1970 4279 2260 4280 2057 4280 2056 4280 2260 4281 2056 4281 2258 4281 2261 4282 2259 4282 1969 4282 2261 4283 1969 4283 1968 4283 2262 4284 2057 4284 2260 4284 2262 4285 2058 4285 2057 4285 2263 4286 2261 4286 1968 4286 2263 4287 1968 4287 1967 4287 2264 4288 2058 4288 2262 4288 2264 4289 2059 4289 2058 4289 2265 4290 2263 4290 1967 4290 2265 4291 1967 4291 1966 4291 2266 4292 1935 4292 1934 4292 2266 4293 2059 4293 2264 4293 2266 4294 1934 4294 2059 4294 2267 4295 2265 4295 1966 4295 2267 4296 1966 4296 1965 4296 2268 4297 1936 4297 1935 4297 2268 4298 1935 4298 2266 4298 2269 4299 2267 4299 1965 4299 2269 4300 1965 4300 1964 4300 2270 4301 1937 4301 1936 4301 2270 4302 1936 4302 2268 4302 2271 4303 1964 4303 1963 4303 2271 4304 2269 4304 1964 4304 2272 4305 1938 4305 1937 4305 2272 4306 1937 4306 2270 4306 2273 4307 1963 4307 1962 4307 2273 4308 2271 4308 1963 4308 2274 4309 1939 4309 1938 4309 2274 4310 1938 4310 2272 4310 2275 4311 1962 4311 1961 4311 2275 4312 2273 4312 1962 4312 2276 4313 1940 4313 1939 4313 2276 4314 1939 4314 2274 4314 2277 4315 2275 4315 1961 4315 2277 4316 1961 4316 1960 4316 2278 4317 1941 4317 1940 4317 2278 4318 1940 4318 2276 4318 2279 4319 2277 4319 1960 4319 2279 4320 1960 4320 1959 4320 2280 4321 1941 4321 2278 4321 2280 4322 1942 4322 1941 4322 2281 4323 2279 4323 1959 4323 2281 4324 1959 4324 1958 4324 2282 4325 1943 4325 1942 4325 2282 4326 1942 4326 2280 4326 2283 4327 2281 4327 1958 4327 2283 4328 1958 4328 1957 4328 2284 4329 1944 4329 1943 4329 2284 4330 1943 4330 2282 4330 2285 4331 2283 4331 1957 4331 2285 4332 1957 4332 1956 4332 2286 4333 1944 4333 2284 4333 2286 4334 1945 4334 1944 4334 2287 4335 2285 4335 1956 4335 2287 4336 1956 4336 1955 4336 2288 4337 1945 4337 2286 4337 2288 4338 1946 4338 1945 4338 2289 4339 2287 4339 1955 4339 2289 4340 1955 4340 1954 4340 2290 4341 1947 4341 1946 4341 2290 4342 1946 4342 2288 4342 2291 4343 2289 4343 1954 4343 2291 4344 1954 4344 1953 4344 2292 4345 1947 4345 2290 4345 2292 4346 1948 4346 1947 4346 2293 4347 2291 4347 1953 4347 2293 4348 1953 4348 1952 4348 2294 4349 1949 4349 1948 4349 2294 4350 1948 4350 2292 4350 2295 4351 1952 4351 1951 4351 2295 4352 2293 4352 1952 4352 2296 4353 1950 4353 1949 4353 2296 4354 1949 4354 2294 4354 2297 4355 1950 4355 2296 4355 2297 4356 1951 4356 1950 4356 2297 4357 2295 4357 1951 4357 2298 4358 2129 4358 2131 4358 2298 4359 2131 4359 2143 4359 2298 4360 2143 4360 2145 4360 2299 4361 2129 4361 2298 4361 2300 4362 2298 4362 2145 4362 2301 4363 2129 4363 2299 4363 2302 4364 2300 4364 2145 4364 2303 4365 2128 4365 2129 4365 2303 4366 2129 4366 2301 4366 2304 4367 2145 4367 2147 4367 2304 4368 2302 4368 2145 4368 2305 4369 2127 4369 2128 4369 2305 4370 2128 4370 2303 4370 2306 4371 2147 4371 2148 4371 2306 4372 2304 4372 2147 4372 2307 4373 2126 4373 2127 4373 2307 4374 2127 4374 2305 4374 2308 4375 2148 4375 2149 4375 2308 4376 2306 4376 2148 4376 2309 4377 2125 4377 2126 4377 2309 4378 2126 4378 2307 4378 2310 4379 2149 4379 2150 4379 2310 4380 2308 4380 2149 4380 2311 4381 2124 4381 2125 4381 2311 4382 2125 4382 2309 4382 2312 4383 2150 4383 2151 4383 2312 4384 2310 4384 2150 4384 2313 4385 2124 4385 2311 4385 2313 4386 2123 4386 2124 4386 2314 4387 2312 4387 2151 4387 2314 4388 2151 4388 2152 4388 2315 4389 2123 4389 2313 4389 2315 4390 2122 4390 2123 4390 2316 4391 2314 4391 2152 4391 2316 4392 2152 4392 2153 4392 2317 4393 2121 4393 2122 4393 2317 4394 2122 4394 2315 4394 2318 4395 2316 4395 2153 4395 2318 4396 2153 4396 2154 4396 2319 4397 2121 4397 2317 4397 2319 4398 2120 4398 2121 4398 2320 4399 2154 4399 2155 4399 2320 4400 2318 4400 2154 4400 2321 4401 2119 4401 2120 4401 2321 4402 2120 4402 2319 4402 2322 4403 2320 4403 2155 4403 2322 4404 2155 4404 2156 4404 2323 4405 2119 4405 2321 4405 2323 4406 2117 4406 2119 4406 2324 4407 2322 4407 2156 4407 2324 4408 2156 4408 2157 4408 2325 4409 2117 4409 2323 4409 2326 4410 2324 4410 2157 4410 2327 4411 2117 4411 2325 4411 2328 4412 2326 4412 2157 4412 2329 4413 2103 4413 2115 4413 2329 4414 2115 4414 2117 4414 2329 4415 2117 4415 2327 4415 2330 4416 2328 4416 2157 4416 2330 4417 2157 4417 2159 4417 2330 4418 2159 4418 2171 4418 2101 4419 2103 4419 2329 4419 2101 4420 2329 4420 2331 4420 2160 4421 2332 4421 2330 4421 2160 4422 2330 4422 2171 4422 2333 4423 2101 4423 2331 4423 2334 4424 2332 4424 2160 4424 2335 4425 2100 4425 2101 4425 2335 4426 2101 4426 2333 4426 2336 4427 2334 4427 2160 4427 2336 4428 2160 4428 2161 4428 2337 4429 2099 4429 2100 4429 2337 4430 2100 4430 2335 4430 2338 4431 2161 4431 2162 4431 2338 4432 2336 4432 2161 4432 2339 4433 2098 4433 2099 4433 2339 4434 2099 4434 2337 4434 2340 4435 2162 4435 2163 4435 2340 4436 2338 4436 2162 4436 2341 4437 2097 4437 2098 4437 2341 4438 2098 4438 2339 4438 2342 4439 2340 4439 2163 4439 2342 4440 2163 4440 2164 4440 2343 4441 2097 4441 2341 4441 2343 4442 2096 4442 2097 4442 2344 4443 2164 4443 2165 4443 2344 4444 2342 4444 2164 4444 2345 4445 2096 4445 2343 4445 2095 4446 2096 4446 2345 4446 2346 4447 2344 4447 2165 4447 2346 4448 2165 4448 2166 4448 2347 4449 2095 4449 2345 4449 2094 4450 2095 4450 2347 4450 2348 4451 2346 4451 2166 4451 2348 4452 2166 4452 2167 4452 2349 4453 2094 4453 2347 4453 2093 4454 2094 4454 2349 4454 2350 4455 2348 4455 2167 4455 2350 4456 2167 4456 2168 4456 2351 4457 2093 4457 2349 4457 2092 4458 2093 4458 2351 4458 2169 4459 2350 4459 2168 4459 2352 4460 2350 4460 2169 4460 2353 4461 2092 4461 2351 4461 2091 4462 2092 4462 2353 4462 2170 4463 2352 4463 2169 4463 2354 4464 2352 4464 2170 4464 2355 4465 2091 4465 2353 4465 2089 4466 2091 4466 2355 4466 2158 4467 2354 4467 2170 4467 2356 4468 2354 4468 2158 4468 2357 4469 2089 4469 2355 4469 2358 4470 2356 4470 2158 4470 2359 4471 2089 4471 2357 4471 2360 4472 2358 4472 2158 4472 2361 4473 2087 4473 2089 4473 2361 4474 2089 4474 2359 4474 2075 4475 2087 4475 2361 4475 2144 4476 2158 4476 2146 4476 2073 4477 2362 4477 2363 4477 2073 4478 2361 4478 2362 4478 2073 4479 2075 4479 2361 4479 2132 4480 2364 4480 2360 4480 2132 4481 2365 4481 2364 4481 2132 4482 2366 4482 2365 4482 2132 4483 2360 4483 2158 4483 2132 4484 2158 4484 2144 4484 2367 4485 2073 4485 2363 4485 2072 4486 2073 4486 2367 4486 2133 4487 2368 4487 2366 4487 2133 4488 2366 4488 2132 4488 2369 4489 2072 4489 2367 4489 2071 4490 2072 4490 2369 4490 2134 4491 2370 4491 2368 4491 2134 4492 2368 4492 2133 4492 2371 4493 2071 4493 2369 4493 2070 4494 2071 4494 2371 4494 2135 4495 2370 4495 2134 4495 2135 4496 2372 4496 2370 4496 2373 4497 2070 4497 2371 4497 2069 4498 2070 4498 2373 4498 2136 4499 2372 4499 2135 4499 2136 4500 2374 4500 2372 4500 2375 4501 2069 4501 2373 4501 2068 4502 2069 4502 2375 4502 2137 4503 2374 4503 2136 4503 2137 4504 2376 4504 2374 4504 2377 4505 2068 4505 2375 4505 2067 4506 2068 4506 2377 4506 2138 4507 2376 4507 2137 4507 2138 4508 2378 4508 2376 4508 2379 4509 2067 4509 2377 4509 2066 4510 2067 4510 2379 4510 2139 4511 2380 4511 2378 4511 2139 4512 2378 4512 2138 4512 2381 4513 2066 4513 2379 4513 2065 4514 2066 4514 2381 4514 2382 4515 2065 4515 2381 4515 2140 4516 2383 4516 2380 4516 2140 4517 2380 4517 2139 4517 2064 4518 2065 4518 2382 4518 2064 4519 2382 4519 2384 4519 2141 4520 2385 4520 2383 4520 2141 4521 2383 4521 2140 4521 2063 4522 2384 4522 2386 4522 2063 4523 2064 4523 2384 4523 2142 4524 2387 4524 2385 4524 2142 4525 2385 4525 2141 4525 2061 4526 2386 4526 2388 4526 2061 4527 2063 4527 2386 4527 2130 4528 2389 4528 2387 4528 2130 4529 2387 4529 2142 4529 2390 4530 2389 4530 2130 4530 2391 4531 2061 4531 2388 4531 2392 4532 2390 4532 2130 4532 2393 4533 2061 4533 2391 4533 2074 4534 2394 4534 2395 4534 2074 4535 2396 4535 2394 4535 2074 4536 2393 4536 2396 4536 2104 4537 2397 4537 2392 4537 2104 4538 2398 4538 2397 4538 2104 4539 2399 4539 2398 4539 2104 4540 2392 4540 2130 4540 2086 4541 2074 4541 2395 4541 2086 4542 2395 4542 2400 4542 2105 4543 2401 4543 2399 4543 2105 4544 2399 4544 2104 4544 2060 4545 2061 4545 2393 4545 2085 4546 2086 4546 2400 4546 2085 4547 2400 4547 2402 4547 2106 4548 2401 4548 2105 4548 2106 4549 2403 4549 2401 4549 2084 4550 2085 4550 2402 4550 2084 4551 2402 4551 2404 4551 2107 4552 2403 4552 2106 4552 2107 4553 2405 4553 2403 4553 2083 4554 2404 4554 2406 4554 2083 4555 2084 4555 2404 4555 2108 4556 2407 4556 2405 4556 2108 4557 2405 4557 2107 4557 2082 4558 2406 4558 2408 4558 2082 4559 2083 4559 2406 4559 2109 4560 2409 4560 2407 4560 2109 4561 2407 4561 2108 4561 2081 4562 2408 4562 2410 4562 2081 4563 2082 4563 2408 4563 2110 4564 2411 4564 2409 4564 2110 4565 2409 4565 2109 4565 2062 4566 2393 4566 2074 4566 2062 4567 2060 4567 2393 4567 2116 4568 2104 4568 2130 4568 2116 4569 2130 4569 2118 4569 2080 4570 2410 4570 2412 4570 2080 4571 2081 4571 2410 4571 2111 4572 2413 4572 2411 4572 2111 4573 2411 4573 2110 4573 2079 4574 2080 4574 2412 4574 2112 4575 2414 4575 2413 4575 2112 4576 2413 4576 2111 4576 2078 4577 2412 4577 2415 4577 2078 4578 2079 4578 2412 4578 2113 4579 2414 4579 2112 4579 2113 4580 2416 4580 2414 4580 2077 4581 2078 4581 2415 4581 2077 4582 2415 4582 2417 4582 2114 4583 2418 4583 2416 4583 2114 4584 2416 4584 2113 4584 2076 4585 2419 4585 2420 4585 2076 4586 2421 4586 2419 4586 2076 4587 2417 4587 2421 4587 2076 4588 2077 4588 2417 4588 2102 4589 2422 4589 2418 4589 2102 4590 2423 4590 2422 4590 2102 4591 2420 4591 2423 4591 2102 4592 2076 4592 2420 4592 2102 4593 2418 4593 2114 4593 2090 4594 2076 4594 2102 4594 2088 4595 2076 4595 2090 4595 2392 4596 2397 4596 2266 4596 2266 4597 2397 4597 2268 4597 2268 4598 2398 4598 2270 4598 2397 4599 2398 4599 2268 4599 2270 4600 2399 4600 2272 4600 2398 4601 2399 4601 2270 4601 2272 4602 2401 4602 2274 4602 2399 4603 2401 4603 2272 4603 2274 4604 2403 4604 2276 4604 2401 4605 2403 4605 2274 4605 2276 4606 2405 4606 2278 4606 2278 4607 2405 4607 2280 4607 2403 4608 2405 4608 2276 4608 2405 4609 2407 4609 2280 4609 2280 4610 2409 4610 2282 4610 2407 4611 2409 4611 2280 4611 2282 4612 2411 4612 2284 4612 2409 4613 2411 4613 2282 4613 2284 4614 2413 4614 2286 4614 2411 4615 2413 4615 2284 4615 2413 4616 2414 4616 2286 4616 2286 4617 2414 4617 2288 4617 2414 4618 2416 4618 2288 4618 2288 4619 2416 4619 2290 4619 2416 4620 2418 4620 2290 4620 2290 4621 2418 4621 2292 4621 2418 4622 2422 4622 2292 4622 2292 4623 2422 4623 2294 4623 2294 4624 2423 4624 2296 4624 2422 4625 2423 4625 2294 4625 2296 4626 2420 4626 2297 4626 2423 4627 2420 4627 2296 4627 2297 4628 2419 4628 2295 4628 2420 4629 2419 4629 2297 4629 2295 4630 2421 4630 2293 4630 2419 4631 2421 4631 2295 4631 2293 4632 2417 4632 2291 4632 2291 4633 2417 4633 2289 4633 2421 4634 2417 4634 2293 4634 2289 4635 2415 4635 2287 4635 2417 4636 2415 4636 2289 4636 2415 4637 2412 4637 2287 4637 2287 4638 2410 4638 2285 4638 2412 4639 2410 4639 2287 4639 2285 4640 2408 4640 2283 4640 2410 4641 2408 4641 2285 4641 2283 4642 2406 4642 2281 4642 2408 4643 2406 4643 2283 4643 2281 4644 2404 4644 2279 4644 2406 4645 2404 4645 2281 4645 2279 4646 2402 4646 2277 4646 2404 4647 2402 4647 2279 4647 2277 4648 2400 4648 2275 4648 2402 4649 2400 4649 2277 4649 2275 4650 2395 4650 2273 4650 2400 4651 2395 4651 2275 4651 2273 4652 2394 4652 2271 4652 2395 4653 2394 4653 2273 4653 2271 4654 2396 4654 2269 4654 2394 4655 2396 4655 2271 4655 2269 4656 2393 4656 2267 4656 2396 4657 2393 4657 2269 4657 2267 4658 2391 4658 2265 4658 2265 4659 2391 4659 2263 4659 2393 4660 2391 4660 2267 4660 2391 4661 2388 4661 2263 4661 2263 4662 2386 4662 2261 4662 2388 4663 2386 4663 2263 4663 2261 4664 2384 4664 2259 4664 2386 4665 2384 4665 2261 4665 2259 4666 2382 4666 2257 4666 2384 4667 2382 4667 2259 4667 2257 4668 2381 4668 2255 4668 2382 4669 2381 4669 2257 4669 2381 4670 2379 4670 2255 4670 2255 4671 2379 4671 2253 4671 2379 4672 2377 4672 2253 4672 2253 4673 2377 4673 2251 4673 2377 4674 2375 4674 2251 4674 2251 4675 2375 4675 2249 4675 2375 4676 2373 4676 2249 4676 2249 4677 2373 4677 2247 4677 2247 4678 2373 4678 2245 4678 2373 4679 2371 4679 2245 4679 2371 4680 2369 4680 2245 4680 2245 4681 2369 4681 2243 4681 2369 4682 2367 4682 2243 4682 2243 4683 2367 4683 2241 4683 2367 4684 2363 4684 2241 4684 2241 4685 2363 4685 2239 4685 2363 4686 2362 4686 2239 4686 2239 4687 2362 4687 2237 4687 2362 4688 2361 4688 2237 4688 2237 4689 2361 4689 2235 4689 2235 4690 2359 4690 2233 4690 2361 4691 2359 4691 2235 4691 2233 4692 2357 4692 2231 4692 2359 4693 2357 4693 2233 4693 2231 4694 2355 4694 2229 4694 2357 4695 2355 4695 2231 4695 2229 4696 2353 4696 2227 4696 2355 4697 2353 4697 2229 4697 2227 4698 2351 4698 2225 4698 2353 4699 2351 4699 2227 4699 2225 4700 2349 4700 2223 4700 2351 4701 2349 4701 2225 4701 2223 4702 2347 4702 2221 4702 2349 4703 2347 4703 2223 4703 2221 4704 2345 4704 2219 4704 2347 4705 2345 4705 2221 4705 2219 4706 2343 4706 2217 4706 2345 4707 2343 4707 2219 4707 2217 4708 2341 4708 2215 4708 2343 4709 2341 4709 2217 4709 2215 4710 2339 4710 2213 4710 2341 4711 2339 4711 2215 4711 2213 4712 2337 4712 2211 4712 2339 4713 2337 4713 2213 4713 2211 4714 2335 4714 2209 4714 2337 4715 2335 4715 2211 4715 2209 4716 2333 4716 2207 4716 2335 4717 2333 4717 2209 4717 2333 4718 2331 4718 2207 4718 2207 4719 2331 4719 2204 4719 2331 4720 2329 4720 2204 4720 2204 4721 2329 4721 2205 4721 2329 4722 2327 4722 2205 4722 2205 4723 2327 4723 2202 4723 2327 4724 2325 4724 2202 4724 2202 4725 2325 4725 2200 4725 2325 4726 2323 4726 2200 4726 2200 4727 2323 4727 2198 4727 2323 4728 2321 4728 2198 4728 2198 4729 2321 4729 2196 4729 2321 4730 2319 4730 2196 4730 2196 4731 2319 4731 2194 4731 2319 4732 2317 4732 2194 4732 2194 4733 2317 4733 2192 4733 2317 4734 2315 4734 2192 4734 2192 4735 2315 4735 2190 4735 2315 4736 2313 4736 2190 4736 2190 4737 2313 4737 2188 4737 2313 4738 2311 4738 2188 4738 2188 4739 2311 4739 2186 4739 2311 4740 2309 4740 2186 4740 2186 4741 2309 4741 2184 4741 2184 4742 2309 4742 2182 4742 2309 4743 2307 4743 2182 4743 2307 4744 2305 4744 2182 4744 2182 4745 2305 4745 2180 4745 2305 4746 2303 4746 2180 4746 2180 4747 2303 4747 2178 4747 2303 4748 2301 4748 2178 4748 2178 4749 2301 4749 2176 4749 2301 4750 2299 4750 2176 4750 2176 4751 2299 4751 2174 4751 2299 4752 2298 4752 2174 4752 2174 4753 2298 4753 2172 4753 2298 4754 2300 4754 2172 4754 2172 4755 2300 4755 2173 4755 2300 4756 2302 4756 2173 4756 2173 4757 2302 4757 2175 4757 2302 4758 2304 4758 2175 4758 2175 4759 2304 4759 2177 4759 2177 4760 2306 4760 2179 4760 2304 4761 2306 4761 2177 4761 2179 4762 2308 4762 2181 4762 2306 4763 2308 4763 2179 4763 2181 4764 2310 4764 2183 4764 2308 4765 2310 4765 2181 4765 2183 4766 2312 4766 2185 4766 2310 4767 2312 4767 2183 4767 2185 4768 2314 4768 2187 4768 2312 4769 2314 4769 2185 4769 2314 4770 2316 4770 2187 4770 2187 4771 2316 4771 2189 4771 2316 4772 2318 4772 2189 4772 2189 4773 2318 4773 2191 4773 2318 4774 2320 4774 2191 4774 2191 4775 2320 4775 2193 4775 2320 4776 2322 4776 2193 4776 2193 4777 2322 4777 2195 4777 2322 4778 2324 4778 2195 4778 2195 4779 2324 4779 2197 4779 2324 4780 2326 4780 2197 4780 2197 4781 2326 4781 2199 4781 2326 4782 2328 4782 2199 4782 2199 4783 2328 4783 2201 4783 2328 4784 2330 4784 2201 4784 2201 4785 2330 4785 2203 4785 2330 4786 2332 4786 2203 4786 2203 4787 2332 4787 2206 4787 2332 4788 2334 4788 2206 4788 2206 4789 2334 4789 2208 4789 2334 4790 2336 4790 2208 4790 2208 4791 2336 4791 2210 4791 2336 4792 2338 4792 2210 4792 2210 4793 2338 4793 2212 4793 2212 4794 2340 4794 2214 4794 2338 4795 2340 4795 2212 4795 2214 4796 2342 4796 2216 4796 2340 4797 2342 4797 2214 4797 2216 4798 2344 4798 2218 4798 2342 4799 2344 4799 2216 4799 2218 4800 2346 4800 2220 4800 2344 4801 2346 4801 2218 4801 2220 4802 2348 4802 2222 4802 2346 4803 2348 4803 2220 4803 2222 4804 2350 4804 2224 4804 2348 4805 2350 4805 2222 4805 2224 4806 2352 4806 2226 4806 2350 4807 2352 4807 2224 4807 2226 4808 2354 4808 2228 4808 2352 4809 2354 4809 2226 4809 2228 4810 2356 4810 2230 4810 2354 4811 2356 4811 2228 4811 2230 4812 2358 4812 2232 4812 2356 4813 2358 4813 2230 4813 2232 4814 2360 4814 2234 4814 2358 4815 2360 4815 2232 4815 2234 4816 2364 4816 2236 4816 2360 4817 2364 4817 2234 4817 2236 4818 2365 4818 2238 4818 2364 4819 2365 4819 2236 4819 2365 4820 2366 4820 2238 4820 2238 4821 2366 4821 2240 4821 2366 4822 2368 4822 2240 4822 2240 4823 2368 4823 2242 4823 2368 4824 2370 4824 2242 4824 2242 4825 2370 4825 2244 4825 2370 4826 2372 4826 2244 4826 2244 4827 2372 4827 2246 4827 2246 4828 2374 4828 2248 4828 2372 4829 2374 4829 2246 4829 2248 4830 2376 4830 2250 4830 2374 4831 2376 4831 2248 4831 2250 4832 2378 4832 2252 4832 2376 4833 2378 4833 2250 4833 2252 4834 2380 4834 2254 4834 2378 4835 2380 4835 2252 4835 2254 4836 2383 4836 2256 4836 2380 4837 2383 4837 2254 4837 2256 4838 2385 4838 2258 4838 2383 4839 2385 4839 2256 4839 2258 4840 2387 4840 2260 4840 2385 4841 2387 4841 2258 4841 2260 4842 2389 4842 2262 4842 2387 4843 2389 4843 2260 4843 2262 4844 2390 4844 2264 4844 2389 4845 2390 4845 2262 4845 2264 4846 2392 4846 2266 4846 2390 4847 2392 4847 2264 4847</p>
        </triangles>
      </mesh>
    </geometry>
  </library_geometries>
  <library_materials>
    <material id="mat_Body" name="Body">
      <instance_effect url="#effect_Body"/>
    </material>
  </library_materials>
  <library_visual_scenes>
    <visual_scene id="myscene">
      <node id="node0" name="node0">
        <instance_geometry url="#geometry0">
          <bind_material>
            <technique_common>
              <instance_material symbol="ref_Body" target="#mat_Body"/>
            </technique_common>
          </bind_material>
        </instance_geometry>
      </node>
    </visual_scene>
  </library_visual_scenes>
  <scene>
    <instance_visual_scene url="#myscene"/>
  </scene>
</COLLADA>
