<COLLADA xmlns="http://www.collada.org/2005/11/COLLADASchema" version="1.4.1">
  <asset>
    <contributor/>
    <created>2025-12-20T13:10:34.111721</created>
    <modified>2025-12-20T13:10:34.111721</modified>
    <unit name="meter" meter="1.0"/>
    <up_axis>Z_UP</up_axis>
  </asset>
  <library_effects>
    <effect id="effect_Body002" name="effect_Body002">
      <profile_COMMON>
        <technique sid="common">
          <phong>
            <emission>
              <color>0.0 0.0 0.0 1.0</color>
            </emission>
            <ambient>
              <color>0.0 0.0 0.0 1.0</color>
            </ambient>
            <diffuse>
              <color>0.4470588266849518 0.4745098054409027 0.501960813999176 1.0</color>
            </diffuse>
            <specular>
              <color>1 1 1 1.0</color>
            </specular>
            <shininess>
              <float>0.0</float>
            </shininess>
            <reflective>
              <color>0.0 0.0 0.0 1.0</color>
            </reflective>
            <reflectivity>
              <float>0.0</float>
            </reflectivity>
            <transparent>
              <color>0.0 0.0 0.0 1.0</color>
            </transparent>
            <transparency>
              <float>1.0</float>
            </transparency>
          </phong>
        </technique>
        <extra>
          <technique profile="GOOGLEEARTH">
            <double_sided>0</double_sided>
          </technique>
        </extra>
      </profile_COMMON>
    </effect>
  </library_effects>
  <library_geometries>
    <geometry id="geometry0" name="Body002">
      <mesh>
        <source id="cubeverts-array0">
          <float_array count="3684" id="cubeverts-array0-array">0.002718772 -0.0006695368 0.0348 0.002683282 -0.0008 0.0348 0.002803282 -0.0008 0.0348 0.002747923 -0.0005375125 0.0348 0.002770667 -0.0004042348 0.0348 0.002803282 0.0008 0.0348 0.002683282 0.0008 0.0348 0.002718772 0.0006695368 0.0348 0.002747923 0.0005375125 0.0348 0.002770667 0.0004042348 0.0348 0.00278695 0.0002700147 0.0348 0.0028 0 0.0348 0.002796736 0.0001351649 0.0348 0.002796736 -0.0001351649 0.0348 0.00278695 -0.0002700147 0.0348 0.003303282 -0.0008 -0.0052 0.003303282 -0.0008 0.0343 0.002683282 -0.0008 -0.0052 0.003303282 0.0008 0.0343 0.003303282 0.0008 -0.0052 0.002683282 0.0008 -0.0052 0.002770667 -0.0004042348 -0.0052 0.002747923 -0.0005375125 -0.0052 0.002718772 -0.0006695368 -0.0052 0.00278695 -0.0002700147 -0.0052 0.002796736 -0.0001351649 -0.0052 0.0028 0 -0.0052 0.002718772 0.0006695368 -0.0052 0.002747923 0.0005375125 -0.0052 0.002770667 0.0004042348 -0.0052 0.00278695 0.0002700147 -0.0052 0.002796736 0.0001351649 -0.0052 0.0028 0 -0.0152 0.002796519 -0.0001395685 -0.0152 0.002786086 -0.00027879 -0.0152 0.0028 0 0.0398 0.002796519 -0.0001395685 0.0398 0.002768726 -0.0004173183 -0.0152 0.002786086 -0.00027879 0.0398 0.002744483 -0.0005548092 -0.0152 0.002768726 -0.0004173183 0.0398 0.002713416 -0.0006909207 -0.0152 0.002744483 -0.0005548092 0.0398 0.002675604 -0.0008253145 -0.0152 0.002631139 -0.0009576564 -0.0152 0.002713416 -0.0006909207 0.0398 0.002675604 -0.0008253145 0.0398 0.002631139 -0.0009576564 0.0398 0.002580133 -0.001087617 0.0398 0.002580133 -0.001087617 -0.0152 0.002522713 -0.001214875 0.0398 0.002522713 -0.001214875 -0.0152 0.00245902 -0.001339111 0.0398 0.00245902 -0.001339111 -0.0152 0.002389215 -0.001460019 0.0398 0.002389215 -0.001460019 -0.0152 0.002313468 -0.001577296 0.0398 0.002313468 -0.001577296 -0.0152 0.002231971 -0.001690652 0.0398 0.002231971 -0.001690652 -0.0152 0.002144924 -0.001799805 -0.0152 0.002144924 -0.001799805 0.0398 0.002052545 -0.001904484 0.0398 0.002052545 -0.001904484 -0.0152 0.001955063 -0.002004427 0.0398 0.001955063 -0.002004427 -0.0152 0.00185272 -0.002099387 -0.0152 0.00185272 -0.002099387 0.0398 0.001745771 -0.002189128 0.0398 0.001745771 -0.002189128 -0.0152 0.001634482 -0.002273427 0.0398 0.001634482 -0.002273427 -0.0152 0.00151913 -0.002352072 -0.0152 0.00151913 -0.002352072 0.0398 0.0014 -0.002424871 0.0398 0.0014 -0.002424871 -0.0152 0.00127739 -0.002491641 0.0398 0.00127739 -0.002491641 -0.0152 0.001151604 -0.002552216 0.0398 0.001151604 -0.002552216 -0.0152 0.001022955 -0.002606447 -0.0152 0.001022955 -0.002606447 0.0398 0.0008917626 -0.002654197 -0.0152 0.0008917626 -0.002654197 0.0398 0.0007583533 -0.002695348 -0.0152 0.0007583533 -0.002695348 0.0398 0.0006230586 -0.002729798 0.0398 0.0006230586 -0.002729798 -0.0152 0.0004862149 -0.002757462 -0.0152 0.0004862149 -0.002757462 0.0398 0.0003481624 -0.00277827 0.0398 0.0003481624 -0.00277827 -0.0152 0.0002092443 -0.002792171 0.0398 0.0002092443 -0.002792171 -0.0152 6.980594e-05 -0.00279913 -0.0152 6.980594e-05 -0.00279913 0.0398 -6.980594e-05 -0.00279913 0.0398 -6.980594e-05 -0.00279913 -0.0152 -0.0002092443 -0.002792171 0.0398 -0.0002092443 -0.002792171 -0.0152 -0.0003481624 -0.00277827 -0.0152 -0.0003481624 -0.00277827 0.0398 -0.0004862149 -0.002757462 -0.0152 -0.0004862149 -0.002757462 0.0398 -0.0006230586 -0.002729798 0.0398 -0.0006230586 -0.002729798 -0.0152 -0.0007583533 -0.002695348 0.0398 -0.0007583533 -0.002695348 -0.0152 -0.0008917626 -0.002654197 -0.0152 -0.0008917626 -0.002654197 0.0398 -0.001022955 -0.002606447 0.0398 -0.001022955 -0.002606447 -0.0152 -0.001151604 -0.002552216 -0.0152 -0.001151604 -0.002552216 0.0398 -0.00127739 -0.002491641 0.0398 -0.00127739 -0.002491641 -0.0152 -0.0014 -0.002424871 0.0398 -0.0014 -0.002424871 -0.0152 -0.00151913 -0.002352072 -0.0152 -0.00151913 -0.002352072 0.0398 -0.001634482 -0.002273427 0.0398 -0.001634482 -0.002273427 -0.0152 -0.001745771 -0.002189128 -0.0152 -0.001745771 -0.002189128 0.0398 -0.00185272 -0.002099387 -0.0152 -0.00185272 -0.002099387 0.0398 -0.001955063 -0.002004427 -0.0152 -0.001955063 -0.002004427 0.0398 -0.002052545 -0.001904484 -0.0152 -0.002052545 -0.001904484 0.0398 -0.002144924 -0.001799805 0.0398 -0.002144924 -0.001799805 -0.0152 -0.002231971 -0.001690652 -0.0152 -0.002231971 -0.001690652 0.0398 -0.002313468 -0.001577296 -0.0152 -0.002313468 -0.001577296 0.0398 -0.002389215 -0.001460019 -0.0152 -0.002389215 -0.001460019 0.0398 -0.00245902 -0.001339111 0.0398 -0.00245902 -0.001339111 -0.0152 -0.002522713 -0.001214875 -0.0152 -0.002522713 -0.001214875 0.0398 -0.002580133 -0.001087617 0.0398 -0.002580133 -0.001087617 -0.0152 -0.002631139 -0.0009576564 -0.0152 -0.002683282 -0.0008 -0.0052 -0.002675604 -0.0008253145 -0.0152 -0.002713416 -0.0006909207 -0.0152 -0.002631139 -0.0009576564 0.0398 -0.002718772 -0.0006695368 -0.0052 -0.002744483 -0.0005548092 -0.0152 -0.002683282 -0.0008 0.0348 -0.002675604 -0.0008253145 0.0398 -0.002747923 -0.0005375125 -0.0052 -0.002768726 -0.0004173183 -0.0152 -0.002713416 -0.0006909207 0.0398 -0.002718772 -0.0006695368 0.0348 -0.002770667 -0.0004042348 -0.0052 -0.002786086 -0.00027879 -0.0152 -0.002744483 -0.0005548092 0.0398 -0.002747923 -0.0005375125 0.0348 -0.00278695 -0.0002700147 -0.0052 -0.002796519 -0.0001395685 -0.0152 -0.002768726 -0.0004173183 0.0398 -0.002770667 -0.0004042348 0.0348 -0.002796736 -0.0001351649 -0.0052 -0.0028 9.604697e-18 -0.0152 -0.002786086 -0.00027879 0.0398 -0.00278695 -0.0002700147 0.0348 -0.0028 -5.878504e-17 -0.0052 -0.002796519 -0.0001395685 0.0398 -0.002796736 -0.0001351649 0.0348 -0.002796736 0.0001351649 -0.0052 -0.002796519 0.0001395685 -0.0152 -0.0028 9.604697e-18 0.0398 -0.0028 -5.878504e-17 0.0348 -0.00278695 0.0002700147 -0.0052 -0.002786086 0.00027879 -0.0152 -0.002796736 0.0001351649 0.0348 -0.002796519 0.0001395685 0.0398 -0.002770667 0.0004042348 -0.0052 -0.002768726 0.0004173183 -0.0152 -0.00278695 0.0002700147 0.0348 -0.002786086 0.00027879 0.0398 -0.002747923 0.0005375125 -0.0052 -0.002744483 0.0005548092 -0.0152 -0.002770667 0.0004042348 0.0348 -0.002768726 0.0004173183 0.0398 -0.002718772 0.0006695368 -0.0052 -0.002713416 0.0006909207 -0.0152 -0.002747923 0.0005375125 0.0348 -0.002744483 0.0005548092 0.0398 -0.002683282 0.0008 -0.0052 -0.002675604 0.0008253145 -0.0152 -0.002718772 0.0006695368 0.0348 -0.002631139 0.0009576564 -0.0152 -0.002713416 0.0006909207 0.0398 -0.002683282 0.0008 0.0348 -0.002675604 0.0008253145 0.0398 -0.002631139 0.0009576564 0.0398 -0.002580133 0.001087617 0.0398 -0.002580133 0.001087617 -0.0152 -0.002522713 0.001214875 0.0398 -0.002522713 0.001214875 -0.0152 -0.00245902 0.001339111 0.0398 -0.00245902 0.001339111 -0.0152 -0.002389215 0.001460019 0.0398 -0.002389215 0.001460019 -0.0152 -0.002313468 0.001577296 -0.0152 -0.002313468 0.001577296 0.0398 -0.002231971 0.001690652 0.0398 -0.002231971 0.001690652 -0.0152 -0.002144924 0.001799805 0.0398 -0.002144924 0.001799805 -0.0152 -0.002052545 0.001904484 0.0398 -0.002052545 0.001904484 -0.0152 -0.001955063 0.002004427 0.0398 -0.001955063 0.002004427 -0.0152 -0.00185272 0.002099387 0.0398 -0.00185272 0.002099387 -0.0152 -0.001745771 0.002189128 -0.0152 -0.001745771 0.002189128 0.0398 -0.001634482 0.002273427 -0.0152 -0.001634482 0.002273427 0.0398 -0.00151913 0.002352072 0.0398 -0.00151913 0.002352072 -0.0152 -0.0014 0.002424871 0.0398 -0.0014 0.002424871 -0.0152 -0.00127739 0.002491641 0.0398 -0.00127739 0.002491641 -0.0152 -0.001151604 0.002552216 0.0398 -0.001151604 0.002552216 -0.0152 -0.001022955 0.002606447 0.0398 -0.001022955 0.002606447 -0.0152 -0.0008917626 0.002654197 -0.0152 -0.0008917626 0.002654197 0.0398 -0.0007583533 0.002695348 0.0398 -0.0007583533 0.002695348 -0.0152 -0.0006230586 0.002729798 0.0398 -0.0006230586 0.002729798 -0.0152 -0.0004862149 0.002757462 0.0398 -0.0004862149 0.002757462 -0.0152 -0.0003481624 0.00277827 0.0398 -0.0003481624 0.00277827 -0.0152 -0.0002092443 0.002792171 0.0398 -0.0002092443 0.002792171 -0.0152 -6.980594e-05 0.00279913 0.0398 -6.980594e-05 0.00279913 -0.0152 6.980594e-05 0.00279913 -0.0152 6.980594e-05 0.00279913 0.0398 0.0002092443 0.002792171 0.0398 0.0002092443 0.002792171 -0.0152 0.0003481624 0.00277827 0.0398 0.0003481624 0.00277827 -0.0152 0.0004862149 0.002757462 -0.0152 0.0004862149 0.002757462 0.0398 0.0006230586 0.002729798 0.0398 0.0006230586 0.002729798 -0.0152 0.0007583533 0.002695348 0.0398 0.0007583533 0.002695348 -0.0152 0.0008917626 0.002654197 0.0398 0.0008917626 0.002654197 -0.0152 0.001022955 0.002606447 -0.0152 0.001022955 0.002606447 0.0398 0.001151604 0.002552216 0.0398 0.001151604 0.002552216 -0.0152 0.00127739 0.002491641 0.0398 0.00127739 0.002491641 -0.0152 0.0014 0.002424871 -0.0152 0.0014 0.002424871 0.0398 0.00151913 0.002352072 0.0398 0.00151913 0.002352072 -0.0152 0.001634482 0.002273427 0.0398 0.001634482 0.002273427 -0.0152 0.001745771 0.002189128 0.0398 0.001745771 0.002189128 -0.0152 0.00185272 0.002099387 0.0398 0.00185272 0.002099387 -0.0152 0.001955063 0.002004427 -0.0152 0.001955063 0.002004427 0.0398 0.002052545 0.001904484 0.0398 0.002052545 0.001904484 -0.0152 0.002144924 0.001799805 -0.0152 0.002144924 0.001799805 0.0398 0.002231971 0.001690652 -0.0152 0.002231971 0.001690652 0.0398 0.002313468 0.001577296 -0.0152 0.002313468 0.001577296 0.0398 0.002389215 0.001460019 0.0398 0.002389215 0.001460019 -0.0152 0.00245902 0.001339111 0.0398 0.00245902 0.001339111 -0.0152 0.002522713 0.001214875 0.0398 0.002522713 0.001214875 -0.0152 0.002580133 0.001087617 0.0398 0.002580133 0.001087617 -0.0152 0.002631139 0.0009576564 -0.0152 0.002675604 0.0008253145 -0.0152 0.002713416 0.0006909207 -0.0152 0.002631139 0.0009576564 0.0398 0.002744483 0.0005548092 -0.0152 0.002675604 0.0008253145 0.0398 0.002768726 0.0004173183 -0.0152 0.002713416 0.0006909207 0.0398 0.002786086 0.00027879 -0.0152 0.002744483 0.0005548092 0.0398 0.002796519 0.0001395685 -0.0152 0.002768726 0.0004173183 0.0398 0.002786086 0.00027879 0.0398 0.002796519 0.0001395685 0.0398 -0.003946791 -0.003835564 0.0398 -0.003945184 -0.003725015 0.0398 -0.003908753 -0.003872655 0.0398 -0.003870359 -0.003909377 0.0398 -0.003629523 -0.003940828 0.0398 -0.003831612 -0.003945726 0.0398 -0.003940871 -0.003618219 0.0398 -0.003445282 -0.003927422 0.0398 -0.003925859 -0.003426374 0.0398 -0.003253749 -0.003903566 0.0398 -0.003901984 -0.003242563 0.0398 -0.003065052 -0.003869114 0.0398 -0.003866846 -0.003054343 0.0398 -0.003835833 -0.002925358 0.0398 -0.002871868 -0.003821175 0.0398 -0.003793999 -0.00278204 0.0398 -0.002769907 -0.003790086 0.0398 -0.002654484 -0.003749501 0.0398 -0.003738601 -0.002626183 0.0398 -0.00254276 -0.003704178 0.0398 -0.003678679 -0.002486095 0.0398 -0.002446706 -0.003659879 0.0398 -0.003611826 -0.002354008 0.0398 -0.002354008 -0.003611826 0.0398 -0.002228271 -0.003534476 0.0398 -0.003515591 -0.002200512 0.0398 -0.002118257 -0.003454594 0.0398 -0.005499408 -8.069055e-05 0.0398 -0.005501104 -2.758953e-05 0.0398 -0.005353046 -0.0002201261 0.0398 -0.0001556828 -0.00542365 0.0398 -2.55254e-05 -0.005502286 0.0398 -7.864927e-05 -0.005502956 0.0398 -0.003416141 -0.002072056 0.0398 2.758953e-05 -0.005501104 0.0398 -0.005502956 7.864927e-05 0.0398 -0.00542365 0.0001556828 0.0398 -0.005502286 2.55254e-05 0.0398 -0.001956648 -0.003295948 0.0398 -0.002025811 -0.003373419 0.0398 -0.003295948 -0.001956648 0.0398 -0.0002281489 -0.005345084 0.0398 0.0002201261 -0.005353046 0.0398 8.069055e-05 -0.005499408 0.0398 -0.005345084 0.0002281489 0.0398 -0.005213289 -0.0003409247 0.0398 0.0003409247 -0.005213289 0.0398 -0.0003531892 -0.005198814 0.0398 -0.005198814 0.0003531892 0.0398 -0.005060986 -0.0004594903 0.0398 -0.002961383 -0.001756263 0.0398 -0.001756263 -0.002961383 0.0398 -0.003940601 -0.0009449333 0.0398 -0.003714146 -0.0009470283 0.0398 -0.003817832 -0.0009529022 0.0398 -0.0004662808 -0.005051958 0.0398 0.0004594903 -0.005060986 0.0398 -0.005051958 0.0004662808 0.0398 -0.004903196 -0.0005685583 0.0398 -0.0006438031 -0.004780883 0.0398 0.0005685583 -0.004903196 0.0398 -0.0005745265 -0.004894019 0.0398 -0.004894019 0.0005745265 0.0398 -0.004780883 0.0006438031 0.0398 -0.004732697 -0.0006712616 0.0398 0.0006712616 -0.004732697 0.0398 -0.0007155632 -0.004649962 0.0398 -0.001706944 -0.002886444 0.0398 -0.002886444 -0.001706944 0.0398 -0.00164277 -0.002823755 0.0398 -0.004649962 0.0007155632 0.0398 -0.004638615 -0.0007213755 0.0398 -0.004528301 -0.0007742947 0.0398 -0.002823755 -0.00164277 0.0398 0.0007213755 -0.004638615 0.0398 -0.001566698 -0.002776203 0.0398 -0.002776203 -0.001566698 0.0398 -0.001482231 -0.002745978 0.0398 -0.002745978 -0.001482231 0.0398 -0.00139326 -0.002734474 0.0398 -0.002742219 -0.001303883 0.0398 -0.002734474 -0.00139326 0.0398 -0.001303883 -0.002742219 0.0398 0.0007742947 -0.004528301 0.0398 -0.0007865986 -0.004500582 0.0398 -0.002768857 -0.001218217 0.0398 -0.004500582 0.0007865986 0.0398 -0.004417253 -0.0008212463 0.0398 -0.001218217 -0.002768857 0.0398 -0.00117788 -0.002786256 0.0398 -0.002819288 -0.001096468 0.0398 -0.002803067 -0.001137294 0.0398 -0.002786256 -0.00117788 0.0398 -0.001137294 -0.002803067 0.0398 -0.001096468 -0.002819288 0.0398 -0.001017057 -0.002861026 0.0398 0.0008212463 -0.004417253 0.0398 -0.0008432844 -0.004359154 0.0398 -0.002861026 -0.001017057 0.0398 -0.0009483816 -0.002918748 0.0398 -0.004359154 0.0008432844 0.0398 -0.004318007 -0.0008578426 0.0398 -0.002918748 -0.0009483816 0.0398 0.0008578426 -0.004318007 0.0398 -0.0008894117 -0.004218482 0.0398 -0.0008936045 -0.002989795 0.0398 -0.003070894 -0.000855249 0.0398 -0.002989795 -0.0008936045 0.0398 -0.000855249 -0.003070894 0.0398 0.0008894117 -0.004218482 0.0398 -0.004218482 0.0008894117 0.0398 -0.004218482 -0.0008894117 0.0398 -0.004074878 -0.0009236262 0.0398 -0.00315831 -0.0008350821 0.0398 -0.0008350821 -0.00315831 0.0398 -0.003248016 -0.0008340326 0.0398 0.0009236262 -0.004074878 0.0398 -0.0009299018 -0.004041895 0.0398 -0.0008340326 -0.003248016 0.0398 -0.004041895 0.0009299018 0.0398 -0.0008521489 -0.003335879 0.0398 0.0009449333 -0.003940601 0.0398 -0.000950412 -0.003880742 0.0398 -0.003335879 -0.0008521489 0.0398 -0.003880742 0.000950412 0.0398 0.0009470283 -0.003714146 0.0398 0.0009529022 -0.003817832 0.0398 -0.0009470283 -0.003714146 0.0398 -0.003714146 0.0009470283 0.0398 0.0008521489 -0.003335879 0.0398 -0.003335879 0.0008521489 0.0398 0.0008340326 -0.003248016 0.0398 -0.003248016 0.0008340326 0.0398 0.0008350821 -0.00315831 0.0398 -0.00315831 0.0008350821 0.0398 0.000855249 -0.003070894 0.0398 -0.003070894 0.000855249 0.0398 0.0008936045 -0.002989795 0.0398 -0.002989795 0.0008936045 0.0398 -0.002918748 0.0009483816 0.0398 0.0009483816 -0.002918748 0.0398 -0.002861026 0.001017057 0.0398 0.001017057 -0.002861026 0.0398 -0.002819288 0.001096468 0.0398 0.001096468 -0.002819288 0.0398 0.001137294 -0.002803067 0.0398 0.00117788 -0.002786256 0.0398 -0.002768857 0.001218217 0.0398 -0.002786256 0.00117788 0.0398 -0.002803067 0.001137294 0.0398 0.001218217 -0.002768857 0.0398 0.001303883 -0.002742219 0.0398 -0.003373419 0.002025811 0.0398 -0.003454594 0.002118257 0.0398 -0.003295948 0.001956648 0.0398 -0.002742219 0.001303883 0.0398 0.00139326 -0.002734474 0.0398 -0.002745978 0.001482231 0.0398 -0.002734474 0.00139326 0.0398 0.001482231 -0.002745978 0.0398 -0.002776203 0.001566698 0.0398 0.001566698 -0.002776203 0.0398 -0.002823755 0.00164277 0.0398 0.00164277 -0.002823755 0.0398 -0.002886444 0.001706944 0.0398 0.001706944 -0.002886444 0.0398 -0.002961383 0.001756263 0.0398 0.001756263 -0.002961383 0.0398 -0.003945726 0.003831612 0.0398 -0.003909377 0.003870359 0.0398 -0.003940828 0.003629523 0.0398 0.003725015 -0.003945184 0.0398 0.003872655 -0.003908753 0.0398 0.003835564 -0.003946791 0.0398 0.003909377 -0.003870359 0.0398 -0.003725015 0.003945184 0.0398 -0.003835564 0.003946791 0.0398 -0.003872655 0.003908753 0.0398 0.003940828 -0.003629523 0.0398 0.003618219 -0.003940871 0.0398 0.003945726 -0.003831612 0.0398 -0.003618219 0.003940871 0.0398 -0.003927422 0.003445282 0.0398 0.003927422 -0.003445282 0.0398 0.003426374 -0.003925859 0.0398 -0.003426374 0.003925859 0.0398 -0.003903566 0.003253749 0.0398 0.003242563 -0.003901984 0.0398 0.003903566 -0.003253749 0.0398 -0.003242563 0.003901984 0.0398 -0.003869114 0.003065052 0.0398 0.002925358 -0.003835833 0.0398 0.003869114 -0.003065052 0.0398 0.003054343 -0.003866846 0.0398 -0.003054343 0.003866846 0.0398 -0.002925358 0.003835833 0.0398 -0.003821175 0.002871868 0.0398 0.003821175 -0.002871868 0.0398 0.00278204 -0.003793999 0.0398 -0.00278204 0.003793999 0.0398 -0.003790086 0.002769907 0.0398 -0.003749501 0.002654484 0.0398 0.003790086 -0.002769907 0.0398 0.002626183 -0.003738601 0.0398 0.003749501 -0.002654484 0.0398 -0.002626183 0.003738601 0.0398 -0.003704178 0.00254276 0.0398 0.002486095 -0.003678679 0.0398 0.003704178 -0.00254276 0.0398 0.002886444 -0.001706944 0.0398 -0.001706944 0.002886444 0.0398 0.002823755 -0.00164277 0.0398 -0.00164277 0.002823755 0.0398 -0.002486095 0.003678679 0.0398 -0.003659879 0.002446706 0.0398 0.002961383 -0.001756263 0.0398 0.001956648 -0.003295948 0.0398 -0.001756263 0.002961383 0.0398 -0.001566698 0.002776203 0.0398 0.002776203 -0.001566698 0.0398 0.002354008 -0.003611826 0.0398 0.003659879 -0.002446706 0.0398 -0.002354008 0.003611826 0.0398 -0.003611826 0.002354008 0.0398 -0.003534476 0.002228271 0.0398 0.003611826 -0.002354008 0.0398 0.002745978 -0.001482231 0.0398 -0.001482231 0.002745978 0.0398 0.002200512 -0.003515591 0.0398 0.003534476 -0.002228271 0.0398 -0.002200512 0.003515591 0.0398 0.003454594 -0.002118257 0.0398 0.002072056 -0.003416141 0.0398 0.003295948 -0.001956648 0.0398 -0.001956648 0.003295948 0.0398 0.002734474 -0.00139326 0.0398 -0.00139326 0.002734474 0.0398 -0.002072056 0.003416141 0.0398 0.003373419 -0.002025811 0.0398 0.002742219 -0.001303883 0.0398 -0.001303883 0.002742219 0.0398 -0.001218217 0.002768857 0.0398 0.002768857 -0.001218217 0.0398 -0.00117788 0.002786256 0.0398 0.002786256 -0.00117788 0.0398 0.002803067 -0.001137294 0.0398 -0.001137294 0.002803067 0.0398 -0.001096468 0.002819288 0.0398 0.002819288 -0.001096468 0.0398 0.002861026 -0.001017057 0.0398 -0.001017057 0.002861026 0.0398 0.002918748 -0.0009483816 0.0398 -0.0009483816 0.002918748 0.0398 0.002989795 -0.0008936045 0.0398 -0.0008936045 0.002989795 0.0398 -0.000855249 0.003070894 0.0398 0.003070894 -0.000855249 0.0398 -0.0008350821 0.00315831 0.0398 0.00315831 -0.0008350821 0.0398 0.003248016 -0.0008340326 0.0398 -0.0008340326 0.003248016 0.0398 -0.0008521489 0.003335879 0.0398 0.003335879 -0.0008521489 0.0398 -0.0009529022 0.003817832 0.0398 -0.0009449333 0.003940601 0.0398 -0.0009470283 0.003714146 0.0398 0.002918748 0.0009483816 0.0398 0.0009483816 0.002918748 0.0398 0.002861026 0.001017057 0.0398 0.001017057 0.002861026 0.0398 0.002989795 0.0008936045 0.0398 0.0008936045 0.002989795 0.0398 0.002819288 0.001096468 0.0398 0.001096468 0.002819288 0.0398 0.003070894 0.000855249 0.0398 0.000855249 0.003070894 0.0398 0.002803067 0.001137294 0.0398 0.001137294 0.002803067 0.0398 0.002786256 0.00117788 0.0398 0.00117788 0.002786256 0.0398 0.002768857 0.001218217 0.0398 0.001218217 0.002768857 0.0398 0.00315831 0.0008350821 0.0398 0.0008350821 0.00315831 0.0398 0.002742219 0.001303883 0.0398 0.001303883 0.002742219 0.0398 0.003248016 0.0008340326 0.0398 0.0008340326 0.003248016 0.0398 0.00139326 0.002734474 0.0398 0.002734474 0.00139326 0.0398 0.003335879 0.0008521489 0.0398 0.0008521489 0.003335879 0.0398 0.002745978 0.001482231 0.0398 0.001482231 0.002745978 0.0398 0.002776203 0.001566698 0.0398 0.001566698 0.002776203 0.0398 0.00164277 0.002823755 0.0398 0.002823755 0.00164277 0.0398 0.001706944 0.002886444 0.0398 0.002886444 0.001706944 0.0398 0.003714146 0.0009470283 0.0398 0.003714146 -0.0009470283 0.0398 0.003880742 -0.000950412 0.0398 0.0009470283 0.003714146 0.0398 0.002961383 0.001756263 0.0398 0.001756263 0.002961383 0.0398 0.000950412 0.003880742 0.0398 0.003940601 0.0009449333 0.0398 0.004041895 -0.0009299018 0.0398 0.003817832 0.0009529022 0.0398 -0.0009236262 0.004074878 0.0398 0.0009299018 0.004041895 0.0398 0.004074878 0.0009236262 0.0398 0.004218482 -0.0008894117 0.0398 -0.0008578426 0.004318007 0.0398 0.0008894117 0.004218482 0.0398 -0.0008894117 0.004218482 0.0398 0.004218482 0.0008894117 0.0398 0.004318007 0.0008578426 0.0398 0.004359154 -0.0008432844 0.0398 -0.0008212463 0.004417253 0.0398 0.0008432844 0.004359154 0.0398 0.004417253 0.0008212463 0.0398 0.004500582 -0.0007865986 0.0398 0.001956648 0.003295948 0.0398 0.003295948 0.001956648 0.0398 0.0007865986 0.004500582 0.0398 -0.0007742947 0.004528301 0.0398 0.004528301 0.0007742947 0.0398 0.004649962 -0.0007155632 0.0398 0.004638615 0.0007213755 0.0398 -0.0006712616 0.004732697 0.0398 0.0007155632 0.004649962 0.0398 -0.0007213755 0.004638615 0.0398 0.004732697 0.0006712616 0.0398 0.004780883 -0.0006438031 0.0398 -0.0005685583 0.004903196 0.0398 0.0006438031 0.004780883 0.0398 0.0005745265 0.004894019 0.0398 0.004903196 0.0005685583 0.0398 0.004894019 -0.0005745265 0.0398 0.005051958 -0.0004662808 0.0398 -8.069055e-05 0.005499408 0.0398 -2.758953e-05 0.005501104 0.0398 -0.0002201261 0.005353046 0.0398 0.00542365 -0.0001556828 0.0398 0.005502286 -2.55254e-05 0.0398 0.005502956 -7.864927e-05 0.0398 0.003416141 0.002072056 0.0398 -0.0004594903 0.005060986 0.0398 0.0004662808 0.005051958 0.0398 0.005060986 0.0004594903 0.0398 0.005198814 -0.0003531892 0.0398 0.005501104 2.758953e-05 0.0398 0.0003531892 0.005198814 0.0398 -0.0003409247 0.005213289 0.0398 0.005213289 0.0003409247 0.0398 0.005345084 -0.0002281489 0.0398 0.002118257 0.003454594 0.0398 0.002025811 0.003373419 0.0398 0.005353046 0.0002201261 0.0398 0.0002281489 0.005345084 0.0398 2.55254e-05 0.005502286 0.0398 0.0001556828 0.00542365 0.0398 0.005499408 8.069055e-05 0.0398 7.864927e-05 0.005502956 0.0398 0.003515591 0.002200512 0.0398 0.002228271 0.003534476 0.0398 0.002354008 0.003611826 0.0398 0.003611826 0.002354008 0.0398 0.002446706 0.003659879 0.0398 0.003678679 0.002486095 0.0398 0.00254276 0.003704178 0.0398 0.003738601 0.002626183 0.0398 0.002654484 0.003749501 0.0398 0.003793999 0.00278204 0.0398 0.002769907 0.003790086 0.0398 0.002871868 0.003821175 0.0398 0.003835833 0.002925358 0.0398 0.003065052 0.003869114 0.0398 0.003866846 0.003054343 0.0398 0.003901984 0.003242563 0.0398 0.003253749 0.003903566 0.0398 0.003925859 0.003426374 0.0398 0.003445282 0.003927422 0.0398 0.003940871 0.003618219 0.0398 0.003629523 0.003940828 0.0398 0.003945184 0.003725015 0.0398 0.003870359 0.003909377 0.0398 0.003831612 0.003945726 0.0398 0.003908753 0.003872655 0.0398 0.003946791 0.003835564 0.0398 0.003335879 -0.0008521489 0.0418 0.003714146 -0.0009470283 0.0418 0.002819288 -0.001096468 0.0418 0.002861026 -0.001017057 0.0418 0.002918748 -0.0009483816 0.0418 0.002989795 -0.0008936045 0.0418 0.003070894 -0.000855249 0.0418 0.00315831 -0.0008350821 0.0418 0.003248016 -0.0008340326 0.0418 0.003806521 -0.0009529405 0.04113334 0.003880742 -0.000950412 0.0418 0.003973978 -0.0009407297 0.04113334 0.004041895 -0.0009299018 0.0418 0.004218482 -0.0008894117 0.0418 0.003806521 -0.0009529405 0.04046667 0.003973978 -0.0009407297 0.04046667 0.002768857 -0.001218217 0.0418 0.002786256 -0.00117788 0.0418 0.002803067 -0.001137294 0.0418 0.004589151 -0.0007458681 0.04113334 0.004359154 -0.0008432844 0.0418 0.004500582 -0.0007865986 0.0418 0.004649962 -0.0007155632 0.0418 0.004780883 -0.0006438031 0.0418 0.00502371 -0.0004866447 0.04113334 0.004894019 -0.0005745265 0.0418 0.005051958 -0.0004662808 0.0418 0.005198814 -0.0003531892 0.0418 0.005345084 -0.0002281489 0.0418 0.00542365 -0.0001556828 0.0418 0.005502956 -7.864927e-05 0.0418 0.004589151 -0.0007458681 0.04046667 0.00502371 -0.0004866447 0.04046667 0.002961383 -0.001756263 0.0418 0.002886444 -0.001706944 0.0418 0.002823755 -0.00164277 0.0418 0.002776203 -0.001566698 0.0418 0.002745978 -0.001482231 0.0418 0.002734474 -0.00139326 0.0418 0.002742219 -0.001303883 0.0418 0.005502286 -2.55254e-05 0.0418 0.005501104 2.758953e-05 0.0418 0.005499408 8.069055e-05 0.0418 0.003295948 -0.001956648 0.0418 0.005022658 0.0004872496 0.04113334 0.005353046 0.0002201261 0.0418 0.005213289 0.0003409247 0.0418 0.005060986 0.0004594903 0.0418 0.004903196 0.0005685583 0.0418 0.004732697 0.0006712616 0.0418 0.004589019 0.0007459437 0.04113334 0.004638615 0.0007213755 0.0418 0.004528301 0.0007742947 0.0418 0.004417253 0.0008212463 0.0418 0.004318007 0.0008578426 0.0418 0.004218482 0.0008894117 0.0418 0.005022658 0.0004872496 0.04046667 0.004589019 0.0007459437 0.04046667 0.003611826 -0.002354008 0.0418 0.003475223 -0.00214483 0.04113334 0.003534476 -0.002228271 0.0418 0.003454594 -0.002118257 0.0418 0.003365448 -0.002017787 0.04113334 0.003373419 -0.002025811 0.0418 0.003475223 -0.00214483 0.04046667 0.003365448 -0.002017787 0.04046667 0.003973978 0.0009407297 0.04113334 0.004074878 0.0009236262 0.0418 0.003940601 0.0009449333 0.0418 0.003806521 0.0009529405 0.04113334 0.003817832 0.0009529022 0.0418 0.003714146 0.0009470283 0.0418 0.003973978 0.0009407297 0.04046667 0.003806521 0.0009529405 0.04046667 0.003945726 -0.003831612 0.0418 0.003896093 -0.003207018 0.04113334 0.003940828 -0.003629523 0.0418 0.003927422 -0.003445282 0.0418 0.003903566 -0.003253749 0.0418 0.003869114 -0.003065052 0.0418 0.003821175 -0.002871868 0.0418 0.003772388 -0.002717465 0.04113334 0.003790086 -0.002769907 0.0418 0.003749501 -0.002654484 0.0418 0.003704178 -0.00254276 0.0418 0.003659879 -0.002446706 0.0418 0.003896093 -0.003207018 0.04046667 0.003772388 -0.002717465 0.04046667 0.003335879 0.0008521489 0.0418 0.003835564 -0.003946791 0.0418 0.003872655 -0.003908753 0.0418 0.003909377 -0.003870359 0.0418 0.003248016 0.0008340326 0.0418 0.00315831 0.0008350821 0.0418 0.003070894 0.000855249 0.0418 0.002989795 0.0008936045 0.0418 0.002918748 0.0009483816 0.0418 0.002861026 0.001017057 0.0418 0.002819288 0.001096468 0.0418 0.002354008 -0.003611826 0.0418 0.002717611 -0.003772428 0.04113334 0.002486095 -0.003678679 0.0418 0.002626183 -0.003738601 0.0418 0.00278204 -0.003793999 0.0418 0.002925358 -0.003835833 0.0418 0.003208189 -0.003896409 0.04113334 0.003054343 -0.003866846 0.0418 0.003242563 -0.003901984 0.0418 0.003426374 -0.003925859 0.0418 0.003618219 -0.003940871 0.0418 0.003725015 -0.003945184 0.0418 0.002717611 -0.003772428 0.04046667 0.003208189 -0.003896409 0.04046667 0.002803067 0.001137294 0.0418 0.002786256 0.00117788 0.0418 0.002768857 0.001218217 0.0418 0.001956648 -0.003295948 0.0418 0.002017787 -0.003365448 0.04113334 0.002072056 -0.003416141 0.0418 0.00214483 -0.003475223 0.04113334 0.002200512 -0.003515591 0.0418 0.002017787 -0.003365448 0.04046667 0.00214483 -0.003475223 0.04046667 0.002742219 0.001303883 0.0418 0.002734474 0.00139326 0.0418 0.002745978 0.001482231 0.0418 0.002776203 0.001566698 0.0418 0.002823755 0.00164277 0.0418 0.002886444 0.001706944 0.0418 0.002961383 0.001756263 0.0418 0.001756263 -0.002961383 0.0418 0.003295948 0.001956648 0.0418 0.001218217 -0.002768857 0.0418 0.001303883 -0.002742219 0.0418 0.00139326 -0.002734474 0.0418 0.001482231 -0.002745978 0.0418 0.001566698 -0.002776203 0.0418 0.00164277 -0.002823755 0.0418 0.001706944 -0.002886444 0.0418 0.003365448 0.002017787 0.04113334 0.003416141 0.002072056 0.0418 0.003475223 0.00214483 0.04113334 0.003515591 0.002200512 0.0418 0.003611826 0.002354008 0.0418 0.003365448 0.002017787 0.04046667 0.003475223 0.00214483 0.04046667 0.001096468 -0.002819288 0.0418 0.001137294 -0.002803067 0.0418 0.00117788 -0.002786256 0.0418 0.003772428 0.002717611 0.04113334 0.003678679 0.002486095 0.0418 0.003738601 0.002626183 0.0418 0.003793999 0.00278204 0.0418 0.003835833 0.002925358 0.0418 0.003896409 0.003208189 0.04113334 0.003866846 0.003054343 0.0418 0.003901984 0.003242563 0.0418 0.003925859 0.003426374 0.0418 0.003940871 0.003618219 0.0418 0.003945184 0.003725015 0.0418 0.003946791 0.003835564 0.0418 0.003772428 0.002717611 0.04046667 0.003896409 0.003208189 0.04046667 0.0008521489 -0.003335879 0.0418 0.0008340326 -0.003248016 0.0418 0.0008350821 -0.00315831 0.0418 0.000855249 -0.003070894 0.0418 0.0008936045 -0.002989795 0.0418 0.0009483816 -0.002918748 0.0418 0.001017057 -0.002861026 0.0418 0.003908753 0.003872655 0.0418 0.003870359 0.003909377 0.0418 0.003831612 0.003945726 0.0418 0.0009470283 -0.003714146 0.0418 0.003207018 0.003896093 0.04113334 0.003629523 0.003940828 0.0418 0.003445282 0.003927422 0.0418 0.003253749 0.003903566 0.0418 0.003065052 0.003869114 0.0418 0.002871868 0.003821175 0.0418 0.002717465 0.003772388 0.04113334 0.002769907 0.003790086 0.0418 0.002654484 0.003749501 0.0418 0.00254276 0.003704178 0.0418 0.002446706 0.003659879 0.0418 0.002354008 0.003611826 0.0418 0.003207018 0.003896093 0.04046667 0.002717465 0.003772388 0.04046667 0.0008894117 -0.004218482 0.0418 0.0009407297 -0.003973978 0.04113334 0.0009236262 -0.004074878 0.0418 0.0009449333 -0.003940601 0.0418 0.0009529405 -0.003806521 0.04113334 0.0009529022 -0.003817832 0.0418 0.0009407297 -0.003973978 0.04046667 0.0009529405 -0.003806521 0.04046667 0.00214483 0.003475223 0.04113334 0.002228271 0.003534476 0.0418 0.002118257 0.003454594 0.0418 0.002017787 0.003365448 0.04113334 0.002025811 0.003373419 0.0418 0.001956648 0.003295948 0.0418 0.00214483 0.003475223 0.04046667 0.002017787 0.003365448 0.04046667 8.069055e-05 -0.005499408 0.0418 0.0004872496 -0.005022658 0.04113334 0.0002201261 -0.005353046 0.0418 0.0003409247 -0.005213289 0.0418 0.0004594903 -0.005060986 0.0418 0.0005685583 -0.004903196 0.0418 0.0006712616 -0.004732697 0.0418 0.0007459437 -0.004589019 0.04113334 0.0007213755 -0.004638615 0.0418 0.0007742947 -0.004528301 0.0418 0.0008212463 -0.004417253 0.0418 0.0008578426 -0.004318007 0.0418 0.0004872496 -0.005022658 0.04046667 0.0007459437 -0.004589019 0.04046667 0.001756263 0.002961383 0.0418 -7.864927e-05 -0.005502956 0.0418 -2.55254e-05 -0.005502286 0.0418 2.758953e-05 -0.005501104 0.0418 0.001706944 0.002886444 0.0418 0.00164277 0.002823755 0.0418 0.001566698 0.002776203 0.0418 0.001482231 0.002745978 0.0418 0.00139326 0.002734474 0.0418 0.001303883 0.002742219 0.0418 0.001218217 0.002768857 0.0418 -0.0008894117 -0.004218482 0.0418 -0.0007458681 -0.004589151 0.04113334 -0.0008432844 -0.004359154 0.0418 -0.0007865986 -0.004500582 0.0418 -0.0007155632 -0.004649962 0.0418 -0.0006438031 -0.004780883 0.0418 -0.0004866447 -0.00502371 0.04113334 -0.0005745265 -0.004894019 0.0418 -0.0004662808 -0.005051958 0.0418 -0.0003531892 -0.005198814 0.0418 -0.0002281489 -0.005345084 0.0418 -0.0001556828 -0.00542365 0.0418 -0.0007458681 -0.004589151 0.04046667 -0.0004866447 -0.00502371 0.04046667 0.00117788 0.002786256 0.0418 0.001137294 0.002803067 0.0418 0.001096468 0.002819288 0.0418 -0.0009470283 -0.003714146 0.0418 -0.0009529405 -0.003806521 0.04113334 -0.000950412 -0.003880742 0.0418 -0.0009407297 -0.003973978 0.04113334 -0.0009299018 -0.004041895 0.0418 -0.0009529405 -0.003806521 0.04046667 -0.0009407297 -0.003973978 0.04046667 0.001017057 0.002861026 0.0418 0.0009483816 0.002918748 0.0418 0.0008936045 0.002989795 0.0418 0.000855249 0.003070894 0.0418 0.0008350821 0.00315831 0.0418 0.0008340326 0.003248016 0.0418 0.0008521489 0.003335879 0.0418 -0.0008521489 -0.003335879 0.0418 0.0009470283 0.003714146 0.0418 -0.001096468 -0.002819288 0.0418 -0.001017057 -0.002861026 0.0418 -0.0009483816 -0.002918748 0.0418 -0.0008936045 -0.002989795 0.0418 -0.000855249 -0.003070894 0.0418 -0.0008350821 -0.00315831 0.0418 -0.0008340326 -0.003248016 0.0418 0.0009529405 0.003806521 0.04113334 0.000950412 0.003880742 0.0418 0.0009407297 0.003973978 0.04113334 0.0009299018 0.004041895 0.0418 0.0008894117 0.004218482 0.0418 0.0009529405 0.003806521 0.04046667 0.0009407297 0.003973978 0.04046667 -0.001218217 -0.002768857 0.0418 -0.00117788 -0.002786256 0.0418 -0.001137294 -0.002803067 0.0418 0.0007458681 0.004589151 0.04113334 0.0008432844 0.004359154 0.0418 0.0007865986 0.004500582 0.0418 0.0007155632 0.004649962 0.0418 0.0006438031 0.004780883 0.0418 0.0004866447 0.00502371 0.04113334 0.0005745265 0.004894019 0.0418 0.0004662808 0.005051958 0.0418 0.0003531892 0.005198814 0.0418 0.0002281489 0.005345084 0.0418 0.0001556828 0.00542365 0.0418 7.864927e-05 0.005502956 0.0418 0.0007458681 0.004589151 0.04046667 0.0004866447 0.00502371 0.04046667 -0.001756263 -0.002961383 0.0418 -0.001706944 -0.002886444 0.0418 -0.00164277 -0.002823755 0.0418 -0.001566698 -0.002776203 0.0418 -0.001482231 -0.002745978 0.0418 -0.00139326 -0.002734474 0.0418 -0.001303883 -0.002742219 0.0418 2.55254e-05 0.005502286 0.0418 -2.758953e-05 0.005501104 0.0418 -8.069055e-05 0.005499408 0.0418 -0.001956648 -0.003295948 0.0418 -0.0004872496 0.005022658 0.04113334 -0.0002201261 0.005353046 0.0418 -0.0003409247 0.005213289 0.0418 -0.0004594903 0.005060986 0.0418 -0.0005685583 0.004903196 0.0418 -0.0006712616 0.004732697 0.0418 -0.0007459437 0.004589019 0.04113334 -0.0007213755 0.004638615 0.0418 -0.0007742947 0.004528301 0.0418 -0.0008212463 0.004417253 0.0418 -0.0008578426 0.004318007 0.0418 -0.0008894117 0.004218482 0.0418 -0.0004872496 0.005022658 0.04046667 -0.0007459437 0.004589019 0.04046667 -0.002354008 -0.003611826 0.0418 -0.00214483 -0.003475223 0.04113334 -0.002228271 -0.003534476 0.0418 -0.002118257 -0.003454594 0.0418 -0.002017787 -0.003365448 0.04113334 -0.002025811 -0.003373419 0.0418 -0.00214483 -0.003475223 0.04046667 -0.002017787 -0.003365448 0.04046667 -0.0009407297 0.003973978 0.04113334 -0.0009236262 0.004074878 0.0418 -0.0009449333 0.003940601 0.0418 -0.0009529405 0.003806521 0.04113334 -0.0009529022 0.003817832 0.0418 -0.0009470283 0.003714146 0.0418 -0.0009407297 0.003973978 0.04046667 -0.0009529405 0.003806521 0.04046667 -0.003831612 -0.003945726 0.0418 -0.003207018 -0.003896093 0.04113334 -0.003629523 -0.003940828 0.0418 -0.003445282 -0.003927422 0.0418 -0.003253749 -0.003903566 0.0418 -0.003065052 -0.003869114 0.0418 -0.002871868 -0.003821175 0.0418 -0.002717465 -0.003772388 0.04113334 -0.002769907 -0.003790086 0.0418 -0.002654484 -0.003749501 0.0418 -0.00254276 -0.003704178 0.0418 -0.002446706 -0.003659879 0.0418 -0.003207018 -0.003896093 0.04046667 -0.002717465 -0.003772388 0.04046667 -0.0008521489 0.003335879 0.0418 -0.003946791 -0.003835564 0.0418 -0.003908753 -0.003872655 0.0418 -0.003870359 -0.003909377 0.0418 -0.0008340326 0.003248016 0.0418 -0.0008350821 0.00315831 0.0418 -0.000855249 0.003070894 0.0418 -0.0008936045 0.002989795 0.0418 -0.0009483816 0.002918748 0.0418 -0.001017057 0.002861026 0.0418 -0.001096468 0.002819288 0.0418 -0.003611826 -0.002354008 0.0418 -0.003772428 -0.002717611 0.04113334 -0.003678679 -0.002486095 0.0418 -0.003738601 -0.002626183 0.0418 -0.003793999 -0.00278204 0.0418 -0.003835833 -0.002925358 0.0418 -0.003896409 -0.003208189 0.04113334 -0.003866846 -0.003054343 0.0418 -0.003901984 -0.003242563 0.0418 -0.003925859 -0.003426374 0.0418 -0.003940871 -0.003618219 0.0418 -0.003945184 -0.003725015 0.0418 -0.003772428 -0.002717611 0.04046667 -0.003896409 -0.003208189 0.04046667 -0.001137294 0.002803067 0.0418 -0.00117788 0.002786256 0.0418 -0.001218217 0.002768857 0.0418 -0.003295948 -0.001956648 0.0418 -0.003365448 -0.002017787 0.04113334 -0.003416141 -0.002072056 0.0418 -0.003475223 -0.00214483 0.04113334 -0.003515591 -0.002200512 0.0418 -0.003365448 -0.002017787 0.04046667 -0.003475223 -0.00214483 0.04046667 -0.001303883 0.002742219 0.0418 -0.00139326 0.002734474 0.0418 -0.001482231 0.002745978 0.0418 -0.001566698 0.002776203 0.0418 -0.00164277 0.002823755 0.0418 -0.001706944 0.002886444 0.0418 -0.001756263 0.002961383 0.0418 -0.002961383 -0.001756263 0.0418 -0.001956648 0.003295948 0.0418 -0.002768857 -0.001218217 0.0418 -0.002742219 -0.001303883 0.0418 -0.002734474 -0.00139326 0.0418 -0.002745978 -0.001482231 0.0418 -0.002776203 -0.001566698 0.0418 -0.002823755 -0.00164277 0.0418 -0.002886444 -0.001706944 0.0418 -0.002017787 0.003365448 0.04113334 -0.002072056 0.003416141 0.0418 -0.00214483 0.003475223 0.04113334 -0.002200512 0.003515591 0.0418 -0.002354008 0.003611826 0.0418 -0.002017787 0.003365448 0.04046667 -0.00214483 0.003475223 0.04046667 -0.002819288 -0.001096468 0.0418 -0.002803067 -0.001137294 0.0418 -0.002786256 -0.00117788 0.0418 -0.002717611 0.003772428 0.04113334 -0.002486095 0.003678679 0.0418 -0.002626183 0.003738601 0.0418 -0.00278204 0.003793999 0.0418 -0.002925358 0.003835833 0.0418 -0.003208189 0.003896409 0.04113334 -0.003054343 0.003866846 0.0418 -0.003242563 0.003901984 0.0418 -0.003426374 0.003925859 0.0418 -0.003618219 0.003940871 0.0418 -0.003725015 0.003945184 0.0418 -0.003835564 0.003946791 0.0418 -0.002717611 0.003772428 0.04046667 -0.003208189 0.003896409 0.04046667 -0.003335879 -0.0008521489 0.0418 -0.003248016 -0.0008340326 0.0418 -0.00315831 -0.0008350821 0.0418 -0.003070894 -0.000855249 0.0418 -0.002989795 -0.0008936045 0.0418 -0.002918748 -0.0009483816 0.0418 -0.002861026 -0.001017057 0.0418 -0.003872655 0.003908753 0.0418 -0.003909377 0.003870359 0.0418 -0.003945726 0.003831612 0.0418 -0.003714146 -0.0009470283 0.0418 -0.003896093 0.003207018 0.04113334 -0.003940828 0.003629523 0.0418 -0.003927422 0.003445282 0.0418 -0.003903566 0.003253749 0.0418 -0.003869114 0.003065052 0.0418 -0.003821175 0.002871868 0.0418 -0.003772388 0.002717465 0.04113334 -0.003790086 0.002769907 0.0418 -0.003749501 0.002654484 0.0418 -0.003704178 0.00254276 0.0418 -0.003659879 0.002446706 0.0418 -0.003611826 0.002354008 0.0418 -0.003896093 0.003207018 0.04046667 -0.003772388 0.002717465 0.04046667 -0.004218482 -0.0008894117 0.0418 -0.003973978 -0.0009407297 0.04113334 -0.004074878 -0.0009236262 0.0418 -0.003940601 -0.0009449333 0.0418 -0.003806521 -0.0009529405 0.04113334 -0.003817832 -0.0009529022 0.0418 -0.003973978 -0.0009407297 0.04046667 -0.003806521 -0.0009529405 0.04046667 -0.003475223 0.00214483 0.04113334 -0.003534476 0.002228271 0.0418 -0.003454594 0.002118257 0.0418 -0.003365448 0.002017787 0.04113334 -0.003373419 0.002025811 0.0418 -0.003295948 0.001956648 0.0418 -0.003475223 0.00214483 0.04046667 -0.003365448 0.002017787 0.04046667 -0.005499408 -8.069055e-05 0.0418 -0.005022658 -0.0004872496 0.04113334 -0.005353046 -0.0002201261 0.0418 -0.005213289 -0.0003409247 0.0418 -0.005060986 -0.0004594903 0.0418 -0.004903196 -0.0005685583 0.0418 -0.004732697 -0.0006712616 0.0418 -0.004589019 -0.0007459437 0.04113334 -0.004638615 -0.0007213755 0.0418 -0.004528301 -0.0007742947 0.0418 -0.004417253 -0.0008212463 0.0418 -0.004318007 -0.0008578426 0.0418 -0.005022658 -0.0004872496 0.04046667 -0.004589019 -0.0007459437 0.04046667 -0.002961383 0.001756263 0.0418 -0.005502956 7.864927e-05 0.0418 -0.005502286 2.55254e-05 0.0418 -0.005501104 -2.758953e-05 0.0418 -0.002886444 0.001706944 0.0418 -0.002823755 0.00164277 0.0418 -0.002776203 0.001566698 0.0418 -0.002745978 0.001482231 0.0418 -0.002734474 0.00139326 0.0418 -0.002742219 0.001303883 0.0418 -0.002768857 0.001218217 0.0418 -0.004218482 0.0008894117 0.0418 -0.004589151 0.0007458681 0.04113334 -0.004359154 0.0008432844 0.0418 -0.004500582 0.0007865986 0.0418 -0.004649962 0.0007155632 0.0418 -0.004780883 0.0006438031 0.0418 -0.00502371 0.0004866447 0.04113334 -0.004894019 0.0005745265 0.0418 -0.005051958 0.0004662808 0.0418 -0.005198814 0.0003531892 0.0418 -0.005345084 0.0002281489 0.0418 -0.00542365 0.0001556828 0.0418 -0.004589151 0.0007458681 0.04046667 -0.00502371 0.0004866447 0.04046667 -0.002786256 0.00117788 0.0418 -0.002803067 0.001137294 0.0418 -0.002819288 0.001096468 0.0418 -0.003714146 0.0009470283 0.0418 -0.003806521 0.0009529405 0.04113334 -0.003880742 0.000950412 0.0418 -0.003973978 0.0009407297 0.04113334 -0.004041895 0.0009299018 0.0418 -0.003806521 0.0009529405 0.04046667 -0.003973978 0.0009407297 0.04046667 -0.002861026 0.001017057 0.0418 -0.002918748 0.0009483816 0.0418 -0.002989795 0.0008936045 0.0418 -0.003070894 0.000855249 0.0418 -0.00315831 0.0008350821 0.0418 -0.003248016 0.0008340326 0.0418 -0.003335879 0.0008521489 0.0418 -0.003303282 -0.0008 0.0343 -0.003303282 -0.0008 -0.0052 -0.002803282 -0.0008 0.0348 -0.002803282 0.0008 0.0348 -0.003303282 0.0008 -0.0052 -0.003303282 0.0008 0.0343</float_array>
          <technique_common>
            <accessor count="1228" source="#cubeverts-array0-array" stride="3">
              <param type="float" name="X"/>
              <param type="float" name="Y"/>
              <param type="float" name="Z"/>
            </accessor>
          </technique_common>
        </source>
        <source id="cubenormals-array0">
          <float_array count="7356" id="cubenormals-array0-array">0 0 1 0 0 1 0 0 1 0 0 1 0 0 1 0 0 1 0 0 1 0 -0 1 0 -0 1 0 -0 1 0 0 1 0 0 1 0 0 1 0 -1 0 -0 -1 -0 -0 -1 0 0.7071068 -0 0.7071068 0.7071068 0 0.7071068 0 1 0 -0 1 0 0 1 0 1 0 0 1 0 0 0 -0 -1 0 -0 -1 0 -0 -1 0 0 -1 0 0 -1 0 0 -1 0 0 -1 0 0 -1 0 0 -1 0 0 -1 0 0 -1 0 0 -1 0 0 -1 0.9997085 -0.02414264 0 0.9996892 -0.02493107 -1.066313e-05 0.9973775 -0.072375 1.027914e-05 0.9972038 -0.07473001 -2.060735e-05 0.9997085 -0.02414264 0 0.9996892 -0.02493107 2.132625e-05 0.9927211 -0.1204364 1.98888e-05 0.9922394 -0.1243428 -2.985866e-05 0.9973775 -0.072375 -2.055829e-05 0.9972038 -0.07473001 4.121469e-05 0.9857497 -0.168219 2.880599e-05 0.9848077 -0.1736482 -3.840962e-05 0.9927211 -0.1204363 -3.97776e-05 0.9922394 -0.1243428 5.971732e-05 0.9764802 -0.2156068 3.702959e-05 0.9749278 -0.2225216 -4.629317e-05 0.9857497 -0.168219 -5.761195e-05 0.9848077 -0.1736482 7.681923e-05 0.9649338 -0.2624936 4.453518e-05 0.9626244 -0.27084 -5.346646e-05 0.9764802 -0.2156068 -7.405921e-05 0.9479272 -0.3184871 7.843356e-05 0.9749278 -0.2225216 9.258634e-05 0.9649338 -0.2624936 -8.907026e-05 0.9626244 -0.27084 0.0001069329 0.9494209 -0.3140061 0 0.9494209 -0.3140061 0 0.9479272 -0.3184871 -0.0001568671 0.930874 -0.3653404 0 0.930874 -0.3653404 0 0.9115061 -0.4112865 0 0.9115061 -0.4112865 0 0.8898713 -0.4562117 0 0.8898713 -0.4562117 0 0.8660256 -0.4999996 0 0.8660256 -0.4999996 0 0.8400254 -0.5425469 0 0.8400254 -0.5425469 0 0.8119385 -0.583743 0 0.7818312 -0.6234902 0 0.8119385 -0.583743 0 0.7818312 -0.6234902 0 0.7497817 -0.6616853 0 0.7497817 -0.6616853 0 0.7158667 -0.698237 0 0.6801729 -0.7330517 0 0.7158667 -0.698237 0 0.6801729 -0.7330517 0 0.6427872 -0.7660447 0 0.6427872 -0.7660447 0 0.6038049 -0.7971321 0 0.6038049 -0.7971321 0 0.563319 -0.8262395 0 0.563319 -0.8262395 0 0.5214362 -0.8532903 0 0.5214362 -0.8532903 0 0.4782536 -0.8782218 0 0.4782536 -0.8782218 0 0.4338833 -0.9009691 0 0.4338833 -0.9009691 0 0.3884352 -0.9214761 0 0.3884352 -0.9214761 0 0.3420197 -0.9396927 0 0.3420197 -0.9396927 0 0.2947549 -0.9555729 0 0.2947549 -0.9555729 0 0.2467577 -0.9690773 0 0.2467577 -0.9690773 0 0.1981472 -0.9801723 0 0.1981472 -0.9801723 0 0.1490417 -0.9888309 0 0.1490417 -0.9888309 0 0.09956716 -0.9950309 0 0.09956716 -0.9950309 0 0.04984675 -0.9987568 0 0.04984675 -0.9987568 0 -0 -1 -0 0 -1 0 -0.04984675 -0.9987568 -0 -0.04984675 -0.9987568 0 -0.09956716 -0.9950309 0 -0.09956716 -0.9950309 0 -0.1490417 -0.9888309 0 -0.1490417 -0.9888309 0 -0.1981472 -0.9801723 -0 -0.1981472 -0.9801723 0 -0.2467577 -0.9690773 -0 -0.2467577 -0.9690773 0 -0.2947549 -0.9555729 0 -0.2947549 -0.9555729 0 -0.3420197 -0.9396927 -0 -0.3420197 -0.9396927 0 -0.3884352 -0.9214761 0 -0.3884352 -0.9214761 0 -0.4338833 -0.9009691 -0 -0.4338833 -0.9009691 0 -0.4782536 -0.8782218 -0 -0.4782536 -0.8782218 0 -0.5214362 -0.8532903 0 -0.5214362 -0.8532903 0 -0.563319 -0.8262395 -0 -0.563319 -0.8262395 0 -0.6038049 -0.7971321 0 -0.6038049 -0.7971321 0 -0.6427872 -0.7660447 0 -0.6801729 -0.7330517 0 -0.6427872 -0.7660447 0 -0.7158667 -0.698237 0 -0.6801729 -0.7330517 0 -0.7158667 -0.698237 0 -0.7497817 -0.6616853 0 -0.7818312 -0.6234902 0 -0.7497817 -0.6616853 -0 -0.8119385 -0.583743 0 -0.7818312 -0.6234902 0 -0.8400254 -0.5425469 0 -0.8119385 -0.583743 0 -0.8400254 -0.5425469 0 -0.8660256 -0.4999996 0 -0.8898713 -0.4562117 0 -0.8660256 -0.4999996 -0 -0.8898713 -0.4562117 0 -0.9115061 -0.4112865 0 -0.9115061 -0.4112865 -0 -0.9479272 -0.3184871 7.843356e-05 -0.9626244 -0.27084 -5.346646e-05 -0.930874 -0.3653404 0 -0.930874 -0.3653404 -0 -0.9494209 -0.3140061 0 -0.9649338 -0.2624936 4.453518e-05 -0.9749278 -0.2225216 -4.629313e-05 -0.9494209 -0.3140061 0 -0.9479272 -0.3184871 -0.0001568671 -0.9764802 -0.2156068 3.702959e-05 -0.9848077 -0.1736482 -3.840968e-05 -0.9626244 -0.27084 0.0001069329 -0.9649338 -0.2624936 -8.907035e-05 -0.9857497 -0.168219 2.880601e-05 -0.9922394 -0.1243428 -2.985877e-05 -0.9749278 -0.2225216 9.258634e-05 -0.9764802 -0.2156068 -7.405917e-05 -0.9927211 -0.1204364 1.988882e-05 -0.9972038 -0.07473001 -2.060729e-05 -0.9848077 -0.1736482 7.681936e-05 -0.9857497 -0.168219 -5.761201e-05 -0.9973775 -0.072375 1.027909e-05 -0.9996892 -0.02493107 -1.066313e-05 -0.9922394 -0.1243428 5.971753e-05 -0.9927211 -0.1204364 -3.977765e-05 -0.9997085 -0.02414264 0 -0.9972038 -0.07473001 4.121456e-05 -0.9973775 -0.072375 -2.055818e-05 -0.9997085 0.02414264 1.651108e-16 -0.9996892 0.02493107 -1.066313e-05 -0.9996892 -0.02493107 2.132626e-05 -0.9997085 -0.02414264 0 -0.9972038 0.07473001 -2.060735e-05 -0.9973775 0.072375 1.027914e-05 -0.9997085 0.02414264 -3.302217e-16 -0.9996892 0.02493107 2.132625e-05 -0.9927211 0.1204364 1.98888e-05 -0.9922394 0.1243428 -2.985866e-05 -0.9973775 0.072375 -2.055829e-05 -0.9972038 0.07473001 4.121469e-05 -0.9848077 0.1736482 -3.840962e-05 -0.9857497 0.168219 2.880599e-05 -0.9927211 0.1204363 -3.97776e-05 -0.9922394 0.1243428 5.971732e-05 -0.9749278 0.2225216 -4.629317e-05 -0.9764802 0.2156068 3.702959e-05 -0.9857497 0.168219 -5.761195e-05 -0.9848077 0.1736482 7.681923e-05 -0.9626244 0.27084 -5.346646e-05 -0.9649338 0.2624936 4.453518e-05 -0.9764802 0.2156068 -7.405921e-05 -0.9479272 0.3184871 7.843356e-05 -0.9749278 0.2225216 9.258634e-05 -0.9649338 0.2624936 -8.907026e-05 -0.9626244 0.27084 0.0001069329 -0.9494209 0.3140061 0 -0.9494209 0.3140061 0 -0.9479272 0.3184871 -0.0001568671 -0.930874 0.3653404 0 -0.930874 0.3653404 0 -0.9115061 0.4112865 0 -0.9115061 0.4112865 0 -0.8898713 0.4562117 0 -0.8898713 0.4562117 0 -0.8660256 0.4999996 0 -0.8400254 0.5425469 0 -0.8660256 0.4999996 0 -0.8400254 0.5425469 0 -0.8119385 0.583743 0 -0.8119385 0.583743 0 -0.7818312 0.6234902 0 -0.7818312 0.6234902 0 -0.7497817 0.6616853 0 -0.7497817 0.6616853 0 -0.7158667 0.698237 0 -0.7158667 0.698237 0 -0.6801729 0.7330517 0 -0.6801729 0.7330517 0 -0.6427872 0.7660447 0 -0.6427872 0.7660447 0 -0.6038049 0.7971321 0 -0.6038049 0.7971321 0 -0.563319 0.8262395 0 -0.563319 0.8262395 0 -0.5214362 0.8532903 0 -0.5214362 0.8532903 0 -0.4782536 0.8782218 0 -0.4782536 0.8782218 0 -0.4338833 0.9009691 0 -0.4338833 0.9009691 0 -0.3884352 0.9214761 0 -0.3884352 0.9214761 0 -0.3420197 0.9396927 0 -0.3420197 0.9396927 0 -0.2947549 0.9555729 0 -0.2947549 0.9555729 0 -0.2467577 0.9690773 0 -0.2467577 0.9690773 0 -0.1981472 0.9801723 0 -0.1981472 0.9801723 0 -0.1490417 0.9888309 0 -0.1490417 0.9888309 0 -0.09956716 0.9950309 0 -0.09956716 0.9950309 0 -0.04984675 0.9987568 0 0 1 0 -0.04984675 0.9987568 0 -0 1 0 0.04984675 0.9987568 0 0.04984675 0.9987568 0 0.09956716 0.9950309 0 0.1490417 0.9888309 -0 0.09956716 0.9950309 0 0.1490417 0.9888309 0 0.1981472 0.9801723 0 0.1981472 0.9801723 0 0.2467577 0.9690773 0 0.2467577 0.9690773 0 0.2947549 0.9555729 0 0.3420197 0.9396927 -0 0.2947549 0.9555729 0 0.3420197 0.9396927 0 0.3884352 0.9214761 0 0.3884352 0.9214761 0 0.4338833 0.9009691 0 0.4338833 0.9009691 0 0.4782536 0.8782218 -0 0.4782536 0.8782218 0 0.5214362 0.8532903 0 0.5214362 0.8532903 0 0.563319 0.8262395 0 0.563319 0.8262395 0 0.6038049 0.7971321 0 0.6038049 0.7971321 0 0.6427872 0.7660447 0 0.6427872 0.7660447 0 0.6801729 0.7330517 -0 0.6801729 0.7330517 0 0.7158667 0.698237 0 0.7158667 0.698237 0 0.7497817 0.6616853 -0 0.7497817 0.6616853 0 0.7818312 0.6234902 -0 0.7818312 0.6234902 0 0.8119385 0.583743 -0 0.8119385 0.583743 0 0.8400254 0.5425469 0 0.8400254 0.5425469 0 0.8660256 0.4999996 0 0.8660256 0.4999996 0 0.8898713 0.4562117 0 0.8898713 0.4562117 0 0.9115061 0.4112865 0 0.9115061 0.4112865 0 0.9479272 0.3184871 7.843356e-05 0.9626244 0.27084 -5.346646e-05 0.930874 0.3653404 0 0.9494209 0.3140061 -0 0.930874 0.3653404 0 0.9649338 0.2624936 4.453518e-05 0.9749278 0.2225216 -4.629313e-05 0.9479272 0.3184871 -0.0001568671 0.9494209 0.3140061 0 0.9764802 0.2156068 3.702959e-05 0.9848077 0.1736482 -3.840968e-05 0.9649338 0.2624936 -8.907035e-05 0.9626244 0.27084 0.0001069329 0.9857497 0.168219 2.880601e-05 0.9922394 0.1243428 -2.985877e-05 0.9764802 0.2156068 -7.405917e-05 0.9749278 0.2225216 9.258634e-05 0.9927211 0.1204364 1.988882e-05 0.9972038 0.07473001 -2.060729e-05 0.9857497 0.168219 -5.761201e-05 0.9848077 0.1736482 7.681936e-05 0.9973775 0.072375 1.027909e-05 0.9996892 0.02493107 -1.066313e-05 0.9922394 0.1243428 5.971753e-05 0.9927211 0.1204364 -3.977765e-05 0.9997085 0.02414264 0 0.9972038 0.07473001 4.121456e-05 0.9973775 0.072375 -2.055818e-05 0.9997085 0.02414264 0 0.9996892 0.02493107 2.132626e-05 0 0 -1 0 0 -1 0 0 -1 0 0 -1 0 0 -1 0 0 -1 0 0 -1 0 0 -1 0 0 -1 0 0 -1 0 0 -1 0 0 -1 0 0 -1 0 0 -1 0 0 -1 0 0 -1 0 0 -1 0 0 -1 0 0 -1 0 0 -1 0 0 -1 0 0 -1 0 0 -1 0 0 -1 0 0 -1 0 0 -1 0 0 -1 0 0 -1 0 0 -1 0 0 -1 0 0 -1 0 0 -1 0 0 -1 0 0 -1 0 0 -1 0 0 -1 0 0 -1 0 0 -1 0 0 -1 0 0 -1 0 0 -1 0 0 -1 0 0 -1 0 0 -1 0 0 -1 0 0 -1 0 0 -1 0 0 -1 0 0 -1 0 0 -1 0 0 -1 0 0 -1 0 0 -1 0 0 -1 0 0 -1 0 0 -1 0 -0 -1 0 0 -1 0 0 -1 0 0 -1 0 0 -1 0 0 -1 0 0 -1 0 0 -1 0 -0 -1 0 0 -1 0 0 -1 0 0 -1 0 0 -1 0 0 -1 0 0 -1 0 -0 -1 0 0 -1 0 0 -1 0 0 -1 0 -0 -1 0 0 -1 0 0 -1 0 0 -1 0 -0 -1 0 0 -1 0 0 -1 0 0 -1 0 0 -1 0 -0 -1 0 0 -1 0 0 -1 0 0 -1 0 0 -1 0 0 -1 0 0 -1 0 0 -1 0 0 -1 0 0 -1 0 -0 -1 0 0 -1 0 0 -1 0 0 -1 0 0 -1 0 0 -1 0 0 -1 0 -0 -1 0 0 -1 0 0 -1 0 0 -1 0 0 -1 0 0 -1 0 0 -1 0 0 -1 0 0 -1 0 0 -1 0 0 -1 0 0 -1 0 0 -1 0 0 -1 0 0 -1 0 0 -1 0 0 -1 0 -0 -1 0 0 -1 0 0 -1 0 0 -1 0 0 -1 0 -0 -1 0 0 -1 0 0 -1 0 0 -1 0 0 -1 0 0 -1 0 0 -1 0 -0 -1 0 0 -1 0 0 -1 0 0 -1 0 0 -1 0 0 -1 0 -0 -1 0 0 -1 0 0 -1 0 0 -1 0 0 -1 0 -0 -1 0 -0 -1 0 0 -1 0 0 -1 0 0 -1 0 0 -1 0 0 -1 0 0 -1 0 -0 -1 0 0 -1 0 0 -1 0 0 -1 0 -0 -1 0 -0 -1 0 0 -1 0 -0 -1 -0 -0 -1 0 -0 -1 0 0 -1 0 0 -1 0 0 -1 0 0 -1 0 0 -1 0 -0 -1 0 0 -1 0 0 -1 0 0 -1 0 0 -1 0 0 -1 0 0 -1 0 0 -1 0 0 -1 0 0 -1 0 -0 -1 0 0 -1 0 0 -1 0 0 -1 0 -0 -1 0 0 -1 0 0 -1 0 0 -1 0 0 -1 0 0 -1 0 0 -1 0 0 -1 0 0 -1 0 -0 -1 0 0 -1 0 0 -1 0 0 -1 0 0 -1 0 -0 -1 0 -0 -1 0 -0 -1 0 0 -1 0 0 -1 0 0 -1 0 0 -1 0 0 -1 0 0 -1 0 -0 -1 0 0 -1 0 0 -1 0 0 -1 0 0 -1 0 -0 -1 0 0 -1 0 0 -1 0 0 -1 0 0 -1 0 0 -1 0 0 -1 0 0 -1 0 0 -1 0 0 -1 0 0 -1 0 0 -1 0 0 -1 0 0 -1 0 0 -1 0 0 -1 0 0 -1 0 0 -1 0 -0 -1 0 0 -1 0 -0 -1 0 0 -1 0 0 -1 0 0 -1 0 0 -1 0 -0 -1 0 -0 -1 0 -0 -1 0 0 -1 0 0 -1 0 0 -1 0 -0 -1 0 0 -1 0 0 -1 0 0 -1 0 0 -1 0 -0 -1 0 0 -1 0 0 -1 0 -0 -1 0 0 -1 0 0 -1 0 0 -1 0 0 -1 0 -0 -1 0 -0 -1 0 0 -1 0 0 -1 0 0 -1 0 0 -1 0 0 -1 0 -0 -1 0 0 -1 0 0 -1 0 0 -1 0 0 -1 0 -0 -1 0 0 -1 0 0 -1 0 -0 -1 0 0 -1 0 -0 -1 0 0 -1 0 -0 -1 0 0 -1 0 0 -1 0 -0 -1 0 -0 -1 0 -0 -1 0 -0 -1 0 -0 -1 0 0 -1 0 0 -1 0 0 -1 0 0 -1 0 0 -1 0 0 -1 0 0 -1 0 -0 -1 0 0 -1 0 0 -1 0 0 -1 0 0 -1 0 0 -1 0 -0 -1 0 0 -1 0 0 -1 0 -0 -1 0 0 -1 0 0 -1 0 0 -1 0 0 -1 0 -0 -1 0 0 -1 0 0 -1 0 0 -1 0 -0 -1 0 0 -1 0 0 -1 0 0 -1 0 0 -1 0 0 -1 0 0 -1 0 0 -1 0 -0 -1 0 0 -1 0 0 -1 0 0 -1 0 -0 -1 0 0 -1 0 0 -1 0 0 -1 0 0 -1 0 -0 -1 0 0 -1 0 0 -1 0 0 -1 0 0 -1 0 0 -1 0 0 -1 0 0 -1 0 -0 -1 0 0 -1 0 0 -1 0 0 -1 0 0 -1 0 0 -1 0 0 -1 0 0 -1 0 0 -1 0 0 -1 0 0 -1 0 0 -1 0 0 -1 0 0 -1 0 -0 -1 0 0 -1 0 0 -1 0 0 -1 0 0 -1 0 0 -1 0 -0 -1 0 0 -1 0 0 -1 0 0 -1 0 0 -1 0 0 -1 0 0 -1 0 0 -1 0 0 -1 0 0 -1 0 0 -1 0 0 -1 0 0 -1 0 0 -1 0 -0 -1 0 0 -1 0 -0 -1 0 0 -1 0 0 -1 0 0 -1 0 0 -1 0 0 -1 0 0 -1 0 -0 -1 0 0 -1 0 0 -1 0 0 -1 0 -0 -1 0 0 -1 0 -0 -1 0 0 -1 0 0 -1 0 0 -1 0 -0 -1 0 0 -1 0 -0 -1 0 0 -1 0 0 -1 0 0 -1 0 0 -1 0 -0 -1 0 0 -1 0 -0 -1 0 0 -1 0 0 -1 0 0 -1 0 0 -1 0 -0 -1 0 0 -1 0 0 -1 0 -0 -1 0 0 -1 0 0 -1 0 0 -1 0 0 -1 0 0 -1 0 0 -1 0 0 -1 0 0 -1 0 0 -1 0 0 -1 0 0 -1 0 0 -1 0 0 -1 0 0 -1 0 0 -1 0 0 -1 0 0 -1 0 0 -1 0 0 -1 0 0 -1 0 0 -1 0 0 -1 0 0 -1 0 0 -1 0 0 -1 0 0 -1 0 0 -1 0 0 -1 0 0 -1 0 0 -1 0 0 -1 0 0 -1 0 0 -1 0 -0 -1 0 0 -1 0 0 -1 0 -0 -1 0 0 -1 0 -0 -1 0 0 -1 0 0 -1 0 0 -1 0 -0 -1 0 -0 -1 0 0 -1 0 0 -1 0 0 -1 0 0 -1 0 -0 -1 0 0 -1 0 0 -1 0 0 -1 0 -0 -1 0 0 -1 0 0 -1 0 -0 -1 0 0 -1 0 0 -1 0 0 -1 0 -0 -1 0 -0 -1 0 0 -1 0 0 -1 0 0 -1 0 -0 -1 0 0 -1 0 0 -1 0 0 -1 0 0 -1 0 0 -1 0 -0 -1 0 0 -1 0 0 -1 0 -0 -1 0 0 -1 0 0 -1 0 0 -1 0 0 -1 0 0 -1 0 -0 -1 0 0 -1 0 0 -1 0 0 -1 0 -0 -1 0 0 -1 0 0 -1 0 0 -1 0 -0 -1 0 0 -1 0 -0 -1 0 -0 -1 0 0 -1 0 0 -1 0 0 -1 0 0 -1 0 0 -1 0 -0 -1 0 0 -1 0 0 -1 0 0 -1 0 0 -1 0 0 -1 0 0 -1 0 0 -1 0 -0 -1 0 0 -1 0 0 -1 0 0 -1 0 0 -1 0 0 -1 0 0 -1 0 0 -1 0 0 -1 0 0 -1 0 0 -1 0 0 -1 0 0 -1 0 -0 -1 0 0 -1 0 0 -1 -0.2432903 -0.9699535 0 -0.2432903 -0.9699535 0 0.8851786 -0.4652514 0 0.8851786 -0.4652514 0 0.7655141 -0.6434191 0 0.7655141 -0.6434191 0 0.6105909 -0.7919461 0 0.6105909 -0.7919461 0 0.4275397 -0.9039966 0 0.2247969 -0.9744057 0 0.4275397 -0.9039966 0 0.2247969 -0.9744057 0 0.01169877 -0.9999316 0 0.01169877 -0.9999316 0 -0.2019391 -0.9793981 0 -0.2019391 -0.9793981 0 -0.02030594 -0.9997755 0.00605257 0.1262519 -0.9919929 0.003249726 0.2234881 -0.974682 -0.006937547 0.07272544 -0.9973427 -0.004313904 -0.06387048 -0.9979582 0 -0.02030594 -0.9997755 -0.006052535 -0.06387048 -0.9979582 0 0.2054105 -0.9786759 0 0.1262519 -0.9919929 -0.003249707 0.2234881 -0.974682 0.006937504 0.07272611 -0.9973519 0 0.2054105 -0.978676 0 0.07272611 -0.9973519 0 0.07272544 -0.9973426 0.00431388 0.9182248 -0.3960598 0 0.9182248 -0.3960598 0 0.9238803 -0.3826817 0 0.9238803 -0.3826817 0 0.9293392 -0.3692272 0 0.9293392 -0.3692272 0 0.3114289 -0.9497525 -0.03134083 0.3720295 -0.9281923 -0.007283357 0.4294507 -0.9030884 0.001879007 0.4806458 -0.8769057 -0.003981056 0.5221766 -0.8527685 -0.01083215 0.5653328 -0.8248621 0.00124201 0.6101344 -0.7922962 -0.001651076 0.6496794 -0.7599831 -0.01850644 0.6774011 -0.7344266 -0.04177945 0.6954259 -0.7159379 -0.06177141 0.5122326 -0.8587005 -0.01585259 0.3611226 -0.9325183 0 0.3114289 -0.9497525 0.03134065 0.3720295 -0.9281924 0.007283311 0.4294507 -0.9030883 -0.001878996 0.4806458 -0.8769057 0.003981024 0.3611226 -0.9325183 0 0.6482351 -0.7614402 0 0.5221766 -0.8527685 0.01083209 0.5653328 -0.8248621 -0.001242007 0.6101344 -0.7922962 0.001651066 0.6496793 -0.759983 0.01850635 0.6774011 -0.7344266 0.04177919 0.6954259 -0.7159379 0.06177108 0.5122969 -0.8588083 0 0.5122969 -0.8588083 0 0.648235 -0.7614402 0 0.5122325 -0.8587005 0.01585249 0.5497472 0.835331 -0 0.5497472 0.835331 0 0.7153308 0.6987859 0 0.7153308 0.6987859 -0 0.8479641 0.5300536 0 0.8479641 0.5300536 -0 0.9415387 0.336905 0 0.9415387 0.336905 -0 0.9917435 0.1282374 0 0.9917435 0.1282374 -0 0.9962661 -0.086335 0 0.9962661 -0.086335 0 0.9548987 -0.2969319 0 0.9548987 -0.2969319 0 0.9999206 0.01260123 -0 0.9999206 0.01260123 0 0.9997523 0.02225859 0 0.9994906 0.03191594 0 0.9997523 0.02225859 -0 0.9994906 0.03191594 0 0.5138282 0.8578931 -0 0.5138282 0.8578931 0 0.6888455 0.7230653 -0.05165758 0.6537843 0.7563915 -0.02092855 0.6142859 0.7890797 -0.002459424 0.5686062 0.8226084 0.00156286 0.5159492 0.856535 -0.01201078 0.470126 0.8825959 -0.002448501 0.432523 0.9016223 0.001050083 0.3894228 0.9210517 -0.003701636 0.3459254 0.938111 -0.01683572 0.3021417 0.9525425 -0.03705695 0.5122736 0.8587047 -0.0142084 0.6488721 0.7608974 -0 0.6888455 0.7230653 0.05165729 0.6537843 0.7563915 0.02092843 0.6142859 0.7890797 0.002459406 0.5686062 0.8226084 -0.001562855 0.5159492 0.856535 0.01201071 0.6488722 0.7608975 0 0.3610688 0.9325392 0 0.470126 0.882596 0.002448484 0.432523 0.9016223 -0.001050077 0.3894228 0.9210517 0.003701614 0.3459254 0.9381109 0.01683563 0.3021417 0.9525425 0.03705674 0.5122736 0.8587047 0.0142083 0.5123253 0.8587915 -0 0.3610688 0.9325392 0 0.5123253 0.8587915 0 0.8516952 0.5239398 -0.01012157 0.8091853 0.5875512 0.001618499 0.7514226 0.6598203 -0.001041663 0.6659821 0.7459671 0.001016881 0.7566569 0.6538069 -0.002647845 0.8372756 0.5467812 -0 0.8516951 0.5239397 0.01012152 0.8091853 0.5875513 -0.001618487 0.8372756 0.5467812 0 0.6605012 0.750825 0 0.7514227 0.6598204 0.00104165 0.665982 0.7459671 -0.001016876 0.7566596 0.6538091 0 0.6605012 0.750825 0 0.7566569 0.6538068 0.002647832 0.7566596 0.6538091 -0 0.2317576 0.972721 -0.01012139 0.1567184 0.987642 0.001618676 0.06477357 0.9978994 -0.001041688 -0.05655969 0.9983987 0.001016916 0.07272585 0.9973485 -0.002647668 0.2054105 0.9786759 -0 0.2317576 0.972721 0.01012133 0.1567185 0.987642 -0.001618665 0.2054105 0.978676 0 -0.06387048 0.9979582 0 0.06477357 0.9978994 0.001041682 -0.05655969 0.9983987 -0.001016909 0.07272611 0.9973519 0 -0.06387048 0.9979582 0 0.07272585 0.9973484 0.002647653 0.07272611 0.9973519 -0 0.9983717 0.02419652 -0.05165796 0.9971448 0.07255463 -0.02092826 0.9923292 0.1235983 -0.002459124 0.9837373 0.1796064 0.001563106 0.9704928 0.2408308 -0.01201067 0.9565194 0.2916586 -0.002448874 0.9433827 0.3317046 0.001049982 0.926645 0.3759193 -0.003701704 0.9079517 0.4187367 -0.01683497 0.8871952 0.4599038 -0.03705753 0.9694281 0.2449641 -0.01420825 0.9968577 0.07921368 -0 0.9983717 0.02419652 0.05165766 0.9971448 0.07255463 0.02092814 0.9923293 0.1235983 0.002459112 0.9837373 0.1796064 -0.001563097 0.9704928 0.2408308 0.0120106 0.9968576 0.07921369 0 0.9147189 0.4040907 0 0.9565194 0.2916586 0.002448855 0.9433827 0.3317046 -0.001049973 0.926645 0.3759193 0.003701686 0.9079517 0.4187367 0.01683488 0.8871952 0.4599037 0.03705732 0.9694281 0.2449641 0.01420817 0.9695259 0.2449888 -0 0.914719 0.4040907 0 0.9695259 0.2449888 0 -0.2432903 0.9699535 0 -0.2432903 0.9699535 0 0.715963 -0.6981382 0 0.715963 -0.6981382 0 0.7226719 -0.6911913 0 0.7226719 -0.6911913 0 0.7293148 -0.6841783 0 0.7293148 -0.6841783 0 -0.2019391 0.9793981 0 -0.2019391 0.9793981 0 0.01169877 0.9999316 0 0.01169877 0.9999316 -0 0.2247969 0.9744057 0 0.2247969 0.9744057 -0 0.4275397 0.9039966 0 0.6105909 0.7919461 0 0.4275397 0.9039966 -0 0.6105909 0.7919461 0 0.7655141 0.6434191 0 0.7655141 0.6434191 -0 0.8851786 0.4652514 0 0.8851786 0.4652514 -0 -0.451363 -0.8917899 -0.03134083 -0.3932668 -0.9193955 -0.007283434 -0.3349137 -0.942247 0.001878764 -0.2801968 -0.9599344 -0.003981587 -0.2337628 -0.9722333 -0.01083178 -0.1835153 -0.983016 0.001242069 -0.1288091 -0.991668 -0.001650957 -0.07799529 -0.9967819 -0.0185071 -0.04032378 -0.9983128 -0.04177895 -0.0145046 -0.997985 -0.06177107 -0.2449899 -0.969396 -0.01585265 -0.4040379 -0.9147423 0 -0.451363 -0.8917899 0.03134064 -0.3932669 -0.9193955 0.007283393 -0.3349137 -0.942247 -0.001878751 -0.2801968 -0.9599344 0.003981567 -0.4040379 -0.9147423 0 -0.08004822 -0.9967911 -0 -0.2337629 -0.9722334 0.01083172 -0.1835153 -0.9830161 -0.001242066 -0.1288091 -0.991668 0.001650951 -0.0779953 -0.9967821 0.018507 -0.04032379 -0.9983128 0.04177871 -0.0145046 -0.997985 0.06177073 -0.2450207 -0.9695179 0 -0.2450207 -0.9695179 0 -0.08004822 -0.9967909 -0 -0.2449899 -0.969396 0.01585256 0.9293392 0.3692272 -0 0.9293392 0.3692272 0 0.9238803 0.3826817 0 0.9182248 0.3960598 0 0.9238803 0.3826817 -0 0.9182248 0.3960598 0 -0.7213058 -0.6925903 0.006052427 -0.6121715 -0.7907183 0.003249685 -0.531174 -0.8472344 -0.006937651 -0.6538031 -0.7566525 -0.004313907 -0.750825 -0.6605012 0 -0.7213058 -0.6925902 -0.006052397 -0.750825 -0.6605012 0 -0.5467812 -0.8372756 -0 -0.6121715 -0.7907183 -0.003249666 -0.531174 -0.8472344 0.006937603 -0.6538091 -0.7566596 0 -0.5467812 -0.8372756 -0 -0.6538091 -0.7566596 0 -0.6538031 -0.7566525 0.004313882 0.9548987 0.2969319 -0 0.9548987 0.2969319 0 0.9962661 0.086335 0 0.9962661 0.086335 -0 0.9917435 -0.1282374 0 0.9415387 -0.336905 0 0.9917435 -0.1282374 0 0.9415387 -0.336905 0 0.8479641 -0.5300536 0 0.8479641 -0.5300536 0 0.7153308 -0.6987859 0 0.7153308 -0.6987859 0 0.5497472 -0.835331 0 0.5497472 -0.835331 0 -0.8578931 -0.5138282 0 -0.8578931 -0.5138282 0 0.5138282 -0.8578931 0 0.5138282 -0.8578931 0 0.2969319 -0.9548987 0 0.2969319 -0.9548987 0 0.086335 -0.9962661 0 0.086335 -0.9962661 0 -0.1282374 -0.9917435 0 -0.1282374 -0.9917435 0 -0.336905 -0.9415387 0 -0.336905 -0.9415387 0 -0.5300536 -0.8479641 0 -0.5300536 -0.8479641 0 -0.6987859 -0.7153308 0 -0.6987859 -0.7153308 0 -0.835331 -0.5497472 0 -0.835331 -0.5497472 0 0.6925903 -0.7213058 0.006052427 0.7907183 -0.6121715 0.003249685 0.8472344 -0.531174 -0.006937651 0.7566525 -0.6538031 -0.004313907 0.6605012 -0.750825 0 0.6925902 -0.7213058 -0.006052397 0.6605012 -0.750825 0 0.8372756 -0.5467812 0 0.7907183 -0.6121715 -0.003249666 0.8472344 -0.531174 0.006937603 0.7566596 -0.6538091 0 0.8372756 -0.5467812 0 0.7566596 -0.6538091 0 0.7566525 -0.6538031 0.004313882 0.3692272 -0.9293392 0 0.3692272 -0.9293392 0 0.3826817 -0.9238803 0 0.3826817 -0.9238803 0 0.3960598 -0.9182248 0 0.3960598 -0.9182248 0 0.8917899 -0.451363 -0.03134083 0.9193955 -0.3932668 -0.007283434 0.942247 -0.3349137 0.001878764 0.9599344 -0.2801968 -0.003981587 0.9722333 -0.2337628 -0.01083178 0.983016 -0.1835153 0.001242069 0.991668 -0.1288091 -0.001650957 0.9967819 -0.07799529 -0.0185071 0.9983128 -0.04032378 -0.04177895 0.997985 -0.0145046 -0.06177107 0.969396 -0.2449899 -0.01585265 0.9147423 -0.4040379 0 0.8917899 -0.451363 0.03134064 0.9193955 -0.3932669 0.007283393 0.942247 -0.3349137 -0.001878751 0.9599344 -0.2801968 0.003981567 0.9147423 -0.4040379 0 0.9967911 -0.08004822 0 0.9722334 -0.2337629 0.01083172 0.9830161 -0.1835153 -0.001242066 0.991668 -0.1288091 0.001650951 0.9967821 -0.0779953 0.018507 0.9983128 -0.04032379 0.04177871 0.997985 -0.0145046 0.06177073 0.9695179 -0.2450207 0 0.9695179 -0.2450207 0 0.9967909 -0.08004822 0 0.969396 -0.2449899 0.01585256 0.9793981 0.2019391 -0 0.9793981 0.2019391 0 0.9999316 -0.01169877 0 0.9999316 -0.01169877 0 0.9744057 -0.2247969 0 0.9744057 -0.2247969 0 0.9039966 -0.4275397 0 0.9039966 -0.4275397 0 0.7919461 -0.6105909 0 0.7919461 -0.6105909 0 0.6434191 -0.7655141 0 0.6434191 -0.7655141 0 0.4652514 -0.8851786 0 0.4652514 -0.8851786 0 0.6981382 0.715963 -0 0.6981382 0.715963 0 0.6911913 0.7226719 0 0.6841783 0.7293148 0 0.6911913 0.7226719 -0 0.6841783 0.7293148 0 0.9699535 0.2432903 -0 0.9699535 0.2432903 0 -0.02419652 0.9983717 -0.05165796 -0.07255463 0.9971448 -0.02092826 -0.1235983 0.9923292 -0.002459124 -0.1796064 0.9837373 0.001563106 -0.2408308 0.9704928 -0.01201067 -0.2916586 0.9565194 -0.002448874 -0.3317046 0.9433827 0.001049982 -0.3759193 0.926645 -0.003701704 -0.4187367 0.9079517 -0.01683497 -0.4599038 0.8871952 -0.03705753 -0.2449641 0.9694281 -0.01420825 -0.07921368 0.9968577 0 -0.02419652 0.9983717 0.05165766 -0.07255463 0.9971448 0.02092814 -0.1235983 0.9923293 0.002459112 -0.1796064 0.9837373 -0.001563097 -0.2408308 0.9704928 0.0120106 -0.07921369 0.9968576 0 -0.4040907 0.9147189 0 -0.2916586 0.9565194 0.002448855 -0.3317046 0.9433827 -0.001049973 -0.3759193 0.926645 0.003701686 -0.4187367 0.9079517 0.01683488 -0.4599037 0.8871952 0.03705732 -0.2449641 0.9694281 0.01420817 -0.2449888 0.9695259 0 -0.4040907 0.914719 0 -0.2449888 0.9695259 0 0.972721 -0.2317576 -0.01012139 0.987642 -0.1567184 0.001618676 0.9978994 -0.06477357 -0.001041688 0.9983987 0.05655969 0.001016916 0.9973485 -0.07272585 -0.002647668 0.9786759 -0.2054105 0 0.972721 -0.2317576 0.01012133 0.987642 -0.1567185 -0.001618665 0.978676 -0.2054105 0 0.9979582 0.06387048 0 0.9978994 -0.06477357 0.001041682 0.9983987 0.05655969 -0.001016909 0.9973519 -0.07272611 0 0.9979582 0.06387048 0 0.9973484 -0.07272585 0.002647653 0.9973519 -0.07272611 0 -0.5239398 0.8516952 -0.01012157 -0.5875512 0.8091853 0.001618499 -0.6598203 0.7514226 -0.001041663 -0.7459671 0.6659821 0.001016881 -0.6538069 0.7566569 -0.002647845 -0.5467812 0.8372756 0 -0.5239397 0.8516951 0.01012152 -0.5875513 0.8091853 -0.001618487 -0.5467812 0.8372756 0 -0.750825 0.6605012 0 -0.6598204 0.7514227 0.00104165 -0.7459671 0.665982 -0.001016876 -0.6538091 0.7566596 0 -0.750825 0.6605012 0 -0.6538068 0.7566569 0.002647832 -0.6538091 0.7566596 0 0.7230653 -0.6888455 -0.05165758 0.7563915 -0.6537843 -0.02092855 0.7890797 -0.6142859 -0.002459424 0.8226084 -0.5686062 0.00156286 0.856535 -0.5159492 -0.01201078 0.8825959 -0.470126 -0.002448501 0.9016223 -0.432523 0.001050083 0.9210517 -0.3894228 -0.003701636 0.938111 -0.3459254 -0.01683572 0.9525425 -0.3021417 -0.03705695 0.8587047 -0.5122736 -0.0142084 0.7608974 -0.6488721 0 0.7230653 -0.6888455 0.05165729 0.7563915 -0.6537843 0.02092843 0.7890797 -0.6142859 0.002459406 0.8226084 -0.5686062 -0.001562855 0.856535 -0.5159492 0.01201071 0.7608975 -0.6488722 0 0.9325392 -0.3610688 0 0.882596 -0.470126 0.002448484 0.9016223 -0.432523 -0.001050077 0.9210517 -0.3894228 0.003701614 0.9381109 -0.3459254 0.01683563 0.9525425 -0.3021417 0.03705674 0.8587047 -0.5122736 0.0142083 0.8587915 -0.5123253 0 0.9325392 -0.3610688 0 0.8587915 -0.5123253 0 -0.8578931 0.5138282 0 -0.8578931 0.5138282 0 0.01260123 -0.9999206 0 0.01260123 -0.9999206 0 0.02225859 -0.9997523 0 0.03191594 -0.9994906 0 0.02225859 -0.9997523 0 0.03191594 -0.9994906 0 -0.835331 0.5497472 0 -0.835331 0.5497472 0 -0.6987859 0.7153308 0 -0.6987859 0.7153308 0 -0.5300536 0.8479641 0 -0.5300536 0.8479641 0 -0.336905 0.9415387 0 -0.336905 0.9415387 0 -0.1282374 0.9917435 0 -0.1282374 0.9917435 0 0.086335 0.9962661 0 0.086335 0.9962661 -0 0.2969319 0.9548987 0 0.2969319 0.9548987 -0 -0.9497525 -0.3114289 -0.03134083 -0.9281923 -0.3720295 -0.007283357 -0.9030884 -0.4294507 0.001879007 -0.8769057 -0.4806458 -0.003981056 -0.8527685 -0.5221766 -0.01083215 -0.8248621 -0.5653328 0.00124201 -0.7922962 -0.6101344 -0.001651076 -0.7599831 -0.6496794 -0.01850644 -0.7344266 -0.6774011 -0.04177945 -0.7159379 -0.6954259 -0.06177141 -0.8587005 -0.5122326 -0.01585259 -0.9325183 -0.3611226 0 -0.9497525 -0.3114289 0.03134065 -0.9281924 -0.3720295 0.007283311 -0.9030883 -0.4294507 -0.001878996 -0.8769057 -0.4806458 0.003981024 -0.9325183 -0.3611226 0 -0.7614402 -0.6482351 -0 -0.8527685 -0.5221766 0.01083209 -0.8248621 -0.5653328 -0.001242007 -0.7922962 -0.6101344 0.001651066 -0.759983 -0.6496793 0.01850635 -0.7344266 -0.6774011 0.04177919 -0.7159379 -0.6954259 0.06177108 -0.8588083 -0.5122969 0 -0.8588083 -0.5122969 0 -0.7614402 -0.648235 -0 -0.8587005 -0.5122325 0.01585249 0.3960598 0.9182248 -0 0.3960598 0.9182248 0 0.3826817 0.9238803 0 0.3692272 0.9293392 0 0.3826817 0.9238803 -0 0.3692272 0.9293392 0 -0.9997755 0.02030594 0.00605257 -0.9919929 -0.1262519 0.003249726 -0.974682 -0.2234881 -0.006937547 -0.9973427 -0.07272544 -0.004313904 -0.9979582 0.06387048 0 -0.9997755 0.02030594 -0.006052535 -0.9979582 0.06387048 0 -0.9786759 -0.2054105 -0 -0.9919929 -0.1262519 -0.003249707 -0.974682 -0.2234881 0.006937504 -0.9973519 -0.07272611 0 -0.978676 -0.2054105 -0 -0.9973519 -0.07272611 0 -0.9973426 -0.07272544 0.00431388 0.4652514 0.8851786 -0 0.4652514 0.8851786 0 0.6434191 0.7655141 0 0.6434191 0.7655141 -0 0.7919461 0.6105909 0 0.9039966 0.4275397 0 0.7919461 0.6105909 -0 0.9039966 0.4275397 0 0.9744057 0.2247969 0 0.9744057 0.2247969 -0 0.9999316 0.01169877 0 0.9793981 -0.2019391 0 0.9999316 0.01169877 -0 0.9793981 -0.2019391 0 -0.9699535 0.2432903 0 -0.9699535 0.2432903 0 0.9699535 -0.2432903 0 0.9699535 -0.2432903 0 -0.4652514 -0.8851786 0 -0.4652514 -0.8851786 0 -0.6434191 -0.7655141 0 -0.6434191 -0.7655141 0 -0.7919461 -0.6105909 0 -0.9039966 -0.4275397 -0 -0.7919461 -0.6105909 0 -0.9039966 -0.4275397 0 -0.9744057 -0.2247969 0 -0.9744057 -0.2247969 0 -0.9999316 -0.01169877 0 -0.9999316 -0.01169877 0 -0.9793981 0.2019391 0 -0.9793981 0.2019391 0 0.9997755 -0.02030594 0.00605257 0.9919929 0.1262519 0.003249726 0.974682 0.2234881 -0.006937547 0.9973427 0.07272544 -0.004313904 0.9979582 -0.06387048 0 0.9997755 -0.02030594 -0.006052535 0.9979582 -0.06387048 0 0.9786759 0.2054105 0 0.9919929 0.1262519 -0.003249707 0.974682 0.2234881 0.006937504 0.9973519 0.07272611 -0 0.978676 0.2054105 0 0.9973519 0.07272611 0 0.9973426 0.07272544 0.00431388 -0.3960598 -0.9182248 0 -0.3960598 -0.9182248 0 -0.3826817 -0.9238803 0 -0.3692272 -0.9293392 -0 -0.3826817 -0.9238803 0 -0.3692272 -0.9293392 0 0.9497525 0.3114289 -0.03134083 0.9281923 0.3720295 -0.007283357 0.9030884 0.4294507 0.001879007 0.8769057 0.4806458 -0.003981056 0.8527685 0.5221766 -0.01083215 0.8248621 0.5653328 0.00124201 0.7922962 0.6101344 -0.001651076 0.7599831 0.6496794 -0.01850644 0.7344266 0.6774011 -0.04177945 0.7159379 0.6954259 -0.06177141 0.8587005 0.5122326 -0.01585259 0.9325183 0.3611226 -0 0.9497525 0.3114289 0.03134065 0.9281924 0.3720295 0.007283311 0.9030883 0.4294507 -0.001878996 0.8769057 0.4806458 0.003981024 0.9325183 0.3611226 0 0.7614402 0.6482351 0 0.8527685 0.5221766 0.01083209 0.8248621 0.5653328 -0.001242007 0.7922962 0.6101344 0.001651066 0.759983 0.6496793 0.01850635 0.7344266 0.6774011 0.04177919 0.7159379 0.6954259 0.06177108 0.8588083 0.5122969 0 0.8588083 0.5122969 -0 0.7614402 0.648235 0 0.8587005 0.5122325 0.01585249 0.835331 -0.5497472 0 0.835331 -0.5497472 0 0.6987859 -0.7153308 0 0.6987859 -0.7153308 0 0.5300536 -0.8479641 0 0.5300536 -0.8479641 0 0.336905 -0.9415387 0 0.336905 -0.9415387 0 0.1282374 -0.9917435 0 0.1282374 -0.9917435 0 -0.086335 -0.9962661 0 -0.086335 -0.9962661 0 -0.2969319 -0.9548987 0 -0.2969319 -0.9548987 0 -0.01260123 0.9999206 0 -0.01260123 0.9999206 0 -0.02225859 0.9997523 0 -0.03191594 0.9994906 0 -0.02225859 0.9997523 0 -0.03191594 0.9994906 0 0.8578931 -0.5138282 0 0.8578931 -0.5138282 0 -0.7230653 0.6888455 -0.05165758 -0.7563915 0.6537843 -0.02092855 -0.7890797 0.6142859 -0.002459424 -0.8226084 0.5686062 0.00156286 -0.856535 0.5159492 -0.01201078 -0.8825959 0.470126 -0.002448501 -0.9016223 0.432523 0.001050083 -0.9210517 0.3894228 -0.003701636 -0.938111 0.3459254 -0.01683572 -0.9525425 0.3021417 -0.03705695 -0.8587047 0.5122736 -0.0142084 -0.7608974 0.6488721 0 -0.7230653 0.6888455 0.05165729 -0.7563915 0.6537843 0.02092843 -0.7890797 0.6142859 0.002459406 -0.8226084 0.5686062 -0.001562855 -0.856535 0.5159492 0.01201071 -0.7608975 0.6488722 0 -0.9325392 0.3610688 0 -0.882596 0.470126 0.002448484 -0.9016223 0.432523 -0.001050077 -0.9210517 0.3894228 0.003701614 -0.9381109 0.3459254 0.01683563 -0.9525425 0.3021417 0.03705674 -0.8587047 0.5122736 0.0142083 -0.8587915 0.5123253 0 -0.9325392 0.3610688 0 -0.8587915 0.5123253 0 0.5239398 -0.8516952 -0.01012157 0.5875512 -0.8091853 0.001618499 0.6598203 -0.7514226 -0.001041663 0.7459671 -0.6659821 0.001016881 0.6538069 -0.7566569 -0.002647845 0.5467812 -0.8372756 0 0.5239397 -0.8516951 0.01012152 0.5875513 -0.8091853 -0.001618487 0.5467812 -0.8372756 0 0.750825 -0.6605012 0 0.6598204 -0.7514227 0.00104165 0.7459671 -0.665982 -0.001016876 0.6538091 -0.7566596 0 0.750825 -0.6605012 0 0.6538068 -0.7566569 0.002647832 0.6538091 -0.7566596 0 -0.972721 0.2317576 -0.01012139 -0.987642 0.1567184 0.001618676 -0.9978994 0.06477357 -0.001041688 -0.9983987 -0.05655969 0.001016916 -0.9973485 0.07272585 -0.002647668 -0.9786759 0.2054105 0 -0.972721 0.2317576 0.01012133 -0.987642 0.1567185 -0.001618665 -0.978676 0.2054105 0 -0.9979582 -0.06387048 -0 -0.9978994 0.06477357 0.001041682 -0.9983987 -0.05655969 -0.001016909 -0.9973519 0.07272611 0 -0.9979582 -0.06387048 -0 -0.9973484 0.07272585 0.002647653 -0.9973519 0.07272611 0 0.02419652 -0.9983717 -0.05165796 0.07255463 -0.9971448 -0.02092826 0.1235983 -0.9923292 -0.002459124 0.1796064 -0.9837373 0.001563106 0.2408308 -0.9704928 -0.01201067 0.2916586 -0.9565194 -0.002448874 0.3317046 -0.9433827 0.001049982 0.3759193 -0.926645 -0.003701704 0.4187367 -0.9079517 -0.01683497 0.4599038 -0.8871952 -0.03705753 0.2449641 -0.9694281 -0.01420825 0.07921368 -0.9968577 0 0.02419652 -0.9983717 0.05165766 0.07255463 -0.9971448 0.02092814 0.1235983 -0.9923293 0.002459112 0.1796064 -0.9837373 -0.001563097 0.2408308 -0.9704928 0.0120106 0.07921369 -0.9968576 0 0.4040907 -0.9147189 0 0.2916586 -0.9565194 0.002448855 0.3317046 -0.9433827 -0.001049973 0.3759193 -0.926645 0.003701686 0.4187367 -0.9079517 0.01683488 0.4599037 -0.8871952 0.03705732 0.2449641 -0.9694281 0.01420817 0.2449888 -0.9695259 0 0.4040907 -0.914719 0 0.2449888 -0.9695259 0 -0.9699535 -0.2432903 0 -0.9699535 -0.2432903 0 -0.6981382 -0.715963 0 -0.6981382 -0.715963 0 -0.6911913 -0.7226719 0 -0.6911913 -0.7226719 0 -0.6841783 -0.7293148 0 -0.6841783 -0.7293148 0 -0.9793981 -0.2019391 0 -0.9793981 -0.2019391 0 -0.9999316 0.01169877 0 -0.9999316 0.01169877 0 -0.9744057 0.2247969 0 -0.9744057 0.2247969 0 -0.9039966 0.4275397 0 -0.9039966 0.4275397 0 -0.7919461 0.6105909 0 -0.7919461 0.6105909 0 -0.6434191 0.7655141 0 -0.6434191 0.7655141 0 -0.4652514 0.8851786 0 -0.4652514 0.8851786 0 -0.8917899 0.451363 -0.03134083 -0.9193955 0.3932668 -0.007283434 -0.942247 0.3349137 0.001878764 -0.9599344 0.2801968 -0.003981587 -0.9722333 0.2337628 -0.01083178 -0.983016 0.1835153 0.001242069 -0.991668 0.1288091 -0.001650957 -0.9967819 0.07799529 -0.0185071 -0.9983128 0.04032378 -0.04177895 -0.997985 0.0145046 -0.06177107 -0.969396 0.2449899 -0.01585265 -0.9147423 0.4040379 0 -0.8917899 0.451363 0.03134064 -0.9193955 0.3932669 0.007283393 -0.942247 0.3349137 -0.001878751 -0.9599344 0.2801968 0.003981567 -0.9147423 0.4040379 0 -0.9967911 0.08004822 0 -0.9722334 0.2337629 0.01083172 -0.9830161 0.1835153 -0.001242066 -0.991668 0.1288091 0.001650951 -0.9967821 0.0779953 0.018507 -0.9983128 0.04032379 0.04177871 -0.997985 0.0145046 0.06177073 -0.9695179 0.2450207 0 -0.9695179 0.2450207 0 -0.9967909 0.08004822 0 -0.969396 0.2449899 0.01585256 -0.3692272 0.9293392 0 -0.3692272 0.9293392 0 -0.3826817 0.9238803 0 -0.3826817 0.9238803 0 -0.3960598 0.9182248 0 -0.3960598 0.9182248 0 -0.6925903 0.7213058 0.006052427 -0.7907183 0.6121715 0.003249685 -0.8472344 0.531174 -0.006937651 -0.7566525 0.6538031 -0.004313907 -0.6605012 0.750825 0 -0.6925902 0.7213058 -0.006052397 -0.6605012 0.750825 0 -0.8372756 0.5467812 0 -0.7907183 0.6121715 -0.003249666 -0.8472344 0.531174 0.006937603 -0.7566596 0.6538091 0 -0.8372756 0.5467812 0 -0.7566596 0.6538091 0 -0.7566525 0.6538031 0.004313882 -0.2969319 0.9548987 0 -0.2969319 0.9548987 0 -0.086335 0.9962661 0 -0.086335 0.9962661 0 0.1282374 0.9917435 0 0.1282374 0.9917435 -0 0.336905 0.9415387 0 0.336905 0.9415387 -0 0.5300536 0.8479641 0 0.6987859 0.7153308 0 0.5300536 0.8479641 -0 0.6987859 0.7153308 0 0.835331 0.5497472 0 0.835331 0.5497472 -0 -0.5138282 0.8578931 0 -0.5138282 0.8578931 0 0.8578931 0.5138282 -0 0.8578931 0.5138282 0 -0.9548987 -0.2969319 0 -0.9548987 -0.2969319 0 -0.9962661 -0.086335 0 -0.9962661 -0.086335 0 -0.9917435 0.1282374 0 -0.9415387 0.336905 0 -0.9917435 0.1282374 0 -0.9415387 0.336905 0 -0.8479641 0.5300536 0 -0.8479641 0.5300536 0 -0.7153308 0.6987859 0 -0.7153308 0.6987859 0 -0.5497472 0.835331 0 -0.5497472 0.835331 0 0.7213058 0.6925903 0.006052427 0.6121715 0.7907183 0.003249685 0.531174 0.8472344 -0.006937651 0.6538031 0.7566525 -0.004313907 0.750825 0.6605012 -0 0.7213058 0.6925902 -0.006052397 0.750825 0.6605012 0 0.5467812 0.8372756 0 0.6121715 0.7907183 -0.003249666 0.531174 0.8472344 0.006937603 0.6538091 0.7566596 -0 0.5467812 0.8372756 0 0.6538091 0.7566596 0 0.6538031 0.7566525 0.004313882 -0.9293392 -0.3692272 0 -0.9293392 -0.3692272 0 -0.9238803 -0.3826817 0 -0.9182248 -0.3960598 -0 -0.9238803 -0.3826817 0 -0.9182248 -0.3960598 0 0.451363 0.8917899 -0.03134083 0.3932668 0.9193955 -0.007283434 0.3349137 0.942247 0.001878764 0.2801968 0.9599344 -0.003981587 0.2337628 0.9722333 -0.01083178 0.1835153 0.983016 0.001242069 0.1288091 0.991668 -0.001650957 0.07799529 0.9967819 -0.0185071 0.04032378 0.9983128 -0.04177895 0.0145046 0.997985 -0.06177107 0.2449899 0.969396 -0.01585265 0.4040379 0.9147423 -0 0.451363 0.8917899 0.03134064 0.3932669 0.9193955 0.007283393 0.3349137 0.942247 -0.001878751 0.2801968 0.9599344 0.003981567 0.4040379 0.9147423 0 0.08004822 0.9967911 0 0.2337629 0.9722334 0.01083172 0.1835153 0.9830161 -0.001242066 0.1288091 0.991668 0.001650951 0.0779953 0.9967821 0.018507 0.04032379 0.9983128 0.04177871 0.0145046 0.997985 0.06177073 0.2450207 0.9695179 0 0.2450207 0.9695179 -0 0.08004822 0.9967909 0 0.2449899 0.969396 0.01585256 0.2019391 -0.9793981 0 0.2019391 -0.9793981 0 -0.01169877 -0.9999316 0 -0.01169877 -0.9999316 0 -0.2247969 -0.9744057 0 -0.2247969 -0.9744057 0 -0.4275397 -0.9039966 0 -0.6105909 -0.7919461 -0 -0.4275397 -0.9039966 0 -0.6105909 -0.7919461 0 -0.7655141 -0.6434191 0 -0.7655141 -0.6434191 0 -0.8851786 -0.4652514 0 -0.8851786 -0.4652514 0 -0.715963 0.6981382 0 -0.715963 0.6981382 0 -0.7226719 0.6911913 0 -0.7293148 0.6841783 0 -0.7226719 0.6911913 0 -0.7293148 0.6841783 0 0.2432903 -0.9699535 0 0.2432903 -0.9699535 0 -0.9983717 -0.02419652 -0.05165796 -0.9971448 -0.07255463 -0.02092826 -0.9923292 -0.1235983 -0.002459124 -0.9837373 -0.1796064 0.001563106 -0.9704928 -0.2408308 -0.01201067 -0.9565194 -0.2916586 -0.002448874 -0.9433827 -0.3317046 0.001049982 -0.926645 -0.3759193 -0.003701704 -0.9079517 -0.4187367 -0.01683497 -0.8871952 -0.4599038 -0.03705753 -0.9694281 -0.2449641 -0.01420825 -0.9968577 -0.07921368 0 -0.9983717 -0.02419652 0.05165766 -0.9971448 -0.07255463 0.02092814 -0.9923293 -0.1235983 0.002459112 -0.9837373 -0.1796064 -0.001563097 -0.9704928 -0.2408308 0.0120106 -0.9968576 -0.07921369 0 -0.9147189 -0.4040907 -0 -0.9565194 -0.2916586 0.002448855 -0.9433827 -0.3317046 -0.001049973 -0.926645 -0.3759193 0.003701686 -0.9079517 -0.4187367 0.01683488 -0.8871952 -0.4599037 0.03705732 -0.9694281 -0.2449641 0.01420817 -0.9695259 -0.2449888 0 -0.914719 -0.4040907 -0 -0.9695259 -0.2449888 0 -0.2317576 -0.972721 -0.01012139 -0.1567184 -0.987642 0.001618676 -0.06477357 -0.9978994 -0.001041688 0.05655969 -0.9983987 0.001016916 -0.07272585 -0.9973485 -0.002647668 -0.2054105 -0.9786759 0 -0.2317576 -0.972721 0.01012133 -0.1567185 -0.987642 -0.001618665 -0.2054105 -0.978676 0 0.06387048 -0.9979582 0 -0.06477357 -0.9978994 0.001041682 0.05655969 -0.9983987 -0.001016909 -0.07272611 -0.9973519 0 0.06387048 -0.9979582 0 -0.07272585 -0.9973484 0.002647653 -0.07272611 -0.9973519 0 -0.8516952 -0.5239398 -0.01012157 -0.8091853 -0.5875512 0.001618499 -0.7514226 -0.6598203 -0.001041663 -0.6659821 -0.7459671 0.001016881 -0.7566569 -0.6538069 -0.002647845 -0.8372756 -0.5467812 0 -0.8516951 -0.5239397 0.01012152 -0.8091853 -0.5875513 -0.001618487 -0.8372756 -0.5467812 0 -0.6605012 -0.750825 -0 -0.7514227 -0.6598204 0.00104165 -0.665982 -0.7459671 -0.001016876 -0.7566596 -0.6538091 0 -0.6605012 -0.750825 -0 -0.7566569 -0.6538068 0.002647832 -0.7566596 -0.6538091 0 -0.6888455 -0.7230653 -0.05165758 -0.6537843 -0.7563915 -0.02092855 -0.6142859 -0.7890797 -0.002459424 -0.5686062 -0.8226084 0.00156286 -0.5159492 -0.856535 -0.01201078 -0.470126 -0.8825959 -0.002448501 -0.432523 -0.9016223 0.001050083 -0.3894228 -0.9210517 -0.003701636 -0.3459254 -0.938111 -0.01683572 -0.3021417 -0.9525425 -0.03705695 -0.5122736 -0.8587047 -0.0142084 -0.6488721 -0.7608974 0 -0.6888455 -0.7230653 0.05165729 -0.6537843 -0.7563915 0.02092843 -0.6142859 -0.7890797 0.002459406 -0.5686062 -0.8226084 -0.001562855 -0.5159492 -0.856535 0.01201071 -0.6488722 -0.7608975 0 -0.3610688 -0.9325392 -0 -0.470126 -0.882596 0.002448484 -0.432523 -0.9016223 -0.001050077 -0.3894228 -0.9210517 0.003701614 -0.3459254 -0.9381109 0.01683563 -0.3021417 -0.9525425 0.03705674 -0.5122736 -0.8587047 0.0142083 -0.5123253 -0.8587915 0 -0.3610688 -0.9325392 -0 -0.5123253 -0.8587915 0 -0.5138282 -0.8578931 0 -0.5138282 -0.8578931 0 -0.9999206 -0.01260123 0 -0.9999206 -0.01260123 0 -0.9997523 -0.02225859 0 -0.9994906 -0.03191594 -0 -0.9997523 -0.02225859 0 -0.9994906 -0.03191594 0 -0.5497472 -0.835331 0 -0.5497472 -0.835331 0 -0.7153308 -0.6987859 0 -0.7153308 -0.6987859 0 -0.8479641 -0.5300536 0 -0.8479641 -0.5300536 0 -0.9415387 -0.336905 0 -0.9917435 -0.1282374 -0 -0.9415387 -0.336905 0 -0.9917435 -0.1282374 0 -0.9962661 0.086335 0 -0.9548987 0.2969319 0 -0.9962661 0.086335 0 -0.9548987 0.2969319 0 -0.3114289 0.9497525 -0.03134083 -0.3720295 0.9281923 -0.007283357 -0.4294507 0.9030884 0.001879007 -0.4806458 0.8769057 -0.003981056 -0.5221766 0.8527685 -0.01083215 -0.5653328 0.8248621 0.00124201 -0.6101344 0.7922962 -0.001651076 -0.6496794 0.7599831 -0.01850644 -0.6774011 0.7344266 -0.04177945 -0.6954259 0.7159379 -0.06177141 -0.5122326 0.8587005 -0.01585259 -0.3611226 0.9325183 0 -0.3114289 0.9497525 0.03134065 -0.3720295 0.9281924 0.007283311 -0.4294507 0.9030883 -0.001878996 -0.4806458 0.8769057 0.003981024 -0.3611226 0.9325183 0 -0.6482351 0.7614402 0 -0.5221766 0.8527685 0.01083209 -0.5653328 0.8248621 -0.001242007 -0.6101344 0.7922962 0.001651066 -0.6496793 0.759983 0.01850635 -0.6774011 0.7344266 0.04177919 -0.6954259 0.7159379 0.06177108 -0.5122969 0.8588083 0 -0.5122969 0.8588083 0 -0.648235 0.7614402 0 -0.5122325 0.8587005 0.01585249 -0.9182248 0.3960598 0 -0.9182248 0.3960598 0 -0.9238803 0.3826817 0 -0.9238803 0.3826817 0 -0.9293392 0.3692272 0 -0.9293392 0.3692272 0 0.02030594 0.9997755 0.00605257 -0.1262519 0.9919929 0.003249726 -0.2234881 0.974682 -0.006937547 -0.07272544 0.9973427 -0.004313904 0.06387048 0.9979582 -0 0.02030594 0.9997755 -0.006052535 0.06387048 0.9979582 0 -0.2054105 0.9786759 0 -0.1262519 0.9919929 -0.003249707 -0.2234881 0.974682 0.006937504 -0.07272611 0.9973519 0 -0.2054105 0.978676 0 -0.07272611 0.9973519 0 -0.07272544 0.9973426 0.00431388 -0.8851786 0.4652514 0 -0.8851786 0.4652514 0 -0.7655141 0.6434191 0 -0.7655141 0.6434191 0 -0.6105909 0.7919461 0 -0.4275397 0.9039966 0 -0.6105909 0.7919461 0 -0.4275397 0.9039966 0 -0.2247969 0.9744057 0 -0.2247969 0.9744057 0 -0.01169877 0.9999316 0 -0.01169877 0.9999316 0 0.2019391 0.9793981 0 0.2019391 0.9793981 -0 0.2432903 0.9699535 -0 0.2432903 0.9699535 0 0 0 1 0 0 1 0 0 1 0 0 1 0 0 1 0 0 1 0 0 1 0 0 1 0 0 1 0 0 1 0 0 1 0 0 1 0 0 1 0 0 1 0 0 1 0 0 1 0 0 1 0 0 1 0 0 1 0 0 1 0 0 1 0 0 1 0 0 1 0 0 1 0 0 1 0 0 1 0 0 1 0 0 1 0 0 1 0 0 1 0 0 1 0 0 1 0 0 1 0 0 1 0 0 1 0 0 1 0 0 1 0 0 1 0 0 1 0 0 1 0 0 1 0 0 1 0 0 1 0 0 1 0 0 1 0 0 1 0 0 1 0 0 1 0 0 1 0 0 1 0 0 1 0 0 1 0 0 1 0 0 1 0 0 1 0 0 1 0 0 1 0 0 1 0 0 1 0 0 1 0 0 1 0 0 1 0 0 1 0 0 1 0 0 1 0 0 1 0 0 1 0 0 1 0 0 1 0 0 1 0 0 1 0 0 1 0 0 1 0 0 1 0 0 1 0 0 1 0 0 1 0 0 1 0 0 1 0 0 1 0 0 1 0 0 1 0 0 1 0 0 1 0 0 1 0 0 1 0 0 1 0 0 1 0 0 1 0 0 1 0 0 1 0 0 1 0 0 1 0 0 1 0 0 1 0 0 1 0 0 1 0 0 1 0 0 1 0 0 1 0 0 1 0 0 1 0 0 1 0 0 1 0 0 1 0 0 1 0 0 1 0 0 1 0 0 1 0 0 1 0 0 1 0 0 1 0 0 1 0 0 1 0 0 1 0 0 1 0 0 1 0 0 1 0 0 1 0 0 1 0 0 1 0 0 1 0 0 1 0 0 1 0 0 1 0 0 1 0 0 1 0 0 1 0 0 1 0 0 1 0 0 1 0 0 1 0 0 1 0 0 1 0 0 1 0 0 1 0 0 1 0 0 1 0 0 1 0 0 1 0 0 1 0 0 1 0 0 1 0 0 1 0 0 1 0 0 1 0 0 1 0 0 1 0 0 1 0 0 1 0 0 1 0 0 1 0 0 1 0 0 1 0 0 1 0 0 1 0 0 1 0 0 1 0 0 1 0 0 1 0 0 1 0 0 1 0 0 1 0 0 1 0 0 1 0 0 1 0 0 1 0 0 1 0 0 1 0 0 1 0 0 1 0 0 1 0 0 1 0 0 1 0 0 1 0 0 1 0 0 1 0 0 1 0 0 1 0 0 1 0 0 1 0 0 1 0 0 1 0 0 1 0 0 1 0 0 1 0 0 1 0 0 1 0 0 1 0 0 1 0 0 1 0 0 1 0 0 1 0 0 1 0 0 1 0 0 1 0 0 1 0 0 1 0 0 1 0 0 1 0 0 1 0 0 1 0 0 1 0 0 1 0 0 1 0 0 1 0 0 1 0 0 1 0 0 1 0 0 1 0 0 1 0 0 1 0 0 1 0 0 1 0 0 1 0 0 1 0 0 1 0 0 1 0 0 1 0 0 1 0 0 1 0 0 1 0 0 1 0 0 1 0 0 1 0 0 1 0 0 1 0 0 1 0 0 1 0 0 1 0 0 1 0 0 1 0 0 1 0 0 1 0 0 1 0 0 1 0 0 1 0 0 1 0 0 1 0 0 1 0 0 1 0 0 1 0 0 1 0 0 1 0 0 1 0 0 1 0 0 1 0 0 1 0 0 1 0 0 1 0 0 1 0 0 1 0 0 1 0 0 1 0 0 1 0 0 1 0 0 1 0 0 1 0 0 1 0 0 1 0 0 1 0 0 1 0 0 1 0 0 1 0 0 1 0 0 1 0 0 1 0 0 1 0 0 1 0 0 1 0 0 1 0 0 1 0 0 1 0 0 1 0 0 1 0 0 1 0 0 1 0 0 1 0 0 1 0 0 1 0 0 1 0 0 1 0 0 1 0 0 1 0 0 1 0 0 1 0 0 1 0 0 1 0 0 1 0 0 1 0 0 1 0 0 1 0 0 1 0 0 1 0 0 1 0 0 1 0 0 1 0 0 1 0 0 1 0 0 1 0 0 1 0 0 1 0 0 1 0 0 1 0 0 1 0 0 1 0 0 1 0 0 1 0 0 1 0 0 1 0 0 1 0 0 1 0 0 1 0 0 1 0 0 1 0 0 1 0 0 1 0 0 1 0 0 1 0 0 1 0 0 1 0 0 1 0 0 1 0 0 1 0 0 1 0 0 1 0 0 1 0 0 1 0 0 1 0 0 1 0 0 1 0 0 1 0 0 1 0 0 1 0 0 1 0 0 1 0 0 1 0 0 1 0 0 1 0 0 1 0 0 1 0 0 1 0 0 1 0 0 1 0 0 1 0 0 1 0 0 1 0 0 1 0 0 1 0 0 1 0 0 1 0 0 1 0 0 1 0 0 1 0 0 1 0 0 1 0 0 1 0 0 1 0 0 1 0 0 1 0 0 1 0 0 1 0 0 1 0 0 1 0 0 1 0 0 1 0 0 1 0 0 1 0 0 1 0 0 1 0 0 1 0 0 1 0 0 1 0 0 1 0 0 1 0 0 1 0 0 1 0 0 1 0 0 1 0 0 1 0 0 1 0 0 1 0 0 1 0 0 1 0 0 1 0 0 1 0 0 1 0 0 1 0 0 1 0 0 1 0 0 -1 0 0 -1 0 0 -1 0 0 -1 0 0 -1 0 0 -1 0 0 -1 0 0 -1 0 0 -1 0 0 -1 0 0 -1 0 0 -1 0 0 -1 0 0 -1 0 0 -1 0 0 -1 0 0 -1 0 0 -1 0 0 -1 0 0 -1 0 0 -1 0 0 -1 0 0 -1 0 -0 -1 0 0 -1 0 -0 -1 0 -0 -1 0 -0 -1 0 0 -1 0 0 -1 0 0 -1 0 0 -1 0 0 -1 0 0 -1 0 -0 -1 0 -0 -1 0 0 -1 0 0 -1 0 0 -1 0 0 -1 0 0 -1 0 -0 -1 0 -0 -1 0 0 -1 0 -0 -1 0 -0 -1 0 0 -1 0 0 -1 0 -0 -1 0 -0 -1 0 -0 -1 0 0 -1 0 -0 -1 0 0 -1 0 -0 -1 0 -0 -1 0 -0 -1 0 -0 -1 0 0 -1 0 0 -1 0 0 -1 0 0 -1 0 -0 -1 0 -0 -1 0 0 -1 0 0 -1 0 0 -1 0 0 -1 0 0 -1 0 0 -1 0 -0 -1 0 -0 -1 0 -0 -1 0 -0 -1 0 -0 -1 0 -0 -1 0 -0 -1 0 0 -1 0 0 -1 0 0 -1 0 0 -1 0 0 -1 0 0 -1 0 -0 -1 0 0 -1 0 0 -1 0 -0 -1 -0 -0 -1 -0 -0 -1 -0 -0 -1 -0 -0 -1 0 0 -1 0 0 -1 0 0 -1 0 0 -1 0 0 -1 0 0 -1 0 0 -1 0 0 -1 0 0 -1 0 0 -1 0 -0 -1 0 0 -1 0 0 -1 0 0 -1 0 0 -1 -0 -0 -1 -0 -0 -1 0 0 -1 -0 -0 -1 -0 -0 -1 -0 -0 -1 -0 -0 -1 0 0 -1 0 0 -1 -0 -0 -1 -0 -0 -1 0 0 -1 -0 -0 -1 0 0 -1 0 -0 -1 0 0 -1 0 0 -1 -0 -0 -1 0 -1 0 -0 -1 0 0 -1 -0 0 0 1 0 0 1 0 0 1 0 0 1 0 0 1 0 0 1 0 0 1 0 0 1 0 0 1 0 0 1 0 0 1 0 0 1 0 0 1 0 1 0 -0 1 0 -0 1 0 -1 0 0 -1 0 0 -0.7071068 0 0.7071068 -0.7071068 0 0.7071068 0 0 -1 0 0 -1 0 0 -1 0 0 -1 0 0 -1 0 0 -1 0 0 -1 0 0 -1 0 0 -1 0 0 -1 0 0 -1 0 0 -1 0 0 -1</float_array>
          <technique_common>
            <accessor count="2452" source="#cubenormals-array0-array" stride="3">
              <param type="float" name="X"/>
              <param type="float" name="Y"/>
              <param type="float" name="Z"/>
            </accessor>
          </technique_common>
        </source>
        <vertices id="cubeverts-array0-vertices">
          <input semantic="POSITION" source="#cubeverts-array0"/>
        </vertices>
        <triangles count="2452" material="ref_Body002">
          <input offset="0" semantic="VERTEX" source="#cubeverts-array0-vertices"/>
          <input offset="1" semantic="NORMAL" source="#cubenormals-array0"/>
          <p>0 0 1 0 2 0 3 1 0 1 2 1 4 2 3 2 2 2 5 3 6 3 7 3 5 4 7 4 8 4 5 5 8 5 9 5 5 6 9 6 10 6 2 7 5 7 11 7 11 8 5 8 12 8 12 9 5 9 10 9 2 10 11 10 13 10 2 11 13 11 14 11 2 12 14 12 4 12 15 13 16 13 17 13 2 14 1 14 16 14 16 15 1 15 17 15 16 16 18 16 5 16 16 17 5 17 2 17 18 18 19 18 20 18 6 19 5 19 18 19 6 20 18 20 20 20 18 21 16 21 19 21 19 22 16 22 15 22 21 23 15 23 22 23 22 24 15 24 23 24 23 25 15 25 17 25 21 26 24 26 15 26 24 27 25 27 15 27 25 28 26 28 15 28 20 29 19 29 27 29 27 30 19 30 28 30 28 31 19 31 29 31 29 32 19 32 30 32 30 33 19 33 31 33 31 34 19 34 26 34 26 35 19 35 15 35 26 36 25 36 32 36 32 37 25 37 33 37 25 38 24 38 33 38 33 39 24 39 34 39 35 40 13 40 11 40 35 41 36 41 13 41 24 42 21 42 34 42 34 43 21 43 37 43 36 44 14 44 13 44 36 45 38 45 14 45 21 46 22 46 37 46 37 47 22 47 39 47 38 48 4 48 14 48 38 49 40 49 4 49 22 50 23 50 39 50 39 51 23 51 41 51 40 52 3 52 4 52 40 53 42 53 3 53 23 54 17 54 41 54 41 55 17 55 43 55 42 56 0 56 3 56 17 57 44 57 43 57 42 58 45 58 0 58 45 59 1 59 0 59 45 60 46 60 1 60 1 61 47 61 17 61 17 62 47 62 44 62 46 63 47 63 1 63 44 64 48 64 49 64 47 65 48 65 44 65 49 66 50 66 51 66 48 67 50 67 49 67 51 68 52 68 53 68 50 69 52 69 51 69 53 70 54 70 55 70 52 71 54 71 53 71 55 72 56 72 57 72 54 73 56 73 55 73 57 74 58 74 59 74 59 75 58 75 60 75 56 76 58 76 57 76 58 77 61 77 60 77 60 78 62 78 63 78 61 79 62 79 60 79 63 80 64 80 65 80 65 81 64 81 66 81 62 82 64 82 63 82 64 83 67 83 66 83 67 84 68 84 66 84 66 85 68 85 69 85 68 86 70 86 69 86 69 87 70 87 71 87 71 88 70 88 72 88 70 89 73 89 72 89 73 90 74 90 72 90 72 91 74 91 75 91 74 92 76 92 75 92 75 93 76 93 77 93 76 94 78 94 77 94 77 95 78 95 79 95 79 96 78 96 80 96 78 97 81 97 80 97 80 98 81 98 82 98 81 99 83 99 82 99 82 100 83 100 84 100 83 101 85 101 84 101 85 102 86 102 84 102 84 103 86 103 87 103 87 104 86 104 88 104 86 105 89 105 88 105 89 106 90 106 88 106 88 107 90 107 91 107 90 108 92 108 91 108 91 109 92 109 93 109 93 110 92 110 94 110 92 111 95 111 94 111 95 112 96 112 94 112 94 113 96 113 97 113 96 114 98 114 97 114 97 115 98 115 99 115 99 116 98 116 100 116 98 117 101 117 100 117 100 118 101 118 102 118 101 119 103 119 102 119 103 120 104 120 102 120 102 121 104 121 105 121 104 122 106 122 105 122 105 123 106 123 107 123 107 124 106 124 108 124 106 125 109 125 108 125 109 126 110 126 108 126 108 127 110 127 111 127 111 128 110 128 112 128 110 129 113 129 112 129 113 130 114 130 112 130 112 131 114 131 115 131 114 132 116 132 115 132 115 133 116 133 117 133 117 134 116 134 118 134 116 135 119 135 118 135 119 136 120 136 118 136 118 137 120 137 121 137 121 138 120 138 122 138 120 139 123 139 122 139 122 140 123 140 124 140 124 141 125 141 126 141 123 142 125 142 124 142 126 143 127 143 128 143 125 144 127 144 126 144 127 145 129 145 128 145 128 146 130 146 131 146 131 147 130 147 132 147 129 148 130 148 128 148 132 149 133 149 134 149 130 150 133 150 132 150 134 151 135 151 136 151 133 152 135 152 134 152 135 153 137 153 136 153 136 154 138 154 139 154 139 155 138 155 140 155 137 156 138 156 136 156 138 157 141 157 140 157 140 158 142 158 143 158 141 159 142 159 140 159 144 160 145 160 146 160 145 161 147 161 146 161 143 162 148 162 144 162 142 163 148 163 143 163 144 164 148 164 145 164 145 165 149 165 147 165 149 166 150 166 147 166 148 167 151 167 145 167 152 168 151 168 148 168 149 169 153 169 150 169 153 170 154 170 150 170 152 171 155 171 151 171 151 172 155 172 156 172 153 173 157 173 154 173 157 174 158 174 154 174 155 175 159 175 156 175 156 176 159 176 160 176 157 177 161 177 158 177 161 178 162 178 158 178 159 179 163 179 160 179 160 180 163 180 164 180 161 181 165 181 162 181 165 182 166 182 162 182 163 183 167 183 164 183 164 184 167 184 168 184 165 185 169 185 166 185 167 186 170 186 168 186 168 187 170 187 171 187 169 188 172 188 166 188 166 189 172 189 173 189 170 190 174 190 171 190 171 191 174 191 175 191 173 192 176 192 177 192 172 193 176 193 173 193 174 194 178 194 175 194 174 195 179 195 178 195 176 196 180 196 177 196 177 197 180 197 181 197 179 198 182 198 178 198 179 199 183 199 182 199 181 200 184 200 185 200 180 201 184 201 181 201 183 202 186 202 182 202 183 203 187 203 186 203 185 204 188 204 189 204 184 205 188 205 185 205 187 206 190 206 186 206 187 207 191 207 190 207 189 208 192 208 193 208 188 209 192 209 189 209 191 210 194 210 190 210 192 211 195 211 193 211 191 212 196 212 194 212 196 213 197 213 194 213 196 214 198 214 197 214 197 215 199 215 192 215 192 216 199 216 195 216 198 217 199 217 197 217 195 218 200 218 201 218 199 219 200 219 195 219 201 220 202 220 203 220 200 221 202 221 201 221 203 222 204 222 205 222 202 223 204 223 203 223 205 224 206 224 207 224 207 225 206 225 208 225 204 226 206 226 205 226 206 227 209 227 208 227 208 228 210 228 211 228 209 229 210 229 208 229 211 230 212 230 213 230 210 231 212 231 211 231 213 232 214 232 215 232 212 233 214 233 213 233 214 234 216 234 215 234 215 235 216 235 217 235 216 236 218 236 217 236 217 237 218 237 219 237 219 238 218 238 220 238 218 239 221 239 220 239 220 240 221 240 222 240 221 241 223 241 222 241 223 242 224 242 222 242 222 243 224 243 225 243 224 244 226 244 225 244 225 245 226 245 227 245 226 246 228 246 227 246 227 247 228 247 229 247 228 248 230 248 229 248 229 249 230 249 231 249 230 250 232 250 231 250 231 251 232 251 233 251 233 252 232 252 234 252 232 253 235 253 234 253 235 254 236 254 234 254 234 255 236 255 237 255 237 256 238 256 239 256 236 257 238 257 237 257 239 258 240 258 241 258 238 259 240 259 239 259 241 260 242 260 243 260 240 261 242 261 241 261 243 262 244 262 245 262 242 263 244 263 243 263 245 264 246 264 247 264 247 265 246 265 248 265 244 266 246 266 245 266 246 267 249 267 248 267 248 268 250 268 251 268 249 269 250 269 248 269 251 270 252 270 253 270 253 271 252 271 254 271 250 272 252 272 251 272 252 273 255 273 254 273 254 274 256 274 257 274 255 275 256 275 254 275 257 276 258 276 259 276 256 277 258 277 257 277 259 278 260 278 261 278 261 279 260 279 262 279 258 280 260 280 259 280 260 281 263 281 262 281 262 282 264 282 265 282 263 283 264 283 262 283 264 284 266 284 265 284 265 285 266 285 267 285 267 286 266 286 268 286 266 287 269 287 268 287 269 288 270 288 268 288 268 289 270 289 271 289 270 290 272 290 271 290 271 291 272 291 273 291 272 292 274 292 273 292 273 293 274 293 275 293 274 294 276 294 275 294 275 295 276 295 277 295 277 296 276 296 278 296 276 297 279 297 278 297 279 298 280 298 278 298 278 299 280 299 281 299 281 300 280 300 282 300 280 301 283 301 282 301 282 302 283 302 284 302 283 303 285 303 284 303 284 304 285 304 286 304 285 305 287 305 286 305 287 306 288 306 286 306 286 307 288 307 289 307 288 308 290 308 289 308 289 309 290 309 291 309 290 310 292 310 291 310 291 311 292 311 293 311 292 312 294 312 293 312 293 313 294 313 295 313 296 314 20 314 297 314 20 315 298 315 297 315 294 316 299 316 295 316 296 317 299 317 20 317 295 318 299 318 296 318 20 319 27 319 298 319 27 320 300 320 298 320 301 321 6 321 299 321 299 322 6 322 20 322 27 323 28 323 300 323 28 324 302 324 300 324 6 325 303 325 7 325 301 326 303 326 6 326 28 327 29 327 302 327 29 328 304 328 302 328 7 329 305 329 8 329 303 330 305 330 7 330 29 331 30 331 304 331 30 332 306 332 304 332 8 333 307 333 9 333 305 334 307 334 8 334 30 335 31 335 306 335 31 336 32 336 306 336 307 337 308 337 9 337 9 338 308 338 10 338 31 339 26 339 32 339 308 340 309 340 10 340 10 341 309 341 12 341 12 342 35 342 11 342 309 343 35 343 12 343 310 344 311 344 312 344 312 345 311 345 313 345 311 346 314 346 313 346 313 347 314 347 315 347 311 348 316 348 314 348 316 349 317 349 314 349 316 350 318 350 317 350 318 351 319 351 317 351 318 352 320 352 319 352 320 353 321 353 319 353 320 354 322 354 321 354 322 355 323 355 321 355 323 356 324 356 321 356 323 357 325 357 324 357 325 358 326 358 324 358 325 359 327 359 326 359 325 360 328 360 327 360 328 361 329 361 327 361 328 362 330 362 329 362 330 363 331 363 329 363 330 364 332 364 331 364 332 365 333 365 331 365 332 366 334 366 333 366 332 367 335 367 334 367 335 368 336 368 334 368 337 369 338 369 339 369 340 370 341 370 342 370 335 371 343 371 336 371 340 372 344 372 341 372 345 373 346 373 347 373 347 374 346 374 338 374 338 375 346 375 339 375 336 376 348 376 349 376 343 377 348 377 336 377 343 378 350 378 348 378 351 379 352 379 340 379 344 380 352 380 353 380 340 381 352 381 344 381 346 382 354 382 339 382 339 383 354 383 355 383 351 384 356 384 352 384 357 385 356 385 351 385 354 386 358 386 355 386 355 387 358 387 359 387 350 388 360 388 348 388 348 389 360 389 361 389 362 390 363 390 364 390 365 391 366 391 357 391 357 392 366 392 356 392 359 393 367 393 368 393 358 394 367 394 359 394 369 395 370 395 371 395 371 396 370 396 365 396 365 397 370 397 366 397 367 398 372 398 368 398 368 399 373 399 374 399 372 400 373 400 368 400 369 401 375 401 370 401 376 402 375 402 369 402 360 403 127 403 361 403 360 404 129 404 127 404 361 405 125 405 377 405 127 406 125 406 361 406 360 407 130 407 129 407 378 408 130 408 360 408 125 409 123 409 377 409 377 410 123 410 379 410 374 411 380 411 381 411 381 412 380 412 382 412 373 413 380 413 374 413 378 414 133 414 130 414 383 415 133 415 378 415 376 416 384 416 375 416 123 417 120 417 379 417 379 418 120 418 385 418 386 419 135 419 383 419 383 420 135 420 133 420 120 421 119 421 385 421 385 422 119 422 387 422 388 423 137 423 386 423 386 424 137 424 135 424 119 425 116 425 387 425 387 426 116 426 389 426 390 427 138 427 391 427 391 428 138 428 388 428 388 429 138 429 137 429 116 430 114 430 389 430 389 431 114 431 392 431 376 432 393 432 384 432 394 433 393 433 376 433 390 434 141 434 138 434 395 435 141 435 390 435 380 436 396 436 382 436 382 437 396 437 397 437 114 438 113 438 392 438 392 439 113 439 398 439 398 440 113 440 399 440 400 441 142 441 401 441 401 442 142 442 402 442 402 443 142 443 395 443 395 444 142 444 141 444 113 445 110 445 399 445 399 446 110 446 403 446 403 447 110 447 404 447 404 448 110 448 405 448 394 449 406 449 393 449 407 450 406 450 394 450 400 451 148 451 142 451 408 452 148 452 400 452 110 453 109 453 405 453 405 454 109 454 409 454 397 455 410 455 411 455 396 456 410 456 397 456 412 457 152 457 408 457 408 458 152 458 148 458 407 459 413 459 406 459 414 460 413 460 407 460 409 461 106 461 415 461 109 462 106 462 409 462 412 463 155 463 152 463 416 464 155 464 417 464 417 465 155 465 412 465 415 466 104 466 418 466 106 467 104 467 415 467 414 468 419 468 413 468 410 469 420 469 411 469 411 470 420 470 421 470 421 471 420 471 422 471 423 472 159 472 416 472 416 473 159 473 155 473 104 474 103 474 418 474 418 475 103 475 424 475 425 476 163 476 423 476 423 477 163 477 159 477 414 478 426 478 419 478 427 479 426 479 414 479 103 480 101 480 424 480 424 481 101 481 428 481 422 482 429 482 362 482 420 483 429 483 422 483 425 484 167 484 163 484 101 485 98 485 428 485 428 486 98 486 430 486 427 487 431 487 426 487 432 488 431 488 427 488 433 489 170 489 425 489 425 490 170 490 167 490 429 491 434 491 362 491 362 492 434 492 363 492 98 493 96 493 430 493 433 494 174 494 170 494 431 495 435 495 436 495 432 496 435 496 431 496 430 497 435 497 437 497 437 498 435 498 432 498 434 499 438 499 363 499 92 500 439 500 95 500 95 501 439 501 96 501 96 502 439 502 430 502 430 503 439 503 435 503 363 504 440 504 433 504 438 505 440 505 363 505 433 506 440 506 174 506 174 507 440 507 179 507 90 508 441 508 92 508 92 509 441 509 439 509 440 510 442 510 179 510 179 511 442 511 183 511 442 512 187 512 183 512 90 513 443 513 441 513 442 514 444 514 187 514 90 515 89 515 443 515 89 516 445 516 443 516 444 517 191 517 187 517 446 518 191 518 444 518 89 519 86 519 445 519 86 520 447 520 445 520 446 521 196 521 191 521 448 522 196 522 446 522 448 523 449 523 196 523 447 524 85 524 450 524 86 525 85 525 447 525 449 526 198 526 196 526 449 527 451 527 198 527 450 528 83 528 452 528 85 529 83 529 450 529 451 530 199 530 198 530 453 531 199 531 451 531 452 532 81 532 454 532 454 533 81 533 455 533 455 534 81 534 456 534 83 535 81 535 452 535 457 536 200 536 458 536 458 537 200 537 459 537 459 538 200 538 453 538 453 539 200 539 199 539 456 540 78 540 460 540 460 541 78 541 461 541 81 542 78 542 456 542 462 543 463 543 464 543 457 544 202 544 200 544 465 545 202 545 457 545 461 546 76 546 466 546 78 547 76 547 461 547 465 548 204 548 202 548 467 549 204 549 468 549 468 550 204 550 465 550 466 551 74 551 469 551 76 552 74 552 466 552 467 553 206 553 204 553 470 554 206 554 467 554 469 555 73 555 471 555 74 556 73 556 469 556 472 557 209 557 470 557 470 558 209 558 206 558 73 559 70 559 471 559 471 560 70 560 473 560 474 561 210 561 472 561 472 562 210 562 209 562 473 563 68 563 475 563 70 564 68 564 473 564 474 565 212 565 210 565 476 566 212 566 474 566 475 567 67 567 477 567 68 568 67 568 475 568 476 569 214 569 212 569 67 570 64 570 477 570 478 571 479 571 480 571 481 572 482 572 483 572 481 573 484 573 482 573 476 574 216 574 214 574 479 575 485 575 480 575 486 576 485 576 487 576 487 577 485 577 479 577 481 578 488 578 484 578 489 579 488 579 481 579 484 580 488 580 490 580 485 581 491 581 480 581 480 582 491 582 492 582 489 583 493 583 488 583 494 584 493 584 489 584 492 585 495 585 496 585 491 586 495 586 492 586 497 587 498 587 494 587 494 588 498 588 493 588 495 589 499 589 496 589 496 590 499 590 500 590 501 591 502 591 503 591 503 592 502 592 497 592 497 593 502 593 498 593 499 594 504 594 500 594 504 595 505 595 500 595 500 596 505 596 506 596 501 597 507 597 502 597 508 598 507 598 501 598 506 599 509 599 510 599 510 600 509 600 511 600 505 601 509 601 506 601 508 602 512 602 507 602 513 603 514 603 508 603 508 604 514 604 512 604 511 605 515 605 516 605 509 606 515 606 511 606 517 607 518 607 513 607 513 608 518 608 514 608 58 609 519 609 61 609 218 610 520 610 221 610 56 611 521 611 58 611 58 612 521 612 519 612 520 613 522 613 221 613 221 614 522 614 223 614 516 615 523 615 524 615 515 616 523 616 516 616 61 617 525 617 62 617 62 618 525 618 64 618 64 619 525 619 477 619 519 620 525 620 61 620 477 621 525 621 526 621 476 622 527 622 216 622 216 623 527 623 218 623 218 624 527 624 520 624 464 625 527 625 476 625 223 626 528 626 224 626 522 627 528 627 223 627 54 628 529 628 56 628 56 629 529 629 521 629 530 630 531 630 517 630 517 631 531 631 518 631 524 632 532 632 533 632 533 633 532 633 534 633 523 634 532 634 524 634 530 635 535 635 531 635 54 636 536 636 529 636 52 637 536 637 54 637 528 638 537 638 224 638 224 639 537 639 226 639 538 640 539 640 530 640 530 641 539 641 535 641 532 642 540 642 534 642 534 643 540 643 463 643 538 644 541 644 539 644 542 645 541 645 538 645 525 646 543 646 526 646 542 647 543 647 541 647 526 648 543 648 542 648 464 649 544 649 527 649 52 650 545 650 536 650 537 651 546 651 226 651 226 652 546 652 228 652 463 653 547 653 464 653 540 654 547 654 463 654 464 655 547 655 544 655 543 656 548 656 541 656 52 657 549 657 545 657 50 658 549 658 52 658 546 659 550 659 228 659 228 660 550 660 230 660 550 661 551 661 230 661 50 662 552 662 549 662 48 663 552 663 50 663 551 664 553 664 230 664 230 665 553 665 232 665 48 666 554 666 552 666 48 667 555 667 554 667 553 668 556 668 232 668 556 669 557 669 232 669 48 670 558 670 555 670 47 671 558 671 48 671 47 672 559 672 558 672 557 673 560 673 232 673 232 674 560 674 235 674 47 675 46 675 559 675 46 676 561 676 559 676 235 677 562 677 236 677 560 678 562 678 235 678 46 679 45 679 561 679 45 680 563 680 561 680 562 681 564 681 236 681 564 682 238 682 236 682 564 683 565 683 238 683 45 684 566 684 563 684 42 685 566 685 45 685 565 686 240 686 238 686 565 687 567 687 240 687 42 688 568 688 566 688 42 689 40 689 568 689 40 690 569 690 568 690 570 691 242 691 567 691 567 692 242 692 240 692 40 693 38 693 569 693 570 694 244 694 242 694 571 695 244 695 570 695 38 696 36 696 569 696 569 697 36 697 572 697 571 698 246 698 244 698 36 699 35 699 572 699 573 700 574 700 575 700 301 701 576 701 303 701 258 702 577 702 260 702 299 703 578 703 301 703 301 704 578 704 576 704 577 705 579 705 260 705 260 706 579 706 263 706 576 707 580 707 303 707 258 708 581 708 577 708 256 709 581 709 258 709 294 710 582 710 299 710 299 711 582 711 578 711 579 712 583 712 263 712 303 713 584 713 305 713 580 714 584 714 303 714 256 715 585 715 581 715 255 716 585 716 256 716 294 717 586 717 582 717 583 718 587 718 263 718 294 719 588 719 586 719 587 720 589 720 263 720 263 721 589 721 264 721 292 722 590 722 294 722 294 723 590 723 588 723 589 724 591 724 264 724 305 725 592 725 307 725 584 726 592 726 305 726 255 727 593 727 585 727 252 728 593 728 255 728 290 729 594 729 292 729 292 730 594 730 590 730 591 731 595 731 264 731 264 732 595 732 266 732 592 733 596 733 307 733 307 734 596 734 308 734 308 735 596 735 309 735 252 736 597 736 593 736 250 737 597 737 252 737 595 738 598 738 266 738 266 739 598 739 269 739 290 740 599 740 594 740 596 741 600 741 309 741 309 742 600 742 35 742 35 743 600 743 572 743 571 744 601 744 246 744 246 745 601 745 249 745 249 746 601 746 250 746 250 747 601 747 597 747 288 748 602 748 290 748 290 749 602 749 599 749 598 750 603 750 269 750 269 751 603 751 270 751 287 752 604 752 288 752 288 753 604 753 602 753 603 754 605 754 270 754 270 755 605 755 272 755 605 756 606 756 272 756 272 757 606 757 274 757 285 758 607 758 287 758 287 759 607 759 604 759 606 760 608 760 274 760 274 761 608 761 276 761 283 762 609 762 285 762 285 763 609 763 607 763 572 764 610 764 611 764 611 765 610 765 612 765 600 766 610 766 572 766 571 767 613 767 601 767 575 768 613 768 571 768 283 769 614 769 609 769 279 770 614 770 280 770 280 771 614 771 283 771 279 772 615 772 614 772 608 773 615 773 276 773 276 774 615 774 279 774 574 775 616 775 575 775 575 776 616 776 613 776 612 777 617 777 618 777 619 778 617 778 610 778 610 779 617 779 612 779 620 780 621 780 574 780 574 781 621 781 616 781 618 782 622 782 623 782 617 783 622 783 618 783 624 784 625 784 626 784 626 785 625 785 620 785 620 786 625 786 621 786 622 787 627 787 623 787 623 788 628 788 629 788 627 789 628 789 623 789 630 790 631 790 624 790 624 791 631 791 625 791 629 792 632 792 633 792 628 793 632 793 629 793 634 794 635 794 615 794 615 795 635 795 614 795 630 796 636 796 631 796 637 797 636 797 630 797 633 798 638 798 639 798 632 799 638 799 633 799 638 800 640 800 639 800 641 801 642 801 643 801 643 802 642 802 637 802 637 803 642 803 636 803 639 804 644 804 645 804 640 805 644 805 639 805 646 806 647 806 641 806 641 807 647 807 642 807 646 808 648 808 647 808 645 809 649 809 650 809 650 810 649 810 651 810 644 811 649 811 645 811 652 812 653 812 654 812 655 813 656 813 657 813 634 814 658 814 635 814 659 815 660 815 646 815 646 816 660 816 648 816 651 817 661 817 662 817 649 818 661 818 651 818 655 819 663 819 656 819 659 820 664 820 660 820 665 821 664 821 659 821 662 822 666 822 667 822 661 823 666 823 662 823 634 824 668 824 658 824 669 825 668 825 634 825 667 826 670 826 655 826 655 827 670 827 663 827 666 828 670 828 667 828 654 829 671 829 665 829 665 830 671 830 664 830 672 831 673 831 653 831 653 832 673 832 654 832 654 833 673 833 671 833 670 834 674 834 663 834 672 835 675 835 673 835 668 836 676 836 658 836 668 837 677 837 676 837 678 838 679 838 677 838 677 839 679 839 676 839 678 840 680 840 679 840 680 841 681 841 679 841 680 842 682 842 681 842 682 843 683 843 681 843 682 844 684 844 683 844 684 845 685 845 683 845 686 846 685 846 684 846 686 847 687 847 685 847 687 848 688 848 685 848 687 849 689 849 688 849 688 850 689 850 690 850 689 851 691 851 690 851 689 852 692 852 691 852 692 853 693 853 691 853 692 854 694 854 693 854 694 855 695 855 693 855 694 856 696 856 695 856 696 857 697 857 695 857 696 858 698 858 697 858 699 859 698 859 696 859 698 860 700 860 697 860 700 861 701 861 697 861 572 862 611 862 702 862 702 863 611 863 703 863 558 864 559 864 704 864 704 865 559 865 705 865 705 866 561 866 706 866 559 867 561 867 705 867 706 868 563 868 707 868 561 869 563 869 706 869 707 870 566 870 708 870 708 871 566 871 709 871 563 872 566 872 707 872 566 873 568 873 709 873 709 874 569 874 710 874 568 875 569 875 709 875 710 876 572 876 702 876 569 877 572 877 710 877 703 878 711 878 712 878 712 879 713 879 714 879 714 880 713 880 715 880 711 881 713 881 712 881 611 882 716 882 703 882 612 883 716 883 611 883 703 884 716 884 711 884 715 885 717 885 623 885 618 886 717 886 612 886 623 887 717 887 618 887 716 888 717 888 711 888 713 889 717 889 715 889 711 890 717 890 713 890 612 891 717 891 716 891 552 892 554 892 718 892 718 893 554 893 719 893 719 894 555 894 720 894 554 895 555 895 719 895 720 896 558 896 704 896 555 897 558 897 720 897 715 898 721 898 722 898 722 899 721 899 723 899 723 900 721 900 724 900 724 901 721 901 725 901 725 902 726 902 727 902 727 903 726 903 728 903 728 904 726 904 729 904 729 905 726 905 730 905 730 906 726 906 731 906 731 907 726 907 732 907 721 908 726 908 725 908 623 909 733 909 715 909 629 910 733 910 623 910 633 911 733 911 629 911 639 912 733 912 633 912 645 913 733 913 639 913 715 914 733 914 721 914 732 915 734 915 657 915 650 916 734 916 645 916 651 917 734 917 650 917 662 918 734 918 651 918 667 919 734 919 662 919 655 920 734 920 667 920 657 921 734 921 655 921 721 922 734 922 726 922 733 923 734 923 721 923 726 924 734 924 732 924 645 925 734 925 733 925 525 926 519 926 735 926 735 927 519 927 736 927 736 928 521 928 737 928 519 929 521 929 736 929 737 930 529 930 738 930 521 931 529 931 737 931 738 932 536 932 739 932 529 933 536 933 738 933 739 934 545 934 740 934 536 935 545 935 739 935 740 936 549 936 741 936 545 937 549 937 740 937 741 938 552 938 718 938 549 939 552 939 741 939 657 940 656 940 732 940 732 941 656 941 742 941 742 942 663 942 743 942 743 943 663 943 744 943 656 944 663 944 742 944 663 945 674 945 744 945 543 946 525 946 745 946 745 947 525 947 735 947 744 948 746 948 747 948 747 949 746 949 748 949 748 950 746 950 749 950 749 951 746 951 750 951 750 952 746 952 751 952 751 953 752 953 753 953 753 954 752 954 754 954 754 955 752 955 755 955 755 956 752 956 756 956 756 957 752 957 757 957 746 958 752 958 751 958 674 959 758 959 744 959 670 960 758 960 674 960 666 961 758 961 670 961 661 962 758 962 666 962 649 963 758 963 661 963 644 964 758 964 649 964 744 965 758 965 746 965 757 966 759 966 627 966 640 967 759 967 644 967 638 968 759 968 640 968 632 969 759 969 638 969 628 970 759 970 632 970 627 971 759 971 628 971 644 972 759 972 758 972 758 973 759 973 746 973 752 974 759 974 757 974 746 975 759 975 752 975 760 976 761 976 762 976 762 977 761 977 763 977 763 978 764 978 765 978 765 979 764 979 745 979 761 980 764 980 763 980 535 981 766 981 760 981 539 982 766 982 535 982 541 983 766 983 539 983 760 984 766 984 761 984 745 985 767 985 543 985 548 986 767 986 541 986 543 987 767 987 548 987 761 988 767 988 764 988 764 989 767 989 745 989 541 990 767 990 766 990 766 991 767 991 761 991 757 992 768 992 769 992 769 993 768 993 770 993 770 994 771 994 772 994 772 995 771 995 773 995 768 996 771 996 770 996 627 997 774 997 757 997 622 998 774 998 627 998 617 999 774 999 622 999 757 1000 774 1000 768 1000 773 1001 775 1001 610 1001 619 1002 775 1002 617 1002 610 1003 775 1003 619 1003 768 1004 775 1004 771 1004 771 1005 775 1005 773 1005 617 1006 775 1006 774 1006 774 1007 775 1007 768 1007 776 1008 777 1008 778 1008 778 1009 777 1009 779 1009 779 1010 777 1010 780 1010 780 1011 777 1011 781 1011 781 1012 777 1012 782 1012 782 1013 783 1013 784 1013 784 1014 783 1014 785 1014 785 1015 783 1015 786 1015 786 1016 783 1016 787 1016 787 1017 783 1017 760 1017 777 1018 783 1018 782 1018 490 1019 788 1019 776 1019 488 1020 788 1020 490 1020 493 1021 788 1021 488 1021 498 1022 788 1022 493 1022 502 1023 788 1023 498 1023 507 1024 788 1024 502 1024 776 1025 788 1025 777 1025 760 1026 789 1026 535 1026 512 1027 789 1027 507 1027 514 1028 789 1028 512 1028 518 1029 789 1029 514 1029 531 1030 789 1030 518 1030 535 1031 789 1031 531 1031 507 1032 789 1032 788 1032 788 1033 789 1033 777 1033 783 1034 789 1034 760 1034 777 1035 789 1035 783 1035 610 1036 600 1036 773 1036 773 1037 600 1037 790 1037 483 1038 482 1038 791 1038 791 1039 482 1039 792 1039 792 1040 484 1040 793 1040 482 1041 484 1041 792 1041 793 1042 490 1042 776 1042 484 1043 490 1043 793 1043 600 1044 596 1044 790 1044 790 1045 596 1045 794 1045 794 1046 592 1046 795 1046 596 1047 592 1047 794 1047 795 1048 584 1048 796 1048 592 1049 584 1049 795 1049 796 1050 580 1050 797 1050 797 1051 580 1051 798 1051 584 1052 580 1052 796 1052 580 1053 576 1053 798 1053 798 1054 578 1054 799 1054 576 1055 578 1055 798 1055 799 1056 582 1056 800 1056 578 1057 582 1057 799 1057 801 1058 802 1058 803 1058 803 1059 802 1059 804 1059 804 1060 802 1060 805 1060 805 1061 802 1061 806 1061 806 1062 807 1062 808 1062 808 1063 807 1063 809 1063 809 1064 807 1064 810 1064 810 1065 807 1065 811 1065 811 1066 807 1066 812 1066 812 1067 807 1067 791 1067 802 1068 807 1068 806 1068 530 1069 813 1069 801 1069 517 1070 813 1070 530 1070 513 1071 813 1071 517 1071 508 1072 813 1072 513 1072 501 1073 813 1073 508 1073 801 1074 813 1074 802 1074 791 1075 814 1075 483 1075 503 1076 814 1076 501 1076 497 1077 814 1077 503 1077 494 1078 814 1078 497 1078 489 1079 814 1079 494 1079 481 1080 814 1080 489 1080 483 1081 814 1081 481 1081 802 1082 814 1082 807 1082 813 1083 814 1083 802 1083 807 1084 814 1084 791 1084 501 1085 814 1085 813 1085 582 1086 586 1086 800 1086 800 1087 586 1087 815 1087 815 1088 588 1088 816 1088 816 1089 588 1089 817 1089 586 1090 588 1090 815 1090 588 1091 590 1091 817 1091 818 1092 819 1092 820 1092 820 1093 821 1093 822 1093 822 1094 821 1094 801 1094 819 1095 821 1095 820 1095 526 1096 823 1096 818 1096 542 1097 823 1097 526 1097 818 1098 823 1098 819 1098 801 1099 824 1099 530 1099 538 1100 824 1100 542 1100 530 1101 824 1101 538 1101 823 1102 824 1102 819 1102 821 1103 824 1103 801 1103 819 1104 824 1104 821 1104 542 1105 824 1105 823 1105 590 1106 594 1106 817 1106 817 1107 594 1107 825 1107 825 1108 599 1108 826 1108 594 1109 599 1109 825 1109 826 1110 602 1110 827 1110 827 1111 602 1111 828 1111 599 1112 602 1112 826 1112 602 1113 604 1113 828 1113 828 1114 607 1114 829 1114 604 1115 607 1115 828 1115 829 1116 609 1116 830 1116 607 1117 609 1117 829 1117 830 1118 614 1118 831 1118 609 1119 614 1119 830 1119 477 1120 526 1120 832 1120 832 1121 526 1121 818 1121 614 1122 635 1122 831 1122 831 1123 635 1123 833 1123 460 1124 461 1124 834 1124 834 1125 461 1125 835 1125 835 1126 466 1126 836 1126 461 1127 466 1127 835 1127 836 1128 469 1128 837 1128 466 1129 469 1129 836 1129 837 1130 471 1130 838 1130 469 1131 471 1131 837 1131 838 1132 473 1132 839 1132 471 1133 473 1133 838 1133 839 1134 475 1134 840 1134 473 1135 475 1135 839 1135 840 1136 477 1136 832 1136 475 1137 477 1137 840 1137 833 1138 841 1138 842 1138 842 1139 843 1139 844 1139 844 1140 843 1140 845 1140 841 1141 843 1141 842 1141 635 1142 846 1142 833 1142 658 1143 846 1143 635 1143 833 1144 846 1144 841 1144 845 1145 847 1145 679 1145 676 1146 847 1146 658 1146 679 1147 847 1147 676 1147 846 1148 847 1148 841 1148 843 1149 847 1149 845 1149 841 1150 847 1150 843 1150 658 1151 847 1151 846 1151 454 1152 455 1152 848 1152 848 1153 455 1153 849 1153 849 1154 456 1154 850 1154 455 1155 456 1155 849 1155 850 1156 460 1156 834 1156 456 1157 460 1157 850 1157 845 1158 851 1158 852 1158 852 1159 851 1159 853 1159 853 1160 851 1160 854 1160 854 1161 851 1161 855 1161 855 1162 856 1162 857 1162 857 1163 856 1163 858 1163 858 1164 856 1164 859 1164 859 1165 856 1165 860 1165 860 1166 856 1166 861 1166 861 1167 856 1167 862 1167 851 1168 856 1168 855 1168 679 1169 863 1169 845 1169 681 1170 863 1170 679 1170 683 1171 863 1171 681 1171 685 1172 863 1172 683 1172 688 1173 863 1173 685 1173 845 1174 863 1174 851 1174 862 1175 864 1175 701 1175 690 1176 864 1176 688 1176 691 1177 864 1177 690 1177 693 1178 864 1178 691 1178 695 1179 864 1179 693 1179 697 1180 864 1180 695 1180 701 1181 864 1181 697 1181 851 1182 864 1182 856 1182 863 1183 864 1183 851 1183 856 1184 864 1184 862 1184 688 1185 864 1185 863 1185 439 1186 441 1186 865 1186 865 1187 441 1187 866 1187 866 1188 443 1188 867 1188 441 1189 443 1189 866 1189 867 1190 445 1190 868 1190 443 1191 445 1191 867 1191 868 1192 447 1192 869 1192 445 1193 447 1193 868 1193 869 1194 450 1194 870 1194 447 1195 450 1195 869 1195 870 1196 452 1196 871 1196 450 1197 452 1197 870 1197 871 1198 454 1198 848 1198 452 1199 454 1199 871 1199 701 1200 700 1200 862 1200 862 1201 700 1201 872 1201 872 1202 698 1202 873 1202 873 1203 698 1203 874 1203 700 1204 698 1204 872 1204 698 1205 699 1205 874 1205 435 1206 439 1206 875 1206 875 1207 439 1207 865 1207 874 1208 876 1208 877 1208 877 1209 876 1209 878 1209 878 1210 876 1210 879 1210 879 1211 876 1211 880 1211 880 1212 876 1212 881 1212 881 1213 882 1213 883 1213 883 1214 882 1214 884 1214 884 1215 882 1215 885 1215 885 1216 882 1216 886 1216 886 1217 882 1217 887 1217 876 1218 882 1218 881 1218 699 1219 888 1219 874 1219 696 1220 888 1220 699 1220 694 1221 888 1221 696 1221 692 1222 888 1222 694 1222 689 1223 888 1223 692 1223 687 1224 888 1224 689 1224 874 1225 888 1225 876 1225 887 1226 889 1226 678 1226 686 1227 889 1227 687 1227 684 1228 889 1228 686 1228 682 1229 889 1229 684 1229 680 1230 889 1230 682 1230 678 1231 889 1231 680 1231 687 1232 889 1232 888 1232 888 1233 889 1233 876 1233 882 1234 889 1234 887 1234 876 1235 889 1235 882 1235 890 1236 891 1236 892 1236 892 1237 891 1237 893 1237 893 1238 894 1238 895 1238 895 1239 894 1239 875 1239 891 1240 894 1240 893 1240 419 1241 896 1241 890 1241 426 1242 896 1242 419 1242 431 1243 896 1243 426 1243 890 1244 896 1244 891 1244 875 1245 897 1245 435 1245 436 1246 897 1246 431 1246 435 1247 897 1247 436 1247 891 1248 897 1248 894 1248 894 1249 897 1249 875 1249 431 1250 897 1250 896 1250 896 1251 897 1251 891 1251 887 1252 898 1252 899 1252 899 1253 898 1253 900 1253 900 1254 901 1254 902 1254 902 1255 901 1255 903 1255 898 1256 901 1256 900 1256 678 1257 904 1257 887 1257 677 1258 904 1258 678 1258 668 1259 904 1259 677 1259 887 1260 904 1260 898 1260 903 1261 905 1261 634 1261 669 1262 905 1262 668 1262 634 1263 905 1263 669 1263 898 1264 905 1264 901 1264 901 1265 905 1265 903 1265 668 1266 905 1266 904 1266 904 1267 905 1267 898 1267 906 1268 907 1268 908 1268 908 1269 907 1269 909 1269 909 1270 907 1270 910 1270 910 1271 907 1271 911 1271 911 1272 907 1272 912 1272 912 1273 913 1273 914 1273 914 1274 913 1274 915 1274 915 1275 913 1275 916 1275 916 1276 913 1276 917 1276 917 1277 913 1277 890 1277 907 1278 913 1278 912 1278 353 1279 918 1279 906 1279 352 1280 918 1280 353 1280 356 1281 918 1281 352 1281 366 1282 918 1282 356 1282 370 1283 918 1283 366 1283 375 1284 918 1284 370 1284 906 1285 918 1285 907 1285 890 1286 919 1286 419 1286 384 1287 919 1287 375 1287 393 1288 919 1288 384 1288 406 1289 919 1289 393 1289 413 1290 919 1290 406 1290 419 1291 919 1291 413 1291 375 1292 919 1292 918 1292 918 1293 919 1293 907 1293 913 1294 919 1294 890 1294 907 1295 919 1295 913 1295 634 1296 615 1296 903 1296 903 1297 615 1297 920 1297 342 1298 341 1298 921 1298 921 1299 341 1299 922 1299 922 1300 344 1300 923 1300 923 1301 344 1301 906 1301 341 1302 344 1302 922 1302 344 1303 353 1303 906 1303 615 1304 608 1304 920 1304 920 1305 608 1305 924 1305 924 1306 606 1306 925 1306 608 1307 606 1307 924 1307 925 1308 605 1308 926 1308 606 1309 605 1309 925 1309 926 1310 603 1310 927 1310 605 1311 603 1311 926 1311 927 1312 598 1312 928 1312 603 1313 598 1313 927 1313 928 1314 595 1314 929 1314 598 1315 595 1315 928 1315 929 1316 591 1316 930 1316 595 1317 591 1317 929 1317 931 1318 932 1318 933 1318 933 1319 932 1319 934 1319 934 1320 932 1320 935 1320 935 1321 932 1321 936 1321 936 1322 937 1322 938 1322 938 1323 937 1323 939 1323 939 1324 937 1324 940 1324 940 1325 937 1325 941 1325 941 1326 937 1326 942 1326 942 1327 937 1327 921 1327 932 1328 937 1328 936 1328 414 1329 943 1329 931 1329 407 1330 943 1330 414 1330 394 1331 943 1331 407 1331 376 1332 943 1332 394 1332 369 1333 943 1333 376 1333 931 1334 943 1334 932 1334 921 1335 944 1335 342 1335 371 1336 944 1336 369 1336 365 1337 944 1337 371 1337 357 1338 944 1338 365 1338 351 1339 944 1339 357 1339 340 1340 944 1340 351 1340 342 1341 944 1341 340 1341 932 1342 944 1342 937 1342 943 1343 944 1343 932 1343 937 1344 944 1344 921 1344 369 1345 944 1345 943 1345 591 1346 589 1346 930 1346 930 1347 589 1347 945 1347 945 1348 587 1348 946 1348 946 1349 587 1349 947 1349 589 1350 587 1350 945 1350 587 1351 583 1351 947 1351 948 1352 949 1352 950 1352 950 1353 951 1353 952 1353 952 1354 951 1354 931 1354 949 1355 951 1355 950 1355 437 1356 953 1356 948 1356 432 1357 953 1357 437 1357 948 1358 953 1358 949 1358 931 1359 954 1359 414 1359 427 1360 954 1360 432 1360 414 1361 954 1361 427 1361 953 1362 954 1362 949 1362 951 1363 954 1363 931 1363 949 1364 954 1364 951 1364 432 1365 954 1365 953 1365 583 1366 579 1366 947 1366 947 1367 579 1367 955 1367 955 1368 577 1368 956 1368 579 1369 577 1369 955 1369 956 1370 581 1370 957 1370 957 1371 581 1371 958 1371 577 1372 581 1372 956 1372 581 1373 585 1373 958 1373 958 1374 593 1374 959 1374 585 1375 593 1375 958 1375 959 1376 597 1376 960 1376 960 1377 597 1377 961 1377 593 1378 597 1378 959 1378 597 1379 601 1379 961 1379 430 1380 437 1380 962 1380 962 1381 437 1381 948 1381 601 1382 613 1382 961 1382 961 1383 613 1383 963 1383 404 1384 405 1384 964 1384 964 1385 405 1385 965 1385 965 1386 409 1386 966 1386 405 1387 409 1387 965 1387 966 1388 415 1388 967 1388 967 1389 415 1389 968 1389 409 1390 415 1390 966 1390 415 1391 418 1391 968 1391 968 1392 424 1392 969 1392 418 1393 424 1393 968 1393 969 1394 428 1394 970 1394 424 1395 428 1395 969 1395 970 1396 430 1396 962 1396 428 1397 430 1397 970 1397 963 1398 971 1398 972 1398 972 1399 973 1399 974 1399 974 1400 973 1400 975 1400 971 1401 973 1401 972 1401 613 1402 976 1402 963 1402 616 1403 976 1403 613 1403 963 1404 976 1404 971 1404 975 1405 977 1405 625 1405 621 1406 977 1406 616 1406 625 1407 977 1407 621 1407 976 1408 977 1408 971 1408 973 1409 977 1409 975 1409 971 1410 977 1410 973 1410 616 1411 977 1411 976 1411 398 1412 399 1412 978 1412 978 1413 399 1413 979 1413 979 1414 403 1414 980 1414 980 1415 403 1415 964 1415 399 1416 403 1416 979 1416 403 1417 404 1417 964 1417 975 1418 981 1418 982 1418 982 1419 981 1419 983 1419 983 1420 981 1420 984 1420 984 1421 981 1421 985 1421 985 1422 986 1422 987 1422 987 1423 986 1423 988 1423 988 1424 986 1424 989 1424 989 1425 986 1425 990 1425 990 1426 986 1426 991 1426 991 1427 986 1427 992 1427 981 1428 986 1428 985 1428 625 1429 993 1429 975 1429 631 1430 993 1430 625 1430 636 1431 993 1431 631 1431 642 1432 993 1432 636 1432 647 1433 993 1433 642 1433 975 1434 993 1434 981 1434 992 1435 994 1435 675 1435 648 1436 994 1436 647 1436 660 1437 994 1437 648 1437 664 1438 994 1438 660 1438 671 1439 994 1439 664 1439 673 1440 994 1440 671 1440 675 1441 994 1441 673 1441 981 1442 994 1442 986 1442 993 1443 994 1443 981 1443 986 1444 994 1444 992 1444 647 1445 994 1445 993 1445 361 1446 377 1446 995 1446 995 1447 377 1447 996 1447 996 1448 379 1448 997 1448 377 1449 379 1449 996 1449 997 1450 385 1450 998 1450 379 1451 385 1451 997 1451 998 1452 387 1452 999 1452 385 1453 387 1453 998 1453 999 1454 389 1454 1000 1454 387 1455 389 1455 999 1455 1000 1456 392 1456 1001 1456 389 1457 392 1457 1000 1457 1001 1458 398 1458 978 1458 392 1459 398 1459 1001 1459 675 1460 672 1460 992 1460 992 1461 672 1461 1002 1461 1002 1462 653 1462 1003 1462 1003 1463 653 1463 1004 1463 672 1464 653 1464 1002 1464 653 1465 652 1465 1004 1465 348 1466 361 1466 1005 1466 1005 1467 361 1467 995 1467 1004 1468 1006 1468 1007 1468 1007 1469 1006 1469 1008 1469 1008 1470 1006 1470 1009 1470 1009 1471 1006 1471 1010 1471 1010 1472 1006 1472 1011 1472 1011 1473 1012 1473 1013 1473 1013 1474 1012 1474 1014 1474 1014 1475 1012 1475 1015 1475 1015 1476 1012 1476 1016 1476 1016 1477 1012 1477 1017 1477 1006 1478 1012 1478 1011 1478 652 1479 1018 1479 1004 1479 654 1480 1018 1480 652 1480 665 1481 1018 1481 654 1481 659 1482 1018 1482 665 1482 646 1483 1018 1483 659 1483 641 1484 1018 1484 646 1484 1004 1485 1018 1485 1006 1485 1017 1486 1019 1486 626 1486 643 1487 1019 1487 641 1487 637 1488 1019 1488 643 1488 630 1489 1019 1489 637 1489 624 1490 1019 1490 630 1490 626 1491 1019 1491 624 1491 641 1492 1019 1492 1018 1492 1018 1493 1019 1493 1006 1493 1012 1494 1019 1494 1017 1494 1006 1495 1019 1495 1012 1495 1020 1496 1021 1496 1022 1496 1022 1497 1021 1497 1023 1497 1023 1498 1024 1498 1025 1498 1025 1499 1024 1499 1005 1499 1021 1500 1024 1500 1023 1500 333 1501 1026 1501 1020 1501 334 1502 1026 1502 333 1502 336 1503 1026 1503 334 1503 1020 1504 1026 1504 1021 1504 1005 1505 1027 1505 348 1505 349 1506 1027 1506 336 1506 348 1507 1027 1507 349 1507 1021 1508 1027 1508 1024 1508 1024 1509 1027 1509 1005 1509 336 1510 1027 1510 1026 1510 1026 1511 1027 1511 1021 1511 1017 1512 1028 1512 1029 1512 1029 1513 1028 1513 1030 1513 1030 1514 1031 1514 1032 1514 1032 1515 1031 1515 1033 1515 1028 1516 1031 1516 1030 1516 626 1517 1034 1517 1017 1517 620 1518 1034 1518 626 1518 574 1519 1034 1519 620 1519 1017 1520 1034 1520 1028 1520 1033 1521 1035 1521 575 1521 573 1522 1035 1522 574 1522 575 1523 1035 1523 573 1523 1028 1524 1035 1524 1031 1524 1031 1525 1035 1525 1033 1525 574 1526 1035 1526 1034 1526 1034 1527 1035 1527 1028 1527 1036 1528 1037 1528 1038 1528 1038 1529 1037 1529 1039 1529 1039 1530 1037 1530 1040 1530 1040 1531 1037 1531 1041 1531 1041 1532 1037 1532 1042 1532 1042 1533 1043 1533 1044 1533 1044 1534 1043 1534 1045 1534 1045 1535 1043 1535 1046 1535 1046 1536 1043 1536 1047 1536 1047 1537 1043 1537 1020 1537 1037 1538 1043 1538 1042 1538 315 1539 1048 1539 1036 1539 314 1540 1048 1540 315 1540 317 1541 1048 1541 314 1541 319 1542 1048 1542 317 1542 321 1543 1048 1543 319 1543 324 1544 1048 1544 321 1544 1036 1545 1048 1545 1037 1545 1020 1546 1049 1546 333 1546 326 1547 1049 1547 324 1547 327 1548 1049 1548 326 1548 329 1549 1049 1549 327 1549 331 1550 1049 1550 329 1550 333 1551 1049 1551 331 1551 324 1552 1049 1552 1048 1552 1048 1553 1049 1553 1037 1553 1043 1554 1049 1554 1020 1554 1037 1555 1049 1555 1043 1555 575 1556 571 1556 1033 1556 1033 1557 571 1557 1050 1557 310 1558 312 1558 1051 1558 1051 1559 312 1559 1052 1559 1052 1560 313 1560 1053 1560 312 1561 313 1561 1052 1561 1053 1562 315 1562 1036 1562 313 1563 315 1563 1053 1563 571 1564 570 1564 1050 1564 1050 1565 570 1565 1054 1565 1054 1566 567 1566 1055 1566 570 1567 567 1567 1054 1567 1055 1568 565 1568 1056 1568 567 1569 565 1569 1055 1569 1056 1570 564 1570 1057 1570 565 1571 564 1571 1056 1571 1057 1572 562 1572 1058 1572 564 1573 562 1573 1057 1573 1058 1574 560 1574 1059 1574 562 1575 560 1575 1058 1575 1059 1576 557 1576 1060 1576 560 1577 557 1577 1059 1577 1061 1578 1062 1578 1063 1578 1063 1579 1062 1579 1064 1579 1064 1580 1062 1580 1065 1580 1065 1581 1062 1581 1066 1581 1066 1582 1067 1582 1068 1582 1068 1583 1067 1583 1069 1583 1069 1584 1067 1584 1070 1584 1070 1585 1067 1585 1071 1585 1071 1586 1067 1586 1072 1586 1072 1587 1067 1587 1051 1587 1062 1588 1067 1588 1066 1588 332 1589 1073 1589 1061 1589 330 1590 1073 1590 332 1590 328 1591 1073 1591 330 1591 325 1592 1073 1592 328 1592 323 1593 1073 1593 325 1593 1061 1594 1073 1594 1062 1594 1051 1595 1074 1595 310 1595 322 1596 1074 1596 323 1596 320 1597 1074 1597 322 1597 318 1598 1074 1598 320 1598 316 1599 1074 1599 318 1599 311 1600 1074 1600 316 1600 310 1601 1074 1601 311 1601 1062 1602 1074 1602 1067 1602 1073 1603 1074 1603 1062 1603 1067 1604 1074 1604 1051 1604 323 1605 1074 1605 1073 1605 557 1606 556 1606 1060 1606 1060 1607 556 1607 1075 1607 1075 1608 553 1608 1076 1608 556 1609 553 1609 1075 1609 1076 1610 551 1610 1077 1610 553 1611 551 1611 1076 1611 1078 1612 1079 1612 1080 1612 1080 1613 1081 1613 1082 1613 1082 1614 1081 1614 1061 1614 1079 1615 1081 1615 1080 1615 350 1616 1083 1616 1078 1616 343 1617 1083 1617 350 1617 1078 1618 1083 1618 1079 1618 1061 1619 1084 1619 332 1619 335 1620 1084 1620 343 1620 332 1621 1084 1621 335 1621 1083 1622 1084 1622 1079 1622 1081 1623 1084 1623 1061 1623 1079 1624 1084 1624 1081 1624 343 1625 1084 1625 1083 1625 551 1626 550 1626 1077 1626 1077 1627 550 1627 1085 1627 1085 1628 546 1628 1086 1628 550 1629 546 1629 1085 1629 1086 1630 537 1630 1087 1630 546 1631 537 1631 1086 1631 1087 1632 528 1632 1088 1632 537 1633 528 1633 1087 1633 1088 1634 522 1634 1089 1634 1089 1635 522 1635 1090 1635 528 1636 522 1636 1088 1636 522 1637 520 1637 1090 1637 1090 1638 527 1638 1091 1638 520 1639 527 1639 1090 1639 360 1640 350 1640 1092 1640 1092 1641 350 1641 1078 1641 527 1642 544 1642 1091 1642 1091 1643 544 1643 1093 1643 395 1644 390 1644 1094 1644 1094 1645 390 1645 1095 1645 1095 1646 391 1646 1096 1646 390 1647 391 1647 1095 1647 1096 1648 388 1648 1097 1648 1097 1649 388 1649 1098 1649 391 1650 388 1650 1096 1650 388 1651 386 1651 1098 1651 1098 1652 383 1652 1099 1652 386 1653 383 1653 1098 1653 1099 1654 378 1654 1100 1654 383 1655 378 1655 1099 1655 1100 1656 360 1656 1092 1656 378 1657 360 1657 1100 1657 1093 1658 1101 1658 1102 1658 1102 1659 1103 1659 1104 1659 1104 1660 1103 1660 1105 1660 1101 1661 1103 1661 1102 1661 544 1662 1106 1662 1093 1662 547 1663 1106 1663 544 1663 1093 1664 1106 1664 1101 1664 1105 1665 1107 1665 532 1665 540 1666 1107 1666 547 1666 532 1667 1107 1667 540 1667 1106 1668 1107 1668 1101 1668 1103 1669 1107 1669 1105 1669 1101 1670 1107 1670 1103 1670 547 1671 1107 1671 1106 1671 400 1672 401 1672 1108 1672 1108 1673 401 1673 1109 1673 1109 1674 402 1674 1110 1674 1110 1675 402 1675 1094 1675 401 1676 402 1676 1109 1676 402 1677 395 1677 1094 1677 1105 1678 1111 1678 1112 1678 1112 1679 1111 1679 1113 1679 1113 1680 1111 1680 1114 1680 1114 1681 1111 1681 1115 1681 1115 1682 1116 1682 1117 1682 1117 1683 1116 1683 1118 1683 1118 1684 1116 1684 1119 1684 1119 1685 1116 1685 1120 1685 1120 1686 1116 1686 1121 1686 1121 1687 1116 1687 1122 1687 1111 1688 1116 1688 1115 1688 532 1689 1123 1689 1105 1689 523 1690 1123 1690 532 1690 515 1691 1123 1691 523 1691 509 1692 1123 1692 515 1692 505 1693 1123 1693 509 1693 1105 1694 1123 1694 1111 1694 1122 1695 1124 1695 486 1695 504 1696 1124 1696 505 1696 499 1697 1124 1697 504 1697 495 1698 1124 1698 499 1698 491 1699 1124 1699 495 1699 485 1700 1124 1700 491 1700 486 1701 1124 1701 485 1701 1111 1702 1124 1702 1116 1702 1123 1703 1124 1703 1111 1703 1116 1704 1124 1704 1122 1704 505 1705 1124 1705 1123 1705 433 1706 425 1706 1125 1706 1125 1707 425 1707 1126 1707 1126 1708 423 1708 1127 1708 425 1709 423 1709 1126 1709 1127 1710 416 1710 1128 1710 423 1711 416 1711 1127 1711 1128 1712 417 1712 1129 1712 1129 1713 417 1713 1130 1713 416 1714 417 1714 1128 1714 417 1715 412 1715 1130 1715 1130 1716 408 1716 1131 1716 412 1717 408 1717 1130 1717 1131 1718 400 1718 1108 1718 408 1719 400 1719 1131 1719 486 1720 487 1720 1122 1720 1122 1721 487 1721 1132 1721 1132 1722 479 1722 1133 1722 1133 1723 479 1723 1134 1723 487 1724 479 1724 1132 1724 479 1725 478 1725 1134 1725 363 1726 433 1726 1135 1726 1135 1727 433 1727 1125 1727 1134 1728 1136 1728 1137 1728 1137 1729 1136 1729 1138 1729 1138 1730 1136 1730 1139 1730 1139 1731 1136 1731 1140 1731 1140 1732 1136 1732 1141 1732 1141 1733 1142 1733 1143 1733 1143 1734 1142 1734 1144 1734 1144 1735 1142 1735 1145 1735 1145 1736 1142 1736 1146 1736 1146 1737 1142 1737 1147 1737 1136 1738 1142 1738 1141 1738 478 1739 1148 1739 1134 1739 480 1740 1148 1740 478 1740 492 1741 1148 1741 480 1741 496 1742 1148 1742 492 1742 500 1743 1148 1743 496 1743 506 1744 1148 1744 500 1744 1134 1745 1148 1745 1136 1745 1147 1746 1149 1746 533 1746 510 1747 1149 1747 506 1747 511 1748 1149 1748 510 1748 516 1749 1149 1749 511 1749 524 1750 1149 1750 516 1750 533 1751 1149 1751 524 1751 506 1752 1149 1752 1148 1752 1148 1753 1149 1753 1136 1753 1142 1754 1149 1754 1147 1754 1136 1755 1149 1755 1142 1755 1150 1756 1151 1756 1152 1756 1152 1757 1151 1757 1153 1757 1153 1758 1154 1758 1155 1758 1155 1759 1154 1759 1135 1759 1151 1760 1154 1760 1153 1760 421 1761 1156 1761 1150 1761 422 1762 1156 1762 421 1762 362 1763 1156 1763 422 1763 1150 1764 1156 1764 1151 1764 1135 1765 1157 1765 363 1765 364 1766 1157 1766 362 1766 363 1767 1157 1767 364 1767 1151 1768 1157 1768 1154 1768 1154 1769 1157 1769 1135 1769 362 1770 1157 1770 1156 1770 1156 1771 1157 1771 1151 1771 1147 1772 1158 1772 1159 1772 1159 1773 1158 1773 1160 1773 1160 1774 1161 1774 1162 1774 1162 1775 1161 1775 1163 1775 1158 1776 1161 1776 1160 1776 533 1777 1164 1777 1147 1777 534 1778 1164 1778 533 1778 463 1779 1164 1779 534 1779 1147 1780 1164 1780 1158 1780 1163 1781 1165 1781 464 1781 462 1782 1165 1782 463 1782 464 1783 1165 1783 462 1783 1158 1784 1165 1784 1161 1784 1161 1785 1165 1785 1163 1785 463 1786 1165 1786 1164 1786 1164 1787 1165 1787 1158 1787 1166 1788 1167 1788 1168 1788 1168 1789 1167 1789 1169 1789 1169 1790 1167 1790 1170 1790 1170 1791 1167 1791 1171 1791 1171 1792 1167 1792 1172 1792 1172 1793 1173 1793 1174 1793 1174 1794 1173 1794 1175 1794 1175 1795 1173 1795 1176 1795 1176 1796 1173 1796 1177 1796 1177 1797 1173 1797 1150 1797 1167 1798 1173 1798 1172 1798 337 1799 1178 1799 1166 1799 339 1800 1178 1800 337 1800 355 1801 1178 1801 339 1801 359 1802 1178 1802 355 1802 368 1803 1178 1803 359 1803 374 1804 1178 1804 368 1804 1166 1805 1178 1805 1167 1805 1150 1806 1179 1806 421 1806 381 1807 1179 1807 374 1807 382 1808 1179 1808 381 1808 397 1809 1179 1809 382 1809 411 1810 1179 1810 397 1810 421 1811 1179 1811 411 1811 374 1812 1179 1812 1178 1812 1178 1813 1179 1813 1167 1813 1173 1814 1179 1814 1150 1814 1167 1815 1179 1815 1173 1815 464 1816 476 1816 1163 1816 1163 1817 476 1817 1180 1817 345 1818 347 1818 1181 1818 1181 1819 347 1819 1182 1819 1182 1820 338 1820 1183 1820 1183 1821 338 1821 1166 1821 347 1822 338 1822 1182 1822 338 1823 337 1823 1166 1823 476 1824 474 1824 1180 1824 1180 1825 474 1825 1184 1825 1184 1826 472 1826 1185 1826 474 1827 472 1827 1184 1827 1185 1828 470 1828 1186 1828 472 1829 470 1829 1185 1829 1186 1830 467 1830 1187 1830 1187 1831 467 1831 1188 1831 470 1832 467 1832 1186 1832 467 1833 468 1833 1188 1833 1188 1834 465 1834 1189 1834 1189 1835 465 1835 1190 1835 468 1836 465 1836 1188 1836 465 1837 457 1837 1190 1837 1191 1838 1192 1838 1193 1838 1193 1839 1192 1839 1194 1839 1194 1840 1192 1840 1195 1840 1195 1841 1192 1841 1196 1841 1196 1842 1197 1842 1198 1842 1198 1843 1197 1843 1199 1843 1199 1844 1197 1844 1200 1844 1200 1845 1197 1845 1201 1845 1201 1846 1197 1846 1202 1846 1202 1847 1197 1847 1181 1847 1192 1848 1197 1848 1196 1848 420 1849 1203 1849 1191 1849 410 1850 1203 1850 420 1850 396 1851 1203 1851 410 1851 380 1852 1203 1852 396 1852 373 1853 1203 1853 380 1853 1191 1854 1203 1854 1192 1854 1181 1855 1204 1855 345 1855 372 1856 1204 1856 373 1856 367 1857 1204 1857 372 1857 358 1858 1204 1858 367 1858 354 1859 1204 1859 358 1859 346 1860 1204 1860 354 1860 345 1861 1204 1861 346 1861 1192 1862 1204 1862 1197 1862 1203 1863 1204 1863 1192 1863 1197 1864 1204 1864 1181 1864 373 1865 1204 1865 1203 1865 457 1866 458 1866 1190 1866 1190 1867 458 1867 1205 1867 1205 1868 459 1868 1206 1868 458 1869 459 1869 1205 1869 1206 1870 453 1870 1207 1870 459 1871 453 1871 1206 1871 1208 1872 1209 1872 1210 1872 1210 1873 1211 1873 1212 1873 1212 1874 1211 1874 1191 1874 1209 1875 1211 1875 1210 1875 438 1876 1213 1876 1208 1876 434 1877 1213 1877 438 1877 1208 1878 1213 1878 1209 1878 1191 1879 1214 1879 420 1879 429 1880 1214 1880 434 1880 420 1881 1214 1881 429 1881 1213 1882 1214 1882 1209 1882 1211 1883 1214 1883 1191 1883 1209 1884 1214 1884 1211 1884 434 1885 1214 1885 1213 1885 453 1886 451 1886 1207 1886 1207 1887 451 1887 1215 1887 1215 1888 449 1888 1216 1888 451 1889 449 1889 1215 1889 1216 1890 448 1890 1217 1890 1217 1891 448 1891 1218 1891 449 1892 448 1892 1216 1892 448 1893 446 1893 1218 1893 1218 1894 444 1894 1219 1894 446 1895 444 1895 1218 1895 1219 1896 442 1896 1220 1896 444 1897 442 1897 1219 1897 1220 1898 440 1898 1221 1898 442 1899 440 1899 1220 1899 440 1900 438 1900 1221 1900 1221 1901 438 1901 1208 1901 1072 1902 1051 1902 1052 1902 1072 1903 1052 1903 1053 1903 1038 1904 1072 1904 1053 1904 1038 1905 1053 1905 1036 1905 1071 1906 1072 1906 1038 1906 1039 1907 1071 1907 1038 1907 1070 1908 1071 1908 1039 1908 1040 1909 1070 1909 1039 1909 1069 1910 1070 1910 1040 1910 1041 1911 1069 1911 1040 1911 1068 1912 1069 1912 1041 1912 1066 1913 1068 1913 1041 1913 1042 1914 1066 1914 1041 1914 1065 1915 1066 1915 1042 1915 1044 1916 1065 1916 1042 1916 1045 1917 1065 1917 1044 1917 1064 1918 1065 1918 1045 1918 1046 1919 1064 1919 1045 1919 1063 1920 1064 1920 1046 1920 1047 1921 1063 1921 1046 1921 1061 1922 1063 1922 1047 1922 1061 1923 1047 1923 1020 1923 1022 1924 1061 1924 1020 1924 1082 1925 1061 1925 1022 1925 1023 1926 1082 1926 1022 1926 1183 1927 1166 1927 1168 1927 922 1928 942 1928 921 1928 1080 1929 1082 1929 1023 1929 923 1930 942 1930 922 1930 1202 1931 1181 1931 1182 1931 1202 1932 1182 1932 1183 1932 1202 1933 1183 1933 1168 1933 1005 1934 1080 1934 1023 1934 1005 1935 1023 1935 1025 1935 1078 1936 1080 1936 1005 1936 908 1937 941 1937 942 1937 908 1938 923 1938 906 1938 908 1939 942 1939 923 1939 1201 1940 1168 1940 1169 1940 1201 1941 1202 1941 1168 1941 909 1942 940 1942 941 1942 909 1943 941 1943 908 1943 1200 1944 1201 1944 1169 1944 1200 1945 1169 1945 1170 1945 995 1946 1078 1946 1005 1946 995 1947 1092 1947 1078 1947 1135 1948 1153 1948 1155 1948 910 1949 939 1949 940 1949 910 1950 940 1950 909 1950 1100 1951 1092 1951 995 1951 1100 1952 995 1952 996 1952 1199 1953 1200 1953 1170 1953 1199 1954 1170 1954 1171 1954 1099 1955 1100 1955 996 1955 1099 1956 996 1956 997 1956 1098 1957 1099 1957 997 1957 1098 1958 997 1958 998 1958 911 1959 936 1959 938 1959 911 1960 938 1960 939 1960 911 1961 939 1961 910 1961 1198 1962 1199 1962 1171 1962 1097 1963 1098 1963 998 1963 1097 1964 998 1964 999 1964 1196 1965 1171 1965 1172 1965 1196 1966 1198 1966 1171 1966 1096 1967 1097 1967 999 1967 1096 1968 999 1968 1000 1968 912 1969 936 1969 911 1969 912 1970 935 1970 936 1970 1095 1971 1096 1971 1000 1971 1095 1972 1000 1972 1001 1972 1094 1973 1095 1973 1001 1973 1094 1974 1001 1974 978 1974 1195 1975 1172 1975 1174 1975 1195 1976 1174 1976 1175 1976 1195 1977 1196 1977 1172 1977 914 1978 935 1978 912 1978 964 1979 979 1979 980 1979 1108 1980 1109 1980 1110 1980 1108 1981 1110 1981 1094 1981 1108 1982 978 1982 979 1982 1108 1983 1094 1983 978 1983 915 1984 935 1984 914 1984 915 1985 934 1985 935 1985 1194 1986 1175 1986 1176 1986 1194 1987 1195 1987 1175 1987 916 1988 934 1988 915 1988 916 1989 933 1989 934 1989 1193 1990 1176 1990 1177 1990 1193 1991 1194 1991 1176 1991 917 1992 933 1992 916 1992 917 1993 931 1993 933 1993 890 1994 931 1994 917 1994 1191 1995 1177 1995 1150 1995 1191 1996 1150 1996 1152 1996 1191 1997 1193 1997 1177 1997 892 1998 931 1998 890 1998 892 1999 952 1999 931 1999 1212 2000 1152 2000 1153 2000 1212 2001 1191 2001 1152 2001 893 2002 952 2002 892 2002 893 2003 950 2003 952 2003 1210 2004 1212 2004 1153 2004 1210 2005 1153 2005 1135 2005 875 2006 893 2006 895 2006 875 2007 950 2007 893 2007 875 2008 962 2008 948 2008 875 2009 948 2009 950 2009 1208 2010 1210 2010 1135 2010 865 2011 962 2011 875 2011 1221 2012 1208 2012 1135 2012 1221 2013 1135 2013 1125 2013 866 2014 962 2014 865 2014 866 2015 970 2015 962 2015 1220 2016 1125 2016 1126 2016 1220 2017 1221 2017 1125 2017 867 2018 970 2018 866 2018 867 2019 969 2019 970 2019 1219 2020 1126 2020 1127 2020 1219 2021 1220 2021 1126 2021 868 2022 969 2022 867 2022 868 2023 968 2023 969 2023 1218 2024 1219 2024 1127 2024 1218 2025 1127 2025 1128 2025 869 2026 968 2026 868 2026 869 2027 967 2027 968 2027 1217 2028 1218 2028 1128 2028 1217 2029 1128 2029 1129 2029 1217 2030 1129 2030 1130 2030 1216 2031 1217 2031 1130 2031 870 2032 967 2032 869 2032 870 2033 966 2033 967 2033 871 2034 966 2034 870 2034 871 2035 965 2035 966 2035 1215 2036 1130 2036 1131 2036 1215 2037 1216 2037 1130 2037 1207 2038 1131 2038 1108 2038 1207 2039 1215 2039 1131 2039 848 2040 965 2040 871 2040 848 2041 964 2041 965 2041 850 2042 848 2042 849 2042 850 2043 1108 2043 979 2043 850 2044 964 2044 848 2044 850 2045 979 2045 964 2045 1160 2046 1162 2046 1163 2046 1133 2047 1134 2047 1137 2047 792 2048 812 2048 791 2048 793 2049 812 2049 792 2049 1121 2050 1122 2050 1132 2050 1121 2051 1133 2051 1137 2051 1121 2052 1132 2052 1133 2052 778 2053 811 2053 812 2053 778 2054 793 2054 776 2054 778 2055 812 2055 793 2055 1120 2056 1137 2056 1138 2056 1120 2057 1121 2057 1137 2057 779 2058 811 2058 778 2058 779 2059 810 2059 811 2059 1119 2060 1138 2060 1139 2060 1119 2061 1120 2061 1138 2061 780 2062 810 2062 779 2062 780 2063 809 2063 810 2063 1118 2064 1139 2064 1140 2064 1118 2065 1119 2065 1139 2065 781 2066 806 2066 808 2066 781 2067 808 2067 809 2067 781 2068 809 2068 780 2068 1117 2069 1118 2069 1140 2069 1115 2070 1140 2070 1141 2070 1115 2071 1117 2071 1140 2071 782 2072 805 2072 806 2072 782 2073 806 2073 781 2073 1114 2074 1141 2074 1143 2074 1114 2075 1143 2075 1144 2075 1114 2076 1115 2076 1141 2076 784 2077 805 2077 782 2077 785 2078 805 2078 784 2078 785 2079 804 2079 805 2079 1113 2080 1144 2080 1145 2080 1113 2081 1114 2081 1144 2081 786 2082 804 2082 785 2082 786 2083 803 2083 804 2083 736 2084 840 2084 832 2084 737 2085 840 2085 736 2085 737 2086 839 2086 840 2086 1089 2087 1090 2087 1184 2087 1089 2088 1184 2088 1185 2088 1089 2089 1185 2089 1186 2089 1112 2090 1113 2090 1145 2090 1112 2091 1145 2091 1146 2091 735 2092 832 2092 818 2092 735 2093 736 2093 832 2093 1091 2094 1184 2094 1090 2094 1091 2095 1163 2095 1180 2095 1091 2096 1180 2096 1184 2096 1088 2097 1089 2097 1186 2097 1088 2098 1186 2098 1187 2098 738 2099 839 2099 737 2099 738 2100 837 2100 838 2100 738 2101 838 2101 839 2101 787 2102 803 2102 786 2102 787 2103 801 2103 803 2103 1105 2104 1112 2104 1146 2104 1105 2105 1146 2105 1147 2105 1105 2106 1147 2106 1159 2106 760 2107 801 2107 787 2107 739 2108 836 2108 837 2108 739 2109 837 2109 738 2109 1087 2110 1088 2110 1187 2110 762 2111 801 2111 760 2111 762 2112 822 2112 801 2112 1104 2113 1105 2113 1159 2113 1104 2114 1159 2114 1160 2114 763 2115 820 2115 822 2115 763 2116 822 2116 762 2116 745 2117 735 2117 818 2117 745 2118 818 2118 820 2118 745 2119 820 2119 763 2119 1093 2120 1163 2120 1091 2120 740 2121 836 2121 739 2121 1086 2122 1087 2122 1187 2122 1086 2123 1187 2123 1188 2123 1102 2124 1163 2124 1093 2124 1102 2125 1160 2125 1163 2125 1102 2126 1104 2126 1160 2126 765 2127 745 2127 763 2127 741 2128 836 2128 740 2128 741 2129 834 2129 835 2129 741 2130 835 2130 836 2130 1085 2131 1086 2131 1188 2131 1085 2132 1188 2132 1189 2132 1077 2133 1085 2133 1189 2133 1077 2134 1189 2134 1190 2134 1077 2135 1190 2135 1205 2135 1077 2136 1205 2136 1206 2136 718 2137 834 2137 741 2137 1076 2138 1077 2138 1206 2138 1076 2139 1206 2139 1207 2139 719 2140 834 2140 718 2140 720 2141 850 2141 834 2141 720 2142 834 2142 719 2142 1060 2143 1207 2143 1108 2143 1060 2144 1075 2144 1076 2144 1060 2145 1076 2145 1207 2145 704 2146 850 2146 720 2146 1030 2147 1032 2147 1033 2147 798 2148 705 2148 706 2148 798 2149 706 2149 707 2149 799 2150 704 2150 705 2150 799 2151 705 2151 798 2151 955 2152 956 2152 1058 2152 955 2153 1058 2153 1059 2153 955 2154 1059 2154 1060 2154 797 2155 798 2155 707 2155 957 2156 1058 2156 956 2156 957 2157 1057 2157 1058 2157 800 2158 704 2158 799 2158 947 2159 955 2159 1060 2159 796 2160 797 2160 707 2160 796 2161 707 2161 708 2161 958 2162 1056 2162 1057 2162 958 2163 1057 2163 957 2163 945 2164 946 2164 947 2164 930 2165 800 2165 815 2165 930 2166 815 2166 816 2166 930 2167 816 2167 817 2167 930 2168 945 2168 947 2168 930 2169 704 2169 800 2169 930 2170 947 2170 1060 2170 930 2171 1108 2171 850 2171 930 2172 850 2172 704 2172 930 2173 1060 2173 1108 2173 795 2174 796 2174 708 2174 795 2175 708 2175 709 2175 959 2176 1056 2176 958 2176 959 2177 1055 2177 1056 2177 929 2178 930 2178 817 2178 929 2179 817 2179 825 2179 794 2180 795 2180 709 2180 794 2181 709 2181 710 2181 960 2182 1055 2182 959 2182 960 2183 1054 2183 1055 2183 826 2184 929 2184 825 2184 826 2185 928 2185 929 2185 790 2186 710 2186 702 2186 790 2187 794 2187 710 2187 961 2188 1050 2188 1054 2188 961 2189 1054 2189 960 2189 927 2190 826 2190 827 2190 927 2191 928 2191 826 2191 828 2192 927 2192 827 2192 926 2193 927 2193 828 2193 829 2194 926 2194 828 2194 829 2195 925 2195 926 2195 924 2196 925 2196 829 2196 830 2197 924 2197 829 2197 773 2198 702 2198 703 2198 773 2199 703 2199 712 2199 773 2200 790 2200 702 2200 963 2201 1050 2201 961 2201 963 2202 1033 2202 1050 2202 920 2203 924 2203 830 2203 920 2204 830 2204 831 2204 972 2205 1030 2205 1033 2205 972 2206 1033 2206 963 2206 770 2207 712 2207 714 2207 770 2208 772 2208 773 2208 770 2209 773 2209 712 2209 974 2210 1029 2210 1030 2210 974 2211 1030 2211 972 2211 769 2212 714 2212 715 2212 769 2213 770 2213 714 2213 975 2214 1016 2214 1017 2214 975 2215 1017 2215 1029 2215 975 2216 1029 2216 974 2216 757 2217 769 2217 715 2217 756 2218 715 2218 722 2218 756 2219 757 2219 715 2219 982 2220 1015 2220 1016 2220 982 2221 1016 2221 975 2221 755 2222 722 2222 723 2222 755 2223 756 2223 722 2223 833 2224 920 2224 831 2224 833 2225 903 2225 920 2225 983 2226 1014 2226 1015 2226 983 2227 1015 2227 982 2227 754 2228 723 2228 724 2228 754 2229 755 2229 723 2229 753 2230 754 2230 724 2230 984 2231 1014 2231 983 2231 984 2232 1011 2232 1013 2232 984 2233 1013 2233 1014 2233 751 2234 724 2234 725 2234 751 2235 753 2235 724 2235 985 2236 1010 2236 1011 2236 985 2237 1011 2237 984 2237 987 2238 1010 2238 985 2238 750 2239 725 2239 727 2239 750 2240 727 2240 728 2240 750 2241 751 2241 725 2241 1003 2242 1004 2242 1007 2242 742 2243 731 2243 732 2243 842 2244 903 2244 833 2244 988 2245 1009 2245 1010 2245 988 2246 1010 2246 987 2246 749 2247 728 2247 729 2247 749 2248 750 2248 728 2248 743 2249 731 2249 742 2249 989 2250 1008 2250 1009 2250 989 2251 1009 2251 988 2251 748 2252 729 2252 730 2252 748 2253 749 2253 729 2253 900 2254 903 2254 842 2254 900 2255 902 2255 903 2255 747 2256 730 2256 731 2256 747 2257 748 2257 730 2257 747 2258 731 2258 743 2258 990 2259 1008 2259 989 2259 990 2260 1007 2260 1008 2260 991 2261 1007 2261 990 2261 991 2262 1002 2262 1003 2262 991 2263 1003 2263 1007 2263 744 2264 747 2264 743 2264 992 2265 1002 2265 991 2265 844 2266 900 2266 842 2266 899 2267 900 2267 844 2267 845 2268 899 2268 844 2268 845 2269 887 2269 899 2269 886 2270 887 2270 845 2270 852 2271 886 2271 845 2271 885 2272 886 2272 852 2272 853 2273 885 2273 852 2273 884 2274 885 2274 853 2274 854 2275 884 2275 853 2275 854 2276 883 2276 884 2276 881 2277 883 2277 854 2277 855 2278 881 2278 854 2278 880 2279 881 2279 855 2279 880 2280 855 2280 857 2280 858 2281 880 2281 857 2281 879 2282 880 2282 858 2282 859 2283 879 2283 858 2283 878 2284 879 2284 859 2284 860 2285 878 2285 859 2285 877 2286 878 2286 860 2286 861 2287 877 2287 860 2287 873 2288 877 2288 861 2288 873 2289 874 2289 877 2289 872 2290 873 2290 861 2290 862 2291 872 2291 861 2291 132 2292 134 2292 131 2292 122 2293 118 2293 121 2293 124 2294 118 2294 122 2294 126 2295 118 2295 124 2295 128 2296 118 2296 126 2296 118 2297 115 2297 117 2297 136 2298 140 2298 134 2298 139 2299 140 2299 136 2299 128 2300 112 2300 118 2300 131 2301 112 2301 128 2301 118 2302 112 2302 115 2302 112 2303 108 2303 111 2303 143 2304 146 2304 140 2304 144 2305 146 2305 143 2305 108 2306 105 2306 107 2306 112 2307 105 2307 108 2307 150 2308 158 2308 147 2308 154 2309 158 2309 150 2309 102 2310 99 2310 100 2310 162 2311 166 2311 158 2311 99 2312 94 2312 97 2312 102 2313 94 2313 99 2313 94 2314 91 2314 93 2314 177 2315 181 2315 173 2315 94 2316 88 2316 91 2316 173 2317 185 2317 166 2317 181 2318 185 2318 173 2318 185 2319 189 2319 166 2319 147 2320 189 2320 146 2320 158 2321 189 2321 147 2321 166 2322 189 2322 158 2322 94 2323 82 2323 88 2323 87 2324 82 2324 84 2324 88 2325 82 2325 87 2325 193 2326 195 2326 189 2326 195 2327 201 2327 189 2327 94 2328 79 2328 82 2328 82 2329 79 2329 80 2329 105 2330 79 2330 102 2330 102 2331 79 2331 94 2331 79 2332 75 2332 77 2332 205 2333 207 2333 203 2333 207 2334 208 2334 203 2334 75 2335 71 2335 72 2335 208 2336 211 2336 203 2336 203 2337 211 2337 201 2337 71 2338 66 2338 69 2338 75 2339 66 2339 71 2339 211 2340 215 2340 201 2340 213 2341 215 2341 211 2341 201 2342 215 2342 189 2342 75 2343 65 2343 66 2343 219 2344 220 2344 217 2344 60 2345 57 2345 59 2345 222 2346 225 2346 220 2346 225 2347 227 2347 220 2347 220 2348 227 2348 217 2348 217 2349 227 2349 215 2349 57 2350 53 2350 55 2350 63 2351 53 2351 60 2351 65 2352 53 2352 63 2352 60 2353 53 2353 57 2353 227 2354 229 2354 215 2354 229 2355 231 2355 215 2355 53 2356 49 2356 51 2356 49 2357 43 2357 44 2357 79 2358 43 2358 75 2358 75 2359 43 2359 65 2359 65 2360 43 2360 53 2360 53 2361 43 2361 49 2361 231 2362 237 2362 215 2362 233 2363 237 2363 231 2363 234 2364 237 2364 233 2364 237 2365 245 2365 215 2365 239 2366 245 2366 237 2366 241 2367 245 2367 239 2367 243 2368 245 2368 241 2368 37 2369 33 2369 34 2369 39 2370 33 2370 37 2370 41 2371 33 2371 39 2371 43 2372 33 2372 41 2372 105 2373 33 2373 79 2373 79 2374 33 2374 43 2374 245 2375 247 2375 215 2375 33 2376 306 2376 32 2376 105 2377 306 2377 33 2377 247 2378 251 2378 215 2378 248 2379 251 2379 247 2379 253 2380 259 2380 251 2380 254 2381 259 2381 253 2381 257 2382 259 2382 254 2382 300 2383 297 2383 298 2383 302 2384 297 2384 300 2384 304 2385 297 2385 302 2385 306 2386 297 2386 304 2386 297 2387 295 2387 296 2387 306 2388 295 2388 297 2388 189 2389 293 2389 146 2389 306 2390 293 2390 295 2390 105 2391 293 2391 306 2391 134 2392 293 2392 131 2392 215 2393 293 2393 189 2393 140 2394 293 2394 134 2394 131 2395 293 2395 112 2395 146 2396 293 2396 140 2396 112 2397 293 2397 105 2397 262 2398 267 2398 261 2398 265 2399 267 2399 262 2399 293 2400 289 2400 291 2400 261 2401 271 2401 259 2401 268 2402 271 2402 267 2402 267 2403 271 2403 261 2403 271 2404 273 2404 259 2404 289 2405 284 2405 286 2405 293 2406 284 2406 289 2406 259 2407 275 2407 251 2407 273 2408 275 2408 259 2408 293 2409 282 2409 284 2409 277 2410 278 2410 275 2410 282 2411 278 2411 281 2411 251 2412 278 2412 215 2412 215 2413 278 2413 293 2413 293 2414 278 2414 282 2414 275 2415 278 2415 251 2415 1222 2416 1223 2416 145 2416 151 2417 1224 2417 1222 2417 151 2418 1222 2418 145 2418 156 2419 1224 2419 151 2419 160 2420 1224 2420 156 2420 164 2421 1224 2421 160 2421 1225 2422 182 2422 186 2422 1225 2423 186 2423 190 2423 1225 2424 190 2424 194 2424 197 2425 1225 2425 194 2425 1225 2426 1224 2426 175 2426 175 2427 1224 2427 171 2427 171 2428 1224 2428 168 2428 168 2429 1224 2429 164 2429 1225 2430 175 2430 178 2430 1225 2431 178 2431 182 2431 1226 2432 1227 2432 192 2432 1225 2433 197 2433 1227 2433 1227 2434 197 2434 192 2434 1222 2435 1227 2435 1223 2435 1223 2436 1227 2436 1226 2436 1227 2437 1222 2437 1224 2437 1227 2438 1224 2438 1225 2438 1223 2439 149 2439 145 2439 1223 2440 153 2440 149 2440 1223 2441 157 2441 153 2441 1223 2442 161 2442 157 2442 1223 2443 165 2443 161 2443 1223 2444 169 2444 165 2444 169 2445 1226 2445 172 2445 172 2446 1226 2446 176 2446 1223 2447 1226 2447 169 2447 1226 2448 180 2448 176 2448 1226 2449 184 2449 180 2449 1226 2450 188 2450 184 2450 1226 2451 192 2451 188 2451</p>
        </triangles>
      </mesh>
    </geometry>
  </library_geometries>
  <library_materials>
    <material id="mat_Body002" name="Body002">
      <instance_effect url="#effect_Body002"/>
    </material>
  </library_materials>
  <library_visual_scenes>
    <visual_scene id="myscene">
      <node id="node0" name="node0">
        <instance_geometry url="#geometry0">
          <bind_material>
            <technique_common>
              <instance_material symbol="ref_Body002" target="#mat_Body002"/>
            </technique_common>
          </bind_material>
        </instance_geometry>
      </node>
    </visual_scene>
  </library_visual_scenes>
  <scene>
    <instance_visual_scene url="#myscene"/>
  </scene>
</COLLADA>
